{"window":{"start":"2022-05-07T12:01:00.000Z","end":"2022-05-07T12:02:00.000Z"},"country":"Switzerland","OPM":1,"Total_sales_vol":54.32999897003174,"rate_of_return":0.0}
{"window":{"start":"2022-05-06T05:55:00.000Z","end":"2022-05-06T05:56:00.000Z"},"country":"United Kingdom","OPM":5,"Total_sales_vol":148.77000319957733,"rate_of_return":0.2}
{"window":{"start":"2022-05-07T23:10:00.000Z","end":"2022-05-07T23:11:00.000Z"},"country":"France","OPM":1,"Total_sales_vol":3.3499999046325684,"rate_of_return":0.0}
{"window":{"start":"2022-05-08T07:34:00.000Z","end":"2022-05-08T07:35:00.000Z"},"country":"United Kingdom","OPM":4,"Total_sales_vol":216.50999248027802,"rate_of_return":0.0}
{"window":{"start":"2022-05-10T04:56:00.000Z","end":"2022-05-10T04:57:00.000Z"},"country":"United Kingdom","OPM":6,"Total_sales_vol":165.35999870300293,"rate_of_return":0.0}
{"window":{"start":"2022-05-07T11:16:00.000Z","end":"2022-05-07T11:17:00.000Z"},"country":"United Kingdom","OPM":10,"Total_sales_vol":742.7500007152557,"rate_of_return":0.0}
{"window":{"start":"2022-05-08T16:26:00.000Z","end":"2022-05-08T16:27:00.000Z"},"country":"France","OPM":1,"Total_sales_vol":131.98000049591064,"rate_of_return":0.0}
{"window":{"start":"2022-05-09T18:53:00.000Z","end":"2022-05-09T18:54:00.000Z"},"country":"United Kingdom","OPM":9,"Total_sales_vol":226.1300004720688,"rate_of_return":0.0}
{"window":{"start":"2022-05-07T01:00:00.000Z","end":"2022-05-07T01:01:00.000Z"},"country":"United Kingdom","OPM":6,"Total_sales_vol":529.1799945831299,"rate_of_return":0.0}
{"window":{"start":"2022-05-08T06:19:00.000Z","end":"2022-05-08T06:20:00.000Z"},"country":"Germany","OPM":1,"Total_sales_vol":59.51999855041504,"rate_of_return":0.0}
{"window":{"start":"2022-05-07T22:24:00.000Z","end":"2022-05-07T22:25:00.000Z"},"country":"United Kingdom","OPM":15,"Total_sales_vol":992.6399916112423,"rate_of_return":0.12698412698412698}
{"window":{"start":"2022-05-06T02:54:00.000Z","end":"2022-05-06T02:55:00.000Z"},"country":"France","OPM":1,"Total_sales_vol":31.97999858856201,"rate_of_return":0.0}
{"window":{"start":"2022-05-08T13:08:00.000Z","end":"2022-05-08T13:09:00.000Z"},"country":"United Kingdom","OPM":10,"Total_sales_vol":386.32999500632286,"rate_of_return":0.13333333333333333}
{"window":{"start":"2022-05-08T20:03:00.000Z","end":"2022-05-08T20:04:00.000Z"},"country":"United Kingdom","OPM":6,"Total_sales_vol":201.25000178813934,"rate_of_return":0.0}
{"window":{"start":"2022-05-08T10:05:00.000Z","end":"2022-05-08T10:06:00.000Z"},"country":"United Kingdom","OPM":7,"Total_sales_vol":-71.9500080049038,"rate_of_return":0.42857142857142855}
{"window":{"start":"2022-05-10T07:06:00.000Z","end":"2022-05-10T07:07:00.000Z"},"country":"France","OPM":1,"Total_sales_vol":145.15000104904175,"rate_of_return":0.0}
{"window":{"start":"2022-05-05T17:21:00.000Z","end":"2022-05-05T17:22:00.000Z"},"country":"Switzerland","OPM":1,"Total_sales_vol":19.40000009536743,"rate_of_return":0.0}
{"window":{"start":"2022-05-06T23:24:00.000Z","end":"2022-05-06T23:25:00.000Z"},"country":"Italy","OPM":1,"Total_sales_vol":16.600000381469727,"rate_of_return":0.0}
{"window":{"start":"2022-05-08T08:18:00.000Z","end":"2022-05-08T08:19:00.000Z"},"country":"United Kingdom","OPM":6,"Total_sales_vol":308.39999544620514,"rate_of_return":0.0}
{"window":{"start":"2022-05-07T05:43:00.000Z","end":"2022-05-07T05:44:00.000Z"},"country":"France","OPM":1,"Total_sales_vol":-137.57000148296356,"rate_of_return":1.0}
{"window":{"start":"2022-05-08T10:38:00.000Z","end":"2022-05-08T10:39:00.000Z"},"country":"United Kingdom","OPM":4,"Total_sales_vol":360.8800097703934,"rate_of_return":0.0}
{"window":{"start":"2022-05-10T10:06:00.000Z","end":"2022-05-10T10:07:00.000Z"},"country":"France","OPM":1,"Total_sales_vol":203.61999332904816,"rate_of_return":0.0}
{"window":{"start":"2022-05-07T04:02:00.000Z","end":"2022-05-07T04:03:00.000Z"},"country":"EIRE","OPM":1,"Total_sales_vol":0.38999998569488525,"rate_of_return":0.0}
{"window":{"start":"2022-05-08T10:24:00.000Z","end":"2022-05-08T10:25:00.000Z"},"country":"Germany","OPM":1,"Total_sales_vol":40.54999923706055,"rate_of_return":0.0}
{"window":{"start":"2022-05-09T22:51:00.000Z","end":"2022-05-09T22:52:00.000Z"},"country":"United Kingdom","OPM":9,"Total_sales_vol":1147.9899919331074,"rate_of_return":0.0}
{"window":{"start":"2022-05-08T21:32:00.000Z","end":"2022-05-08T21:33:00.000Z"},"country":"United Kingdom","OPM":16,"Total_sales_vol":1214.4800115823746,"rate_of_return":0.125}
{"window":{"start":"2022-05-06T04:17:00.000Z","end":"2022-05-06T04:18:00.000Z"},"country":"France","OPM":1,"Total_sales_vol":335.7700002193451,"rate_of_return":0.0}
{"window":{"start":"2022-05-06T06:13:00.000Z","end":"2022-05-06T06:14:00.000Z"},"country":"United Kingdom","OPM":9,"Total_sales_vol":344.8400037586689,"rate_of_return":0.14814814814814814}
{"window":{"start":"2022-05-08T08:17:00.000Z","end":"2022-05-08T08:18:00.000Z"},"country":"EIRE","OPM":1,"Total_sales_vol":31.40000009536743,"rate_of_return":0.0}
{"window":{"start":"2022-05-08T14:29:00.000Z","end":"2022-05-08T14:30:00.000Z"},"country":"United Kingdom","OPM":9,"Total_sales_vol":802.9799903035164,"rate_of_return":0.1111111111111111}
{"window":{"start":"2022-05-06T19:38:00.000Z","end":"2022-05-06T19:39:00.000Z"},"country":"United Kingdom","OPM":9,"Total_sales_vol":282.869998216629,"rate_of_return":0.0}
{"window":{"start":"2022-05-06T04:55:00.000Z","end":"2022-05-06T04:56:00.000Z"},"country":"United Kingdom","OPM":2,"Total_sales_vol":248.44999074935913,"rate_of_return":0.0}
{"window":{"start":"2022-05-06T19:53:00.000Z","end":"2022-05-06T19:54:00.000Z"},"country":"France","OPM":1,"Total_sales_vol":30.25,"rate_of_return":0.0}
{"window":{"start":"2022-05-07T09:26:00.000Z","end":"2022-05-07T09:27:00.000Z"},"country":"United Kingdom","OPM":6,"Total_sales_vol":160.52999699115753,"rate_of_return":0.0}
{"window":{"start":"2022-05-06T22:42:00.000Z","end":"2022-05-06T22:43:00.000Z"},"country":"France","OPM":2,"Total_sales_vol":102.78999984264374,"rate_of_return":0.0}
{"window":{"start":"2022-05-07T03:02:00.000Z","end":"2022-05-07T03:03:00.000Z"},"country":"Netherlands","OPM":1,"Total_sales_vol":45.180002212524414,"rate_of_return":0.0}
{"window":{"start":"2022-05-07T03:44:00.000Z","end":"2022-05-07T03:45:00.000Z"},"country":"France","OPM":1,"Total_sales_vol":58.139999866485596,"rate_of_return":0.0}
{"window":{"start":"2022-05-08T01:08:00.000Z","end":"2022-05-08T01:09:00.000Z"},"country":"United Kingdom","OPM":8,"Total_sales_vol":300.44000719487667,"rate_of_return":0.0}
{"window":{"start":"2022-05-06T17:26:00.000Z","end":"2022-05-06T17:27:00.000Z"},"country":"United Kingdom","OPM":9,"Total_sales_vol":693.8899967074394,"rate_of_return":0.0}
{"window":{"start":"2022-05-07T16:38:00.000Z","end":"2022-05-07T16:39:00.000Z"},"country":"United Kingdom","OPM":12,"Total_sales_vol":574.1299914121628,"rate_of_return":0.14583333333333334}
{"window":{"start":"2022-05-07T21:06:00.000Z","end":"2022-05-07T21:07:00.000Z"},"country":"United Kingdom","OPM":6,"Total_sales_vol":13.279998302459717,"rate_of_return":0.23529411764705882}
{"window":{"start":"2022-05-06T09:02:00.000Z","end":"2022-05-06T09:03:00.000Z"},"country":"United Kingdom","OPM":8,"Total_sales_vol":540.1400030255318,"rate_of_return":0.0}
{"window":{"start":"2022-05-06T19:03:00.000Z","end":"2022-05-06T19:04:00.000Z"},"country":"United Kingdom","OPM":13,"Total_sales_vol":708.1600049436092,"rate_of_return":0.21621621621621623}
{"window":{"start":"2022-05-07T10:05:00.000Z","end":"2022-05-07T10:06:00.000Z"},"country":"United Kingdom","OPM":9,"Total_sales_vol":570.5700097084045,"rate_of_return":0.16}
{"window":{"start":"2022-05-08T00:37:00.000Z","end":"2022-05-08T00:38:00.000Z"},"country":"Netherlands","OPM":1,"Total_sales_vol":56.40000081062317,"rate_of_return":0.0}
{"window":{"start":"2022-05-07T09:17:00.000Z","end":"2022-05-07T09:18:00.000Z"},"country":"EIRE","OPM":1,"Total_sales_vol":-19.049999952316284,"rate_of_return":1.0}
{"window":{"start":"2022-05-06T05:42:00.000Z","end":"2022-05-06T05:43:00.000Z"},"country":"United Kingdom","OPM":4,"Total_sales_vol":287.3799982070923,"rate_of_return":0.0}
{"window":{"start":"2022-05-09T20:05:00.000Z","end":"2022-05-09T20:06:00.000Z"},"country":"United Kingdom","OPM":10,"Total_sales_vol":226.85999596118927,"rate_of_return":0.13793103448275862}
{"window":{"start":"2022-05-09T22:04:00.000Z","end":"2022-05-09T22:05:00.000Z"},"country":"United Kingdom","OPM":14,"Total_sales_vol":980.6099998354912,"rate_of_return":0.04878048780487805}
{"window":{"start":"2022-05-06T20:52:00.000Z","end":"2022-05-06T20:53:00.000Z"},"country":"United Kingdom","OPM":15,"Total_sales_vol":1533.4599914252758,"rate_of_return":0.0}
{"window":{"start":"2022-05-06T04:56:00.000Z","end":"2022-05-06T04:57:00.000Z"},"country":"Germany","OPM":1,"Total_sales_vol":16.1599999666214,"rate_of_return":0.0}
{"window":{"start":"2022-05-10T07:02:00.000Z","end":"2022-05-10T07:03:00.000Z"},"country":"United Kingdom","OPM":11,"Total_sales_vol":21.319997906684875,"rate_of_return":0.38461538461538464}
{"window":{"start":"2022-05-05T18:20:00.000Z","end":"2022-05-05T18:21:00.000Z"},"country":"United Kingdom","OPM":10,"Total_sales_vol":429.1999958753586,"rate_of_return":0.0}
{"window":{"start":"2022-05-10T00:58:00.000Z","end":"2022-05-10T00:59:00.000Z"},"country":"United Kingdom","OPM":13,"Total_sales_vol":448.8999991416931,"rate_of_return":0.0}
{"window":{"start":"2022-05-09T05:20:00.000Z","end":"2022-05-09T05:21:00.000Z"},"country":"EIRE","OPM":1,"Total_sales_vol":10.200000762939453,"rate_of_return":0.0}
{"window":{"start":"2022-05-08T06:12:00.000Z","end":"2022-05-08T06:13:00.000Z"},"country":"Netherlands","OPM":1,"Total_sales_vol":22.359999775886536,"rate_of_return":0.0}
{"window":{"start":"2022-05-06T16:07:00.000Z","end":"2022-05-06T16:08:00.000Z"},"country":"Germany","OPM":1,"Total_sales_vol":18.249999523162842,"rate_of_return":0.0}
{"window":{"start":"2022-05-06T01:55:00.000Z","end":"2022-05-06T01:56:00.000Z"},"country":"EIRE","OPM":1,"Total_sales_vol":18.249999523162842,"rate_of_return":0.0}
{"window":{"start":"2022-05-06T13:23:00.000Z","end":"2022-05-06T13:24:00.000Z"},"country":"United Kingdom","OPM":8,"Total_sales_vol":427.8399926126003,"rate_of_return":0.1111111111111111}
{"window":{"start":"2022-05-08T10:15:00.000Z","end":"2022-05-08T10:16:00.000Z"},"country":"Sweden","OPM":1,"Total_sales_vol":103.43999767303467,"rate_of_return":0.0}
{"window":{"start":"2022-05-10T00:23:00.000Z","end":"2022-05-10T00:24:00.000Z"},"country":"Switzerland","OPM":1,"Total_sales_vol":-28.459999561309814,"rate_of_return":1.0}
{"window":{"start":"2022-05-08T19:49:00.000Z","end":"2022-05-08T19:50:00.000Z"},"country":"United Kingdom","OPM":3,"Total_sales_vol":1171.5800005197525,"rate_of_return":0.0}
{"window":{"start":"2022-05-06T09:14:00.000Z","end":"2022-05-06T09:15:00.000Z"},"country":"Netherlands","OPM":1,"Total_sales_vol":35.14999961853027,"rate_of_return":0.0}
