{"window":{"start":"2022-05-08T13:15:00.000Z","end":"2022-05-08T13:16:00.000Z"},"country":"EIRE","OPM":1,"Total_sales_vol":84.64999794960022,"rate_of_return":0.0}
{"window":{"start":"2022-05-09T20:27:00.000Z","end":"2022-05-09T20:28:00.000Z"},"country":"Spain","OPM":1,"Total_sales_vol":1.659999966621399,"rate_of_return":0.0}
{"window":{"start":"2022-05-09T02:32:00.000Z","end":"2022-05-09T02:33:00.000Z"},"country":"United Kingdom","OPM":13,"Total_sales_vol":556.499995470047,"rate_of_return":0.0}
{"window":{"start":"2022-05-08T08:10:00.000Z","end":"2022-05-08T08:11:00.000Z"},"country":"United Kingdom","OPM":5,"Total_sales_vol":165.46999549865723,"rate_of_return":0.0}
{"window":{"start":"2022-05-10T06:36:00.000Z","end":"2022-05-10T06:37:00.000Z"},"country":"Bahrain","OPM":1,"Total_sales_vol":6.25,"rate_of_return":0.0}
{"window":{"start":"2022-05-10T02:23:00.000Z","end":"2022-05-10T02:24:00.000Z"},"country":"Spain","OPM":1,"Total_sales_vol":10.199999809265137,"rate_of_return":0.0}
{"window":{"start":"2022-05-09T07:48:00.000Z","end":"2022-05-09T07:49:00.000Z"},"country":"United Kingdom","OPM":10,"Total_sales_vol":905.0199820101261,"rate_of_return":0.0}
{"window":{"start":"2022-05-09T14:35:00.000Z","end":"2022-05-09T14:36:00.000Z"},"country":"United Kingdom","OPM":9,"Total_sales_vol":367.69000390172005,"rate_of_return":0.0}
{"window":{"start":"2022-05-10T04:46:00.000Z","end":"2022-05-10T04:47:00.000Z"},"country":"EIRE","OPM":2,"Total_sales_vol":371.1099965572357,"rate_of_return":0.0}
{"window":{"start":"2022-05-09T10:45:00.000Z","end":"2022-05-09T10:46:00.000Z"},"country":"EIRE","OPM":1,"Total_sales_vol":324.0600037574768,"rate_of_return":0.0}
{"window":{"start":"2022-05-08T14:22:00.000Z","end":"2022-05-08T14:23:00.000Z"},"country":"EIRE","OPM":1,"Total_sales_vol":1.0099999904632568,"rate_of_return":0.0}
{"window":{"start":"2022-05-07T00:54:00.000Z","end":"2022-05-07T00:55:00.000Z"},"country":"Belgium","OPM":1,"Total_sales_vol":14.330000877380371,"rate_of_return":0.0}
{"window":{"start":"2022-05-07T06:11:00.000Z","end":"2022-05-07T06:12:00.000Z"},"country":"Italy","OPM":1,"Total_sales_vol":46.81999981403351,"rate_of_return":0.0}
{"window":{"start":"2022-05-09T08:09:00.000Z","end":"2022-05-09T08:10:00.000Z"},"country":"United Kingdom","OPM":11,"Total_sales_vol":596.1900032162666,"rate_of_return":0.08108108108108109}
{"window":{"start":"2022-05-09T17:44:00.000Z","end":"2022-05-09T17:45:00.000Z"},"country":"Channel Islands","OPM":1,"Total_sales_vol":18.30999994277954,"rate_of_return":0.0}
{"window":{"start":"2022-05-09T19:28:00.000Z","end":"2022-05-09T19:29:00.000Z"},"country":"France","OPM":2,"Total_sales_vol":42.249999314546585,"rate_of_return":0.0}
{"window":{"start":"2022-05-08T04:19:00.000Z","end":"2022-05-08T04:20:00.000Z"},"country":"France","OPM":1,"Total_sales_vol":122.98999500274658,"rate_of_return":0.0}
{"window":{"start":"2022-05-09T21:20:00.000Z","end":"2022-05-09T21:21:00.000Z"},"country":"United Kingdom","OPM":8,"Total_sales_vol":903.2799995541573,"rate_of_return":0.0}
{"window":{"start":"2022-05-08T13:26:00.000Z","end":"2022-05-08T13:27:00.000Z"},"country":"Netherlands","OPM":1,"Total_sales_vol":72.94999969005585,"rate_of_return":0.0}
{"window":{"start":"2022-05-06T01:11:00.000Z","end":"2022-05-06T01:12:00.000Z"},"country":"EIRE","OPM":1,"Total_sales_vol":188.14000177383423,"rate_of_return":0.0}
{"window":{"start":"2022-05-05T20:27:00.000Z","end":"2022-05-05T20:28:00.000Z"},"country":"United Kingdom","OPM":13,"Total_sales_vol":1428.700009226799,"rate_of_return":0.02857142857142857}
{"window":{"start":"2022-05-08T06:40:00.000Z","end":"2022-05-08T06:41:00.000Z"},"country":"Netherlands","OPM":1,"Total_sales_vol":12.569999694824219,"rate_of_return":0.0}
{"window":{"start":"2022-05-06T10:04:00.000Z","end":"2022-05-06T10:05:00.000Z"},"country":"United Kingdom","OPM":6,"Total_sales_vol":871.9300019443035,"rate_of_return":0.0}
{"window":{"start":"2022-05-08T07:28:00.000Z","end":"2022-05-08T07:29:00.000Z"},"country":"United Kingdom","OPM":8,"Total_sales_vol":588.9999974966049,"rate_of_return":0.0}
{"window":{"start":"2022-05-07T00:20:00.000Z","end":"2022-05-07T00:21:00.000Z"},"country":"France","OPM":1,"Total_sales_vol":154.68000292778015,"rate_of_return":0.0}
{"window":{"start":"2022-05-07T05:18:00.000Z","end":"2022-05-07T05:19:00.000Z"},"country":"United Kingdom","OPM":11,"Total_sales_vol":425.04999017715454,"rate_of_return":0.0}
{"window":{"start":"2022-05-08T23:36:00.000Z","end":"2022-05-08T23:37:00.000Z"},"country":"Poland","OPM":1,"Total_sales_vol":129.93000429868698,"rate_of_return":0.0}
{"window":{"start":"2022-05-10T10:05:00.000Z","end":"2022-05-10T10:06:00.000Z"},"country":"United Kingdom","OPM":12,"Total_sales_vol":1203.6100057661533,"rate_of_return":0.0975609756097561}
{"window":{"start":"2022-05-08T06:10:00.000Z","end":"2022-05-08T06:11:00.000Z"},"country":"Netherlands","OPM":1,"Total_sales_vol":5.009999990463257,"rate_of_return":0.0}
{"window":{"start":"2022-05-10T05:29:00.000Z","end":"2022-05-10T05:30:00.000Z"},"country":"EIRE","OPM":1,"Total_sales_vol":103.93000054359436,"rate_of_return":0.0}
{"window":{"start":"2022-05-06T02:03:00.000Z","end":"2022-05-06T02:04:00.000Z"},"country":"United Kingdom","OPM":8,"Total_sales_vol":208.2300005555153,"rate_of_return":0.0}
{"window":{"start":"2022-05-10T12:46:00.000Z","end":"2022-05-10T12:47:00.000Z"},"country":"Singapore","OPM":1,"Total_sales_vol":35.98000133037567,"rate_of_return":0.0}
{"window":{"start":"2022-05-06T17:40:00.000Z","end":"2022-05-06T17:41:00.000Z"},"country":"United Kingdom","OPM":10,"Total_sales_vol":1099.4599959850311,"rate_of_return":0.0}
{"window":{"start":"2022-05-05T23:31:00.000Z","end":"2022-05-05T23:32:00.000Z"},"country":"United Kingdom","OPM":8,"Total_sales_vol":424.3899989724159,"rate_of_return":0.0}
{"window":{"start":"2022-05-08T23:53:00.000Z","end":"2022-05-08T23:54:00.000Z"},"country":"United Kingdom","OPM":6,"Total_sales_vol":395.3800043463707,"rate_of_return":0.0}
{"window":{"start":"2022-05-09T05:57:00.000Z","end":"2022-05-09T05:58:00.000Z"},"country":"United Kingdom","OPM":9,"Total_sales_vol":628.2999938130379,"rate_of_return":0.0}
{"window":{"start":"2022-05-07T02:02:00.000Z","end":"2022-05-07T02:03:00.000Z"},"country":"United Kingdom","OPM":12,"Total_sales_vol":636.4800097942352,"rate_of_return":0.07894736842105263}
{"window":{"start":"2022-05-07T12:55:00.000Z","end":"2022-05-07T12:56:00.000Z"},"country":"Belgium","OPM":1,"Total_sales_vol":121.72999858856201,"rate_of_return":0.0}
{"window":{"start":"2022-05-05T17:40:00.000Z","end":"2022-05-05T17:41:00.000Z"},"country":"EIRE","OPM":1,"Total_sales_vol":28.59999942779541,"rate_of_return":0.0}
{"window":{"start":"2022-05-06T19:52:00.000Z","end":"2022-05-06T19:53:00.000Z"},"country":"France","OPM":1,"Total_sales_vol":23.119999706745148,"rate_of_return":0.0}
{"window":{"start":"2022-05-07T22:55:00.000Z","end":"2022-05-07T22:56:00.000Z"},"country":"United Kingdom","OPM":9,"Total_sales_vol":768.4099978208542,"rate_of_return":0.0}
{"window":{"start":"2022-05-08T09:22:00.000Z","end":"2022-05-08T09:23:00.000Z"},"country":"France","OPM":2,"Total_sales_vol":90.79999899864197,"rate_of_return":0.0}
{"window":{"start":"2022-05-09T00:14:00.000Z","end":"2022-05-09T00:15:00.000Z"},"country":"Netherlands","OPM":1,"Total_sales_vol":35.59999895095825,"rate_of_return":0.0}
{"window":{"start":"2022-05-10T06:20:00.000Z","end":"2022-05-10T06:21:00.000Z"},"country":"Israel","OPM":1,"Total_sales_vol":52.85999894142151,"rate_of_return":0.0}
{"window":{"start":"2022-05-09T18:06:00.000Z","end":"2022-05-09T18:07:00.000Z"},"country":"United Kingdom","OPM":9,"Total_sales_vol":-72.87000223994255,"rate_of_return":0.4864864864864865}
{"window":{"start":"2022-05-10T08:06:00.000Z","end":"2022-05-10T08:07:00.000Z"},"country":"United Kingdom","OPM":9,"Total_sales_vol":163.3800130188465,"rate_of_return":0.13043478260869565}
{"window":{"start":"2022-05-09T08:38:00.000Z","end":"2022-05-09T08:39:00.000Z"},"country":"Portugal","OPM":1,"Total_sales_vol":103.55999958515167,"rate_of_return":0.0}
{"window":{"start":"2022-05-06T08:27:00.000Z","end":"2022-05-06T08:28:00.000Z"},"country":"United Kingdom","OPM":5,"Total_sales_vol":145.62000119686127,"rate_of_return":0.0}
{"window":{"start":"2022-05-07T20:17:00.000Z","end":"2022-05-07T20:18:00.000Z"},"country":"Cyprus","OPM":1,"Total_sales_vol":530.9999687671661,"rate_of_return":0.0}
{"window":{"start":"2022-05-09T16:09:00.000Z","end":"2022-05-09T16:10:00.000Z"},"country":"France","OPM":1,"Total_sales_vol":15.25,"rate_of_return":0.0}
{"window":{"start":"2022-05-09T16:47:00.000Z","end":"2022-05-09T16:48:00.000Z"},"country":"United Kingdom","OPM":16,"Total_sales_vol":1875.4400081038475,"rate_of_return":0.0}
{"window":{"start":"2022-05-08T16:04:00.000Z","end":"2022-05-08T16:05:00.000Z"},"country":"France","OPM":1,"Total_sales_vol":17.039999961853027,"rate_of_return":0.0}
{"window":{"start":"2022-05-05T20:22:00.000Z","end":"2022-05-05T20:23:00.000Z"},"country":"France","OPM":2,"Total_sales_vol":-5.150000214576721,"rate_of_return":0.3333333333333333}
{"window":{"start":"2022-05-10T02:35:00.000Z","end":"2022-05-10T02:36:00.000Z"},"country":"United Kingdom","OPM":6,"Total_sales_vol":469.7400013208389,"rate_of_return":0.0}
{"window":{"start":"2022-05-08T13:58:00.000Z","end":"2022-05-08T13:59:00.000Z"},"country":"Denmark","OPM":1,"Total_sales_vol":64.97999954223633,"rate_of_return":0.0}
{"window":{"start":"2022-05-07T14:48:00.000Z","end":"2022-05-07T14:49:00.000Z"},"country":"Japan","OPM":1,"Total_sales_vol":31.25,"rate_of_return":0.0}
{"window":{"start":"2022-05-08T23:41:00.000Z","end":"2022-05-08T23:42:00.000Z"},"country":"France","OPM":1,"Total_sales_vol":53.83999824523926,"rate_of_return":0.0}
{"window":{"start":"2022-05-07T08:26:00.000Z","end":"2022-05-07T08:27:00.000Z"},"country":"United Kingdom","OPM":10,"Total_sales_vol":1304.6900136470795,"rate_of_return":0.046511627906976744}
{"window":{"start":"2022-05-08T12:36:00.000Z","end":"2022-05-08T12:37:00.000Z"},"country":"Netherlands","OPM":1,"Total_sales_vol":-12.399999856948853,"rate_of_return":1.0}
{"window":{"start":"2022-05-08T13:08:00.000Z","end":"2022-05-08T13:09:00.000Z"},"country":"Malta","OPM":1,"Total_sales_vol":19.25,"rate_of_return":0.0}
{"window":{"start":"2022-05-06T01:44:00.000Z","end":"2022-05-06T01:45:00.000Z"},"country":"United Kingdom","OPM":15,"Total_sales_vol":845.3699879944324,"rate_of_return":0.07692307692307693}
{"window":{"start":"2022-05-09T07:34:00.000Z","end":"2022-05-09T07:35:00.000Z"},"country":"Brazil","OPM":1,"Total_sales_vol":4.900000095367432,"rate_of_return":0.0}
{"window":{"start":"2022-05-05T20:54:00.000Z","end":"2022-05-05T20:55:00.000Z"},"country":"United Kingdom","OPM":8,"Total_sales_vol":291.47999715805054,"rate_of_return":0.0}
{"window":{"start":"2022-05-09T23:14:00.000Z","end":"2022-05-09T23:15:00.000Z"},"country":"United Kingdom","OPM":9,"Total_sales_vol":926.5599947273731,"rate_of_return":0.0}
{"window":{"start":"2022-05-06T13:54:00.000Z","end":"2022-05-06T13:55:00.000Z"},"country":"France","OPM":1,"Total_sales_vol":4.159999847412109,"rate_of_return":0.0}
{"window":{"start":"2022-05-09T15:49:00.000Z","end":"2022-05-09T15:50:00.000Z"},"country":"Germany","OPM":1,"Total_sales_vol":4.920000076293945,"rate_of_return":0.0}
{"window":{"start":"2022-05-10T11:49:00.000Z","end":"2022-05-10T11:50:00.000Z"},"country":"United Kingdom","OPM":11,"Total_sales_vol":857.9299789369106,"rate_of_return":0.12903225806451613}
{"window":{"start":"2022-05-06T00:55:00.000Z","end":"2022-05-06T00:56:00.000Z"},"country":"EIRE","OPM":1,"Total_sales_vol":-80.67999941110611,"rate_of_return":1.0}
{"window":{"start":"2022-05-06T01:53:00.000Z","end":"2022-05-06T01:54:00.000Z"},"country":"United Kingdom","OPM":11,"Total_sales_vol":123.42999738454819,"rate_of_return":0.08571428571428572}
{"window":{"start":"2022-05-07T15:13:00.000Z","end":"2022-05-07T15:14:00.000Z"},"country":"EIRE","OPM":1,"Total_sales_vol":104.16999822854996,"rate_of_return":0.0}
{"window":{"start":"2022-05-08T17:59:00.000Z","end":"2022-05-08T18:00:00.000Z"},"country":"United Kingdom","OPM":10,"Total_sales_vol":784.2400014996529,"rate_of_return":0.0}
{"window":{"start":"2022-05-06T17:29:00.000Z","end":"2022-05-06T17:30:00.000Z"},"country":"Spain","OPM":1,"Total_sales_vol":20.02999973297119,"rate_of_return":0.0}
{"window":{"start":"2022-05-07T03:59:00.000Z","end":"2022-05-07T04:00:00.000Z"},"country":"France","OPM":1,"Total_sales_vol":6.229999899864197,"rate_of_return":0.0}
{"window":{"start":"2022-05-07T04:57:00.000Z","end":"2022-05-07T04:58:00.000Z"},"country":"United Kingdom","OPM":9,"Total_sales_vol":735.6900006532669,"rate_of_return":0.0}
{"window":{"start":"2022-05-10T13:29:00.000Z","end":"2022-05-10T13:30:00.000Z"},"country":"United Kingdom","OPM":7,"Total_sales_vol":586.7099925875664,"rate_of_return":0.06060606060606061}
