{"window":{"start":"2022-05-08T10:00:00.000Z","end":"2022-05-08T10:01:00.000Z"},"country":"France","OPM":1,"Total_sales_vol":78.7900002002716,"rate_of_return":0.0}
{"window":{"start":"2022-05-10T10:12:00.000Z","end":"2022-05-10T10:13:00.000Z"},"country":"United Kingdom","OPM":13,"Total_sales_vol":330.2799974679947,"rate_of_return":0.14583333333333334}
{"window":{"start":"2022-05-06T06:28:00.000Z","end":"2022-05-06T06:29:00.000Z"},"country":"United Kingdom","OPM":11,"Total_sales_vol":181.06000062823296,"rate_of_return":0.15384615384615385}
{"window":{"start":"2022-05-10T00:14:00.000Z","end":"2022-05-10T00:15:00.000Z"},"country":"Cyprus","OPM":1,"Total_sales_vol":-11.579999923706055,"rate_of_return":1.0}
{"window":{"start":"2022-05-06T08:32:00.000Z","end":"2022-05-06T08:33:00.000Z"},"country":"EIRE","OPM":1,"Total_sales_vol":3.9000000953674316,"rate_of_return":0.0}
{"window":{"start":"2022-05-06T21:56:00.000Z","end":"2022-05-06T21:57:00.000Z"},"country":"Channel Islands","OPM":1,"Total_sales_vol":189.88000011444092,"rate_of_return":0.0}
{"window":{"start":"2022-05-06T23:23:00.000Z","end":"2022-05-06T23:24:00.000Z"},"country":"Spain","OPM":1,"Total_sales_vol":15.0,"rate_of_return":0.0}
{"window":{"start":"2022-05-07T13:38:00.000Z","end":"2022-05-07T13:39:00.000Z"},"country":"EIRE","OPM":2,"Total_sales_vol":93.19000029563904,"rate_of_return":0.0}
{"window":{"start":"2022-05-08T07:41:00.000Z","end":"2022-05-08T07:42:00.000Z"},"country":"United Kingdom","OPM":9,"Total_sales_vol":980.8400021791458,"rate_of_return":0.041666666666666664}
{"window":{"start":"2022-05-10T07:20:00.000Z","end":"2022-05-10T07:21:00.000Z"},"country":"United Kingdom","OPM":8,"Total_sales_vol":781.1799857914448,"rate_of_return":0.15384615384615385}
{"window":{"start":"2022-05-08T19:05:00.000Z","end":"2022-05-08T19:06:00.000Z"},"country":"United Kingdom","OPM":10,"Total_sales_vol":846.6500074267387,"rate_of_return":0.0}
{"window":{"start":"2022-05-09T23:51:00.000Z","end":"2022-05-09T23:52:00.000Z"},"country":"United Kingdom","OPM":10,"Total_sales_vol":-93.02996069192886,"rate_of_return":0.1111111111111111}
{"window":{"start":"2022-05-05T23:07:00.000Z","end":"2022-05-05T23:08:00.000Z"},"country":"United Kingdom","OPM":7,"Total_sales_vol":885.6900132894516,"rate_of_return":0.0}
{"window":{"start":"2022-05-07T06:45:00.000Z","end":"2022-05-07T06:46:00.000Z"},"country":"United Kingdom","OPM":7,"Total_sales_vol":281.4199975132942,"rate_of_return":0.0}
{"window":{"start":"2022-05-09T01:50:00.000Z","end":"2022-05-09T01:51:00.000Z"},"country":"Belgium","OPM":1,"Total_sales_vol":29.62000036239624,"rate_of_return":0.0}
{"window":{"start":"2022-05-09T06:53:00.000Z","end":"2022-05-09T06:54:00.000Z"},"country":"Germany","OPM":1,"Total_sales_vol":32.7599995136261,"rate_of_return":0.0}
{"window":{"start":"2022-05-10T08:30:00.000Z","end":"2022-05-10T08:31:00.000Z"},"country":"United Kingdom","OPM":4,"Total_sales_vol":376.59001088142395,"rate_of_return":0.0}
{"window":{"start":"2022-05-06T08:42:00.000Z","end":"2022-05-06T08:43:00.000Z"},"country":"United Kingdom","OPM":13,"Total_sales_vol":655.0599914193153,"rate_of_return":0.0}
{"window":{"start":"2022-05-10T10:46:00.000Z","end":"2022-05-10T10:47:00.000Z"},"country":"Netherlands","OPM":1,"Total_sales_vol":27.749999284744263,"rate_of_return":0.0}
{"window":{"start":"2022-05-09T11:15:00.000Z","end":"2022-05-09T11:16:00.000Z"},"country":"France","OPM":1,"Total_sales_vol":755.2099761962891,"rate_of_return":0.0}
{"window":{"start":"2022-05-10T07:37:00.000Z","end":"2022-05-10T07:38:00.000Z"},"country":"France","OPM":1,"Total_sales_vol":51.40000295639038,"rate_of_return":0.0}
{"window":{"start":"2022-05-10T08:27:00.000Z","end":"2022-05-10T08:28:00.000Z"},"country":"Norway","OPM":1,"Total_sales_vol":7.199999809265137,"rate_of_return":0.0}
{"window":{"start":"2022-05-08T13:00:00.000Z","end":"2022-05-08T13:01:00.000Z"},"country":"Switzerland","OPM":1,"Total_sales_vol":18.970000743865967,"rate_of_return":0.0}
{"window":{"start":"2022-05-06T08:52:00.000Z","end":"2022-05-06T08:53:00.000Z"},"country":"Belgium","OPM":1,"Total_sales_vol":18.010000228881836,"rate_of_return":0.0}
{"window":{"start":"2022-05-08T08:37:00.000Z","end":"2022-05-08T08:38:00.000Z"},"country":"United Kingdom","OPM":14,"Total_sales_vol":1194.6799980401993,"rate_of_return":0.041666666666666664}
{"window":{"start":"2022-05-07T19:00:00.000Z","end":"2022-05-07T19:01:00.000Z"},"country":"Germany","OPM":1,"Total_sales_vol":3.299999952316284,"rate_of_return":0.0}
{"window":{"start":"2022-05-06T10:42:00.000Z","end":"2022-05-06T10:43:00.000Z"},"country":"United Kingdom","OPM":8,"Total_sales_vol":351.28999865055084,"rate_of_return":0.0}
{"window":{"start":"2022-05-07T15:45:00.000Z","end":"2022-05-07T15:46:00.000Z"},"country":"Finland","OPM":1,"Total_sales_vol":2.5,"rate_of_return":0.0}
{"window":{"start":"2022-05-08T01:32:00.000Z","end":"2022-05-08T01:33:00.000Z"},"country":"EIRE","OPM":1,"Total_sales_vol":40.27000045776367,"rate_of_return":0.0}
{"window":{"start":"2022-05-08T11:17:00.000Z","end":"2022-05-08T11:18:00.000Z"},"country":"United Kingdom","OPM":10,"Total_sales_vol":679.7499960064888,"rate_of_return":0.08823529411764706}
{"window":{"start":"2022-05-08T06:55:00.000Z","end":"2022-05-08T06:56:00.000Z"},"country":"United Kingdom","OPM":10,"Total_sales_vol":377.44999998807907,"rate_of_return":0.0}
{"window":{"start":"2022-05-06T03:47:00.000Z","end":"2022-05-06T03:48:00.000Z"},"country":"Australia","OPM":1,"Total_sales_vol":48.19000053405762,"rate_of_return":0.0}
{"window":{"start":"2022-05-06T23:43:00.000Z","end":"2022-05-06T23:44:00.000Z"},"country":"United Kingdom","OPM":8,"Total_sales_vol":251.45000126957893,"rate_of_return":0.0}
{"window":{"start":"2022-05-06T07:56:00.000Z","end":"2022-05-06T07:57:00.000Z"},"country":"United Kingdom","OPM":5,"Total_sales_vol":410.18998897075653,"rate_of_return":0.0}
{"window":{"start":"2022-05-09T17:03:00.000Z","end":"2022-05-09T17:04:00.000Z"},"country":"United Kingdom","OPM":15,"Total_sales_vol":1147.7399883270264,"rate_of_return":0.0}
{"window":{"start":"2022-05-07T01:38:00.000Z","end":"2022-05-07T01:39:00.000Z"},"country":"United Kingdom","OPM":6,"Total_sales_vol":271.72000426054,"rate_of_return":0.0}
{"window":{"start":"2022-05-09T17:54:00.000Z","end":"2022-05-09T17:55:00.000Z"},"country":"Switzerland","OPM":1,"Total_sales_vol":2.0899999737739563,"rate_of_return":0.0}
{"window":{"start":"2022-05-05T22:21:00.000Z","end":"2022-05-05T22:22:00.000Z"},"country":"EIRE","OPM":1,"Total_sales_vol":16.170000076293945,"rate_of_return":0.0}
{"window":{"start":"2022-05-06T09:28:00.000Z","end":"2022-05-06T09:29:00.000Z"},"country":"United Kingdom","OPM":11,"Total_sales_vol":813.4399604797363,"rate_of_return":0.12121212121212122}
{"window":{"start":"2022-05-09T05:25:00.000Z","end":"2022-05-09T05:26:00.000Z"},"country":"United Kingdom","OPM":8,"Total_sales_vol":447.2799925804138,"rate_of_return":0.0}
{"window":{"start":"2022-05-06T11:42:00.000Z","end":"2022-05-06T11:43:00.000Z"},"country":"United Kingdom","OPM":7,"Total_sales_vol":129.1600022315979,"rate_of_return":0.17391304347826086}
{"window":{"start":"2022-05-09T03:00:00.000Z","end":"2022-05-09T03:01:00.000Z"},"country":"Australia","OPM":1,"Total_sales_vol":7.049999952316284,"rate_of_return":0.0}
{"window":{"start":"2022-05-08T23:37:00.000Z","end":"2022-05-08T23:38:00.000Z"},"country":"United Kingdom","OPM":6,"Total_sales_vol":391.15999072790146,"rate_of_return":0.3103448275862069}
{"window":{"start":"2022-05-08T03:07:00.000Z","end":"2022-05-08T03:08:00.000Z"},"country":"United Kingdom","OPM":11,"Total_sales_vol":1500.6200026273727,"rate_of_return":0.06}
{"window":{"start":"2022-05-09T17:48:00.000Z","end":"2022-05-09T17:49:00.000Z"},"country":"France","OPM":1,"Total_sales_vol":164.36000061035156,"rate_of_return":0.0}
{"window":{"start":"2022-05-06T15:43:00.000Z","end":"2022-05-06T15:44:00.000Z"},"country":"United Kingdom","OPM":6,"Total_sales_vol":348.79000186920166,"rate_of_return":0.0}
{"window":{"start":"2022-05-09T18:17:00.000Z","end":"2022-05-09T18:18:00.000Z"},"country":"United Kingdom","OPM":4,"Total_sales_vol":129.25000095367432,"rate_of_return":0.0}
{"window":{"start":"2022-05-08T19:57:00.000Z","end":"2022-05-08T19:58:00.000Z"},"country":"Germany","OPM":1,"Total_sales_vol":43.89999961853027,"rate_of_return":0.0}
{"window":{"start":"2022-05-08T14:40:00.000Z","end":"2022-05-08T14:41:00.000Z"},"country":"United Kingdom","OPM":8,"Total_sales_vol":697.2699897587299,"rate_of_return":0.0}
{"window":{"start":"2022-05-08T18:24:00.000Z","end":"2022-05-08T18:25:00.000Z"},"country":"United Kingdom","OPM":14,"Total_sales_vol":815.4499988555908,"rate_of_return":0.0}
{"window":{"start":"2022-05-08T21:03:00.000Z","end":"2022-05-08T21:04:00.000Z"},"country":"United Kingdom","OPM":7,"Total_sales_vol":269.3899989128113,"rate_of_return":0.0}
{"window":{"start":"2022-05-06T10:24:00.000Z","end":"2022-05-06T10:25:00.000Z"},"country":"United Kingdom","OPM":9,"Total_sales_vol":140.10999751091003,"rate_of_return":0.0}
{"window":{"start":"2022-05-07T08:01:00.000Z","end":"2022-05-07T08:02:00.000Z"},"country":"United Kingdom","OPM":13,"Total_sales_vol":943.7200086712837,"rate_of_return":0.0}
{"window":{"start":"2022-05-07T12:22:00.000Z","end":"2022-05-07T12:23:00.000Z"},"country":"Italy","OPM":1,"Total_sales_vol":60.4399995803833,"rate_of_return":0.0}
{"window":{"start":"2022-05-08T21:20:00.000Z","end":"2022-05-08T21:21:00.000Z"},"country":"United Kingdom","OPM":10,"Total_sales_vol":469.89998865127563,"rate_of_return":0.0}
{"window":{"start":"2022-05-06T19:22:00.000Z","end":"2022-05-06T19:23:00.000Z"},"country":"Australia","OPM":1,"Total_sales_vol":590.4100167751312,"rate_of_return":0.0}
{"window":{"start":"2022-05-10T11:09:00.000Z","end":"2022-05-10T11:10:00.000Z"},"country":"Germany","OPM":1,"Total_sales_vol":37.19999885559082,"rate_of_return":0.0}
{"window":{"start":"2022-05-08T08:21:00.000Z","end":"2022-05-08T08:22:00.000Z"},"country":"United Kingdom","OPM":9,"Total_sales_vol":328.8299962580204,"rate_of_return":0.0}
{"window":{"start":"2022-05-09T00:17:00.000Z","end":"2022-05-09T00:18:00.000Z"},"country":"United Kingdom","OPM":5,"Total_sales_vol":211.06000062823296,"rate_of_return":0.0}
{"window":{"start":"2022-05-05T23:06:00.000Z","end":"2022-05-05T23:07:00.000Z"},"country":"Germany","OPM":1,"Total_sales_vol":4.199999809265137,"rate_of_return":0.0}
{"window":{"start":"2022-05-09T01:00:00.000Z","end":"2022-05-09T01:01:00.000Z"},"country":"EIRE","OPM":1,"Total_sales_vol":83.29000186920166,"rate_of_return":0.0}
