{"window":{"start":"2022-05-06T05:26:00.000Z","end":"2022-05-06T05:27:00.000Z"},"country":"France","OPM":1,"Total_sales_vol":30.15999960899353,"rate_of_return":0.0}
{"window":{"start":"2022-05-08T17:25:00.000Z","end":"2022-05-08T17:26:00.000Z"},"country":"United Kingdom","OPM":14,"Total_sales_vol":371.02999609708786,"rate_of_return":0.02857142857142857}
{"window":{"start":"2022-05-08T11:22:00.000Z","end":"2022-05-08T11:23:00.000Z"},"country":"Unspecified","OPM":1,"Total_sales_vol":6.0,"rate_of_return":0.0}
{"window":{"start":"2022-05-08T03:07:00.000Z","end":"2022-05-08T03:08:00.000Z"},"country":"EIRE","OPM":1,"Total_sales_vol":38.90000021457672,"rate_of_return":0.0}
{"window":{"start":"2022-05-07T20:01:00.000Z","end":"2022-05-07T20:02:00.000Z"},"country":"United Kingdom","OPM":8,"Total_sales_vol":181.0399980545044,"rate_of_return":0.0}
{"window":{"start":"2022-05-09T03:30:00.000Z","end":"2022-05-09T03:31:00.000Z"},"country":"United Kingdom","OPM":10,"Total_sales_vol":492.6099917292595,"rate_of_return":0.0}
{"window":{"start":"2022-05-08T03:57:00.000Z","end":"2022-05-08T03:58:00.000Z"},"country":"United Kingdom","OPM":4,"Total_sales_vol":259.0199992656708,"rate_of_return":0.0}
{"window":{"start":"2022-05-07T00:29:00.000Z","end":"2022-05-07T00:30:00.000Z"},"country":"United Kingdom","OPM":9,"Total_sales_vol":388.3400002717972,"rate_of_return":0.10344827586206896}
{"window":{"start":"2022-05-07T22:16:00.000Z","end":"2022-05-07T22:17:00.000Z"},"country":"United Kingdom","OPM":8,"Total_sales_vol":361.239993929863,"rate_of_return":0.0}
{"window":{"start":"2022-05-07T03:48:00.000Z","end":"2022-05-07T03:49:00.000Z"},"country":"France","OPM":1,"Total_sales_vol":134.70999693870544,"rate_of_return":0.0}
{"window":{"start":"2022-05-06T00:38:00.000Z","end":"2022-05-06T00:39:00.000Z"},"country":"EIRE","OPM":1,"Total_sales_vol":109.36000001430511,"rate_of_return":0.0}
{"window":{"start":"2022-05-07T10:53:00.000Z","end":"2022-05-07T10:54:00.000Z"},"country":"United Kingdom","OPM":11,"Total_sales_vol":1160.44999396801,"rate_of_return":0.043478260869565216}
{"window":{"start":"2022-05-10T10:25:00.000Z","end":"2022-05-10T10:26:00.000Z"},"country":"United Kingdom","OPM":13,"Total_sales_vol":769.429990530014,"rate_of_return":0.0}
{"window":{"start":"2022-05-06T21:03:00.000Z","end":"2022-05-06T21:04:00.000Z"},"country":"EIRE","OPM":2,"Total_sales_vol":318.46999755501747,"rate_of_return":0.0}
{"window":{"start":"2022-05-07T21:04:00.000Z","end":"2022-05-07T21:05:00.000Z"},"country":"Israel","OPM":1,"Total_sales_vol":40.80000305175781,"rate_of_return":0.0}
{"window":{"start":"2022-05-06T10:05:00.000Z","end":"2022-05-06T10:06:00.000Z"},"country":"United Kingdom","OPM":9,"Total_sales_vol":516.8099927604198,"rate_of_return":0.0}
{"window":{"start":"2022-05-07T07:08:00.000Z","end":"2022-05-07T07:09:00.000Z"},"country":"Austria","OPM":1,"Total_sales_vol":40.97000056505203,"rate_of_return":0.0}
{"window":{"start":"2022-05-07T07:51:00.000Z","end":"2022-05-07T07:52:00.000Z"},"country":"United Kingdom","OPM":12,"Total_sales_vol":518.20000308007,"rate_of_return":0.0}
{"window":{"start":"2022-05-05T22:14:00.000Z","end":"2022-05-05T22:15:00.000Z"},"country":"EIRE","OPM":1,"Total_sales_vol":91.97999918460846,"rate_of_return":0.0}
{"window":{"start":"2022-05-09T03:08:00.000Z","end":"2022-05-09T03:09:00.000Z"},"country":"United Kingdom","OPM":6,"Total_sales_vol":178.2900035381317,"rate_of_return":0.13333333333333333}
{"window":{"start":"2022-05-10T01:42:00.000Z","end":"2022-05-10T01:43:00.000Z"},"country":"EIRE","OPM":3,"Total_sales_vol":79.61999702453613,"rate_of_return":0.0}
{"window":{"start":"2022-05-07T23:02:00.000Z","end":"2022-05-07T23:03:00.000Z"},"country":"Switzerland","OPM":1,"Total_sales_vol":429.02999997138977,"rate_of_return":0.0}
{"window":{"start":"2022-05-09T07:20:00.000Z","end":"2022-05-09T07:21:00.000Z"},"country":"United Kingdom","OPM":6,"Total_sales_vol":143.66999807953835,"rate_of_return":0.05555555555555555}
{"window":{"start":"2022-05-06T22:13:00.000Z","end":"2022-05-06T22:14:00.000Z"},"country":"USA","OPM":1,"Total_sales_vol":117.88999938964844,"rate_of_return":0.0}
{"window":{"start":"2022-05-08T21:22:00.000Z","end":"2022-05-08T21:23:00.000Z"},"country":"United Kingdom","OPM":9,"Total_sales_vol":1074.6699957847595,"rate_of_return":0.0}
{"window":{"start":"2022-05-09T18:33:00.000Z","end":"2022-05-09T18:34:00.000Z"},"country":"Unspecified","OPM":1,"Total_sales_vol":19.739999771118164,"rate_of_return":0.0}
{"window":{"start":"2022-05-06T19:11:00.000Z","end":"2022-05-06T19:12:00.000Z"},"country":"Germany","OPM":1,"Total_sales_vol":15.399999618530273,"rate_of_return":0.0}
{"window":{"start":"2022-05-09T01:02:00.000Z","end":"2022-05-09T01:03:00.000Z"},"country":"United Kingdom","OPM":10,"Total_sales_vol":189.6699974834919,"rate_of_return":0.4}
{"window":{"start":"2022-05-09T10:41:00.000Z","end":"2022-05-09T10:42:00.000Z"},"country":"United Kingdom","OPM":11,"Total_sales_vol":528.539998292923,"rate_of_return":0.07142857142857142}
{"window":{"start":"2022-05-06T17:54:00.000Z","end":"2022-05-06T17:55:00.000Z"},"country":"United Kingdom","OPM":10,"Total_sales_vol":262.36000269651413,"rate_of_return":0.0}
{"window":{"start":"2022-05-10T02:02:00.000Z","end":"2022-05-10T02:03:00.000Z"},"country":"United Kingdom","OPM":8,"Total_sales_vol":517.230012089014,"rate_of_return":0.0}
{"window":{"start":"2022-05-06T13:56:00.000Z","end":"2022-05-06T13:57:00.000Z"},"country":"United Kingdom","OPM":6,"Total_sales_vol":22.229999899864197,"rate_of_return":0.14285714285714285}
{"window":{"start":"2022-05-09T11:41:00.000Z","end":"2022-05-09T11:42:00.000Z"},"country":"United Kingdom","OPM":7,"Total_sales_vol":163.95000231266022,"rate_of_return":0.0}
{"window":{"start":"2022-05-09T18:50:00.000Z","end":"2022-05-09T18:51:00.000Z"},"country":"Germany","OPM":1,"Total_sales_vol":3.75,"rate_of_return":0.0}
{"window":{"start":"2022-05-08T03:06:00.000Z","end":"2022-05-08T03:07:00.000Z"},"country":"United Kingdom","OPM":14,"Total_sales_vol":237.99999904632568,"rate_of_return":0.15625}
{"window":{"start":"2022-05-08T02:56:00.000Z","end":"2022-05-08T02:57:00.000Z"},"country":"United Kingdom","OPM":17,"Total_sales_vol":677.5899922847748,"rate_of_return":0.017543859649122806}
{"window":{"start":"2022-05-09T23:22:00.000Z","end":"2022-05-09T23:23:00.000Z"},"country":"EIRE","OPM":1,"Total_sales_vol":115.95000147819519,"rate_of_return":0.0}
{"window":{"start":"2022-05-07T06:18:00.000Z","end":"2022-05-07T06:19:00.000Z"},"country":"United Kingdom","OPM":3,"Total_sales_vol":88.12999606132507,"rate_of_return":0.0}
{"window":{"start":"2022-05-09T17:51:00.000Z","end":"2022-05-09T17:52:00.000Z"},"country":"Spain","OPM":1,"Total_sales_vol":1072.4599511623383,"rate_of_return":0.0}
{"window":{"start":"2022-05-09T18:15:00.000Z","end":"2022-05-09T18:16:00.000Z"},"country":"United Kingdom","OPM":7,"Total_sales_vol":361.2000005245209,"rate_of_return":0.0}
{"window":{"start":"2022-05-09T09:38:00.000Z","end":"2022-05-09T09:39:00.000Z"},"country":"United Kingdom","OPM":5,"Total_sales_vol":345.1500037908554,"rate_of_return":0.0}
{"window":{"start":"2022-05-08T09:33:00.000Z","end":"2022-05-08T09:34:00.000Z"},"country":"United Kingdom","OPM":11,"Total_sales_vol":540.3399937152863,"rate_of_return":0.0}
{"window":{"start":"2022-05-09T23:30:00.000Z","end":"2022-05-09T23:31:00.000Z"},"country":"Switzerland","OPM":1,"Total_sales_vol":267.80000710487366,"rate_of_return":0.0}
{"window":{"start":"2022-05-08T18:22:00.000Z","end":"2022-05-08T18:23:00.000Z"},"country":"United Kingdom","OPM":10,"Total_sales_vol":314.4499999284744,"rate_of_return":0.0}
{"window":{"start":"2022-05-09T11:19:00.000Z","end":"2022-05-09T11:20:00.000Z"},"country":"United Kingdom","OPM":6,"Total_sales_vol":181.0899994969368,"rate_of_return":0.0}
{"window":{"start":"2022-05-08T03:51:00.000Z","end":"2022-05-08T03:52:00.000Z"},"country":"United Kingdom","OPM":12,"Total_sales_vol":482.9699971973896,"rate_of_return":0.14285714285714285}
{"window":{"start":"2022-05-09T20:39:00.000Z","end":"2022-05-09T20:40:00.000Z"},"country":"United Kingdom","OPM":9,"Total_sales_vol":573.1500015258789,"rate_of_return":0.0}
{"window":{"start":"2022-05-09T10:31:00.000Z","end":"2022-05-09T10:32:00.000Z"},"country":"EIRE","OPM":1,"Total_sales_vol":2.919999986886978,"rate_of_return":0.0}
{"window":{"start":"2022-05-09T17:12:00.000Z","end":"2022-05-09T17:13:00.000Z"},"country":"United Kingdom","OPM":7,"Total_sales_vol":378.6799908578396,"rate_of_return":0.08333333333333333}
{"window":{"start":"2022-05-05T18:50:00.000Z","end":"2022-05-05T18:51:00.000Z"},"country":"Germany","OPM":1,"Total_sales_vol":9.25,"rate_of_return":0.0}
{"window":{"start":"2022-05-09T00:00:00.000Z","end":"2022-05-09T00:01:00.000Z"},"country":"Italy","OPM":1,"Total_sales_vol":142.5499975681305,"rate_of_return":0.0}
{"window":{"start":"2022-05-08T20:59:00.000Z","end":"2022-05-08T21:00:00.000Z"},"country":"Portugal","OPM":1,"Total_sales_vol":68.6899985074997,"rate_of_return":0.0}
{"window":{"start":"2022-05-07T12:52:00.000Z","end":"2022-05-07T12:53:00.000Z"},"country":"United Kingdom","OPM":9,"Total_sales_vol":158.58000022172928,"rate_of_return":0.18518518518518517}
{"window":{"start":"2022-05-08T14:00:00.000Z","end":"2022-05-08T14:01:00.000Z"},"country":"United Kingdom","OPM":7,"Total_sales_vol":550.8500071763992,"rate_of_return":0.15384615384615385}
{"window":{"start":"2022-05-07T15:37:00.000Z","end":"2022-05-07T15:38:00.000Z"},"country":"Germany","OPM":1,"Total_sales_vol":39.89999961853027,"rate_of_return":0.0}
{"window":{"start":"2022-05-09T20:38:00.000Z","end":"2022-05-09T20:39:00.000Z"},"country":"United Kingdom","OPM":10,"Total_sales_vol":279.8500026464462,"rate_of_return":0.07894736842105263}
{"window":{"start":"2022-05-08T07:46:00.000Z","end":"2022-05-08T07:47:00.000Z"},"country":"United Kingdom","OPM":12,"Total_sales_vol":523.0999976098537,"rate_of_return":0.03225806451612903}
{"window":{"start":"2022-05-06T04:16:00.000Z","end":"2022-05-06T04:17:00.000Z"},"country":"United Kingdom","OPM":9,"Total_sales_vol":469.4299830198288,"rate_of_return":0.07142857142857142}
{"window":{"start":"2022-05-08T07:20:00.000Z","end":"2022-05-08T07:21:00.000Z"},"country":"Netherlands","OPM":1,"Total_sales_vol":90.65999746322632,"rate_of_return":0.0}
{"window":{"start":"2022-05-06T02:31:00.000Z","end":"2022-05-06T02:32:00.000Z"},"country":"Germany","OPM":1,"Total_sales_vol":21.6200008392334,"rate_of_return":0.0}
{"window":{"start":"2022-05-09T15:40:00.000Z","end":"2022-05-09T15:41:00.000Z"},"country":"Finland","OPM":1,"Total_sales_vol":191.49998664855957,"rate_of_return":0.0}
{"window":{"start":"2022-05-10T04:00:00.000Z","end":"2022-05-10T04:01:00.000Z"},"country":"United Kingdom","OPM":10,"Total_sales_vol":394.89999854564667,"rate_of_return":0.07142857142857142}
{"window":{"start":"2022-05-06T05:36:00.000Z","end":"2022-05-06T05:37:00.000Z"},"country":"United Kingdom","OPM":15,"Total_sales_vol":3048.8200045228004,"rate_of_return":0.0}
