{"window":{"start":"2022-05-07T13:30:00.000Z","end":"2022-05-07T13:31:00.000Z"},"country":"Australia","OPM":1,"Total_sales_vol":-31.18999993801117,"rate_of_return":1.0}
{"window":{"start":"2022-05-08T15:56:00.000Z","end":"2022-05-08T15:57:00.000Z"},"country":"United Kingdom","OPM":8,"Total_sales_vol":272.2099971175194,"rate_of_return":0.0}
{"window":{"start":"2022-05-08T18:31:00.000Z","end":"2022-05-08T18:32:00.000Z"},"country":"United Kingdom","OPM":7,"Total_sales_vol":-419.4099988937378,"rate_of_return":0.23529411764705882}
{"window":{"start":"2022-05-05T16:57:00.000Z","end":"2022-05-05T16:58:00.000Z"},"country":"United Kingdom","OPM":10,"Total_sales_vol":305.2200037240982,"rate_of_return":0.0}
{"window":{"start":"2022-05-10T06:05:00.000Z","end":"2022-05-10T06:06:00.000Z"},"country":"France","OPM":1,"Total_sales_vol":2.6999999284744263,"rate_of_return":0.0}
{"window":{"start":"2022-05-06T03:43:00.000Z","end":"2022-05-06T03:44:00.000Z"},"country":"Spain","OPM":1,"Total_sales_vol":20.90000009536743,"rate_of_return":0.0}
{"window":{"start":"2022-05-06T07:31:00.000Z","end":"2022-05-06T07:32:00.000Z"},"country":"Germany","OPM":1,"Total_sales_vol":9.899999618530273,"rate_of_return":0.0}
{"window":{"start":"2022-05-07T08:17:00.000Z","end":"2022-05-07T08:18:00.000Z"},"country":"United Kingdom","OPM":11,"Total_sales_vol":579.4699932932854,"rate_of_return":0.0}
{"window":{"start":"2022-05-09T22:14:00.000Z","end":"2022-05-09T22:15:00.000Z"},"country":"United Kingdom","OPM":13,"Total_sales_vol":807.7299891710281,"rate_of_return":0.0}
{"window":{"start":"2022-05-06T12:16:00.000Z","end":"2022-05-06T12:17:00.000Z"},"country":"Netherlands","OPM":1,"Total_sales_vol":44.83999848365784,"rate_of_return":0.0}
{"window":{"start":"2022-05-05T22:04:00.000Z","end":"2022-05-05T22:05:00.000Z"},"country":"Norway","OPM":1,"Total_sales_vol":53.810001373291016,"rate_of_return":0.0}
{"window":{"start":"2022-05-09T18:43:00.000Z","end":"2022-05-09T18:44:00.000Z"},"country":"United Kingdom","OPM":12,"Total_sales_vol":359.0199983716011,"rate_of_return":0.125}
{"window":{"start":"2022-05-05T18:38:00.000Z","end":"2022-05-05T18:39:00.000Z"},"country":"Finland","OPM":1,"Total_sales_vol":29.08999991416931,"rate_of_return":0.0}
{"window":{"start":"2022-05-10T08:37:00.000Z","end":"2022-05-10T08:38:00.000Z"},"country":"United Kingdom","OPM":7,"Total_sales_vol":229.84999823570251,"rate_of_return":0.0}
{"window":{"start":"2022-05-09T16:21:00.000Z","end":"2022-05-09T16:22:00.000Z"},"country":"EIRE","OPM":1,"Total_sales_vol":54.91999864578247,"rate_of_return":0.0}
{"window":{"start":"2022-05-06T16:38:00.000Z","end":"2022-05-06T16:39:00.000Z"},"country":"United Kingdom","OPM":5,"Total_sales_vol":147.17000392079353,"rate_of_return":0.0}
{"window":{"start":"2022-05-09T15:15:00.000Z","end":"2022-05-09T15:16:00.000Z"},"country":"United Kingdom","OPM":11,"Total_sales_vol":743.1299866735935,"rate_of_return":0.05}
{"window":{"start":"2022-05-08T15:20:00.000Z","end":"2022-05-08T15:21:00.000Z"},"country":"Portugal","OPM":1,"Total_sales_vol":49.04999923706055,"rate_of_return":0.0}
{"window":{"start":"2022-05-08T12:07:00.000Z","end":"2022-05-08T12:08:00.000Z"},"country":"Lebanon","OPM":1,"Total_sales_vol":79.34999966621399,"rate_of_return":0.0}
{"window":{"start":"2022-05-10T08:20:00.000Z","end":"2022-05-10T08:21:00.000Z"},"country":"United Kingdom","OPM":9,"Total_sales_vol":261.56999826431274,"rate_of_return":0.0}
{"window":{"start":"2022-05-06T10:26:00.000Z","end":"2022-05-06T10:27:00.000Z"},"country":"EIRE","OPM":2,"Total_sales_vol":65.06000137329102,"rate_of_return":0.0}
{"window":{"start":"2022-05-10T11:51:00.000Z","end":"2022-05-10T11:52:00.000Z"},"country":"United Kingdom","OPM":13,"Total_sales_vol":2607.5299721956253,"rate_of_return":0.0}
{"window":{"start":"2022-05-06T07:16:00.000Z","end":"2022-05-06T07:17:00.000Z"},"country":"United Kingdom","OPM":7,"Total_sales_vol":496.0300019979477,"rate_of_return":0.0}
{"window":{"start":"2022-05-07T05:43:00.000Z","end":"2022-05-07T05:44:00.000Z"},"country":"United Kingdom","OPM":4,"Total_sales_vol":145.79999780654907,"rate_of_return":0.0}
{"window":{"start":"2022-05-07T02:40:00.000Z","end":"2022-05-07T02:41:00.000Z"},"country":"Germany","OPM":1,"Total_sales_vol":15.0,"rate_of_return":0.0}
{"window":{"start":"2022-05-06T22:57:00.000Z","end":"2022-05-06T22:58:00.000Z"},"country":"United Kingdom","OPM":12,"Total_sales_vol":1652.8300120830536,"rate_of_return":0.0}
{"window":{"start":"2022-05-05T23:17:00.000Z","end":"2022-05-05T23:18:00.000Z"},"country":"Germany","OPM":1,"Total_sales_vol":17.230000019073486,"rate_of_return":0.0}
{"window":{"start":"2022-05-09T16:59:00.000Z","end":"2022-05-09T17:00:00.000Z"},"country":"United Kingdom","OPM":16,"Total_sales_vol":1351.4400085359812,"rate_of_return":0.0}
{"window":{"start":"2022-05-07T02:59:00.000Z","end":"2022-05-07T03:00:00.000Z"},"country":"United Kingdom","OPM":9,"Total_sales_vol":286.98999559879303,"rate_of_return":0.09375}
{"window":{"start":"2022-05-07T22:01:00.000Z","end":"2022-05-07T22:02:00.000Z"},"country":"France","OPM":1,"Total_sales_vol":7.849999785423279,"rate_of_return":0.0}
{"window":{"start":"2022-05-09T14:34:00.000Z","end":"2022-05-09T14:35:00.000Z"},"country":"Germany","OPM":1,"Total_sales_vol":45.62999773025513,"rate_of_return":0.0}
{"window":{"start":"2022-05-06T23:15:00.000Z","end":"2022-05-06T23:16:00.000Z"},"country":"United Kingdom","OPM":10,"Total_sales_vol":377.86000430583954,"rate_of_return":0.0}
{"window":{"start":"2022-05-09T12:04:00.000Z","end":"2022-05-09T12:05:00.000Z"},"country":"United Kingdom","OPM":12,"Total_sales_vol":1069.7799969911575,"rate_of_return":0.0}
{"window":{"start":"2022-05-07T20:05:00.000Z","end":"2022-05-07T20:06:00.000Z"},"country":"United Kingdom","OPM":6,"Total_sales_vol":135.39999771118164,"rate_of_return":0.0}
{"window":{"start":"2022-05-07T20:30:00.000Z","end":"2022-05-07T20:31:00.000Z"},"country":"EIRE","OPM":1,"Total_sales_vol":113.74999904632568,"rate_of_return":0.0}
{"window":{"start":"2022-05-06T23:00:00.000Z","end":"2022-05-06T23:01:00.000Z"},"country":"United Kingdom","OPM":12,"Total_sales_vol":1029.5000001490116,"rate_of_return":0.0}
{"window":{"start":"2022-05-05T23:13:00.000Z","end":"2022-05-05T23:14:00.000Z"},"country":"Germany","OPM":1,"Total_sales_vol":13.259999990463257,"rate_of_return":0.0}
{"window":{"start":"2022-05-08T20:21:00.000Z","end":"2022-05-08T20:22:00.000Z"},"country":"United Kingdom","OPM":9,"Total_sales_vol":318.269995033741,"rate_of_return":0.20689655172413793}
{"window":{"start":"2022-05-07T12:27:00.000Z","end":"2022-05-07T12:28:00.000Z"},"country":"United Kingdom","OPM":8,"Total_sales_vol":3443.619905680418,"rate_of_return":0.0}
{"window":{"start":"2022-05-06T03:53:00.000Z","end":"2022-05-06T03:54:00.000Z"},"country":"United Kingdom","OPM":4,"Total_sales_vol":371.78000524640083,"rate_of_return":0.0}
{"window":{"start":"2022-05-09T15:57:00.000Z","end":"2022-05-09T15:58:00.000Z"},"country":"France","OPM":1,"Total_sales_vol":75.0,"rate_of_return":0.0}
{"window":{"start":"2022-05-07T01:01:00.000Z","end":"2022-05-07T01:02:00.000Z"},"country":"EIRE","OPM":1,"Total_sales_vol":47.55000019073486,"rate_of_return":0.0}
{"window":{"start":"2022-05-06T12:03:00.000Z","end":"2022-05-06T12:04:00.000Z"},"country":"Germany","OPM":1,"Total_sales_vol":40.329999566078186,"rate_of_return":0.0}
{"window":{"start":"2022-05-09T05:46:00.000Z","end":"2022-05-09T05:47:00.000Z"},"country":"EIRE","OPM":3,"Total_sales_vol":300.3699960708618,"rate_of_return":0.0}
{"window":{"start":"2022-05-06T13:20:00.000Z","end":"2022-05-06T13:21:00.000Z"},"country":"Portugal","OPM":1,"Total_sales_vol":122.70000100135803,"rate_of_return":0.0}
{"window":{"start":"2022-05-10T00:26:00.000Z","end":"2022-05-10T00:27:00.000Z"},"country":"Germany","OPM":1,"Total_sales_vol":18.730000019073486,"rate_of_return":0.0}
{"window":{"start":"2022-05-08T02:47:00.000Z","end":"2022-05-08T02:48:00.000Z"},"country":"United Kingdom","OPM":5,"Total_sales_vol":121.9399990439415,"rate_of_return":0.0}
{"window":{"start":"2022-05-08T06:58:00.000Z","end":"2022-05-08T06:59:00.000Z"},"country":"France","OPM":1,"Total_sales_vol":91.9900004863739,"rate_of_return":0.0}
{"window":{"start":"2022-05-10T04:37:00.000Z","end":"2022-05-10T04:38:00.000Z"},"country":"United Kingdom","OPM":9,"Total_sales_vol":1363.2699860930443,"rate_of_return":0.0}
{"window":{"start":"2022-05-07T07:52:00.000Z","end":"2022-05-07T07:53:00.000Z"},"country":"United Kingdom","OPM":9,"Total_sales_vol":545.3300144374371,"rate_of_return":0.0}
{"window":{"start":"2022-05-08T10:22:00.000Z","end":"2022-05-08T10:23:00.000Z"},"country":"United Kingdom","OPM":7,"Total_sales_vol":206.11000084877014,"rate_of_return":0.0}
{"window":{"start":"2022-05-10T05:33:00.000Z","end":"2022-05-10T05:34:00.000Z"},"country":"United Kingdom","OPM":13,"Total_sales_vol":1169.8700048923492,"rate_of_return":0.0}
{"window":{"start":"2022-05-06T08:13:00.000Z","end":"2022-05-06T08:14:00.000Z"},"country":"United Kingdom","OPM":6,"Total_sales_vol":910.0600092411041,"rate_of_return":0.0}
{"window":{"start":"2022-05-05T21:13:00.000Z","end":"2022-05-05T21:14:00.000Z"},"country":"United Kingdom","OPM":17,"Total_sales_vol":1013.9900047779083,"rate_of_return":0.0}
{"window":{"start":"2022-05-06T11:34:00.000Z","end":"2022-05-06T11:35:00.000Z"},"country":"Norway","OPM":1,"Total_sales_vol":28.13999879360199,"rate_of_return":0.0}
{"window":{"start":"2022-05-08T05:07:00.000Z","end":"2022-05-08T05:08:00.000Z"},"country":"United Kingdom","OPM":4,"Total_sales_vol":69.81999984383583,"rate_of_return":0.0}
{"window":{"start":"2022-05-05T20:19:00.000Z","end":"2022-05-05T20:20:00.000Z"},"country":"EIRE","OPM":1,"Total_sales_vol":14.84999942779541,"rate_of_return":0.0}
{"window":{"start":"2022-05-05T20:04:00.000Z","end":"2022-05-05T20:05:00.000Z"},"country":"EIRE","OPM":1,"Total_sales_vol":34.250001430511475,"rate_of_return":0.0}
{"window":{"start":"2022-05-07T14:06:00.000Z","end":"2022-05-07T14:07:00.000Z"},"country":"Australia","OPM":1,"Total_sales_vol":71.43999910354614,"rate_of_return":0.0}
{"window":{"start":"2022-05-08T17:36:00.000Z","end":"2022-05-08T17:37:00.000Z"},"country":"United Kingdom","OPM":3,"Total_sales_vol":85.64999914169312,"rate_of_return":0.0}
{"window":{"start":"2022-05-10T12:26:00.000Z","end":"2022-05-10T12:27:00.000Z"},"country":"United Kingdom","OPM":5,"Total_sales_vol":148.69999885559082,"rate_of_return":0.2222222222222222}
{"window":{"start":"2022-05-06T01:43:00.000Z","end":"2022-05-06T01:44:00.000Z"},"country":"France","OPM":3,"Total_sales_vol":352.6600011587143,"rate_of_return":0.0}
{"window":{"start":"2022-05-07T22:28:00.000Z","end":"2022-05-07T22:29:00.000Z"},"country":"United Kingdom","OPM":5,"Total_sales_vol":214.05000245571136,"rate_of_return":0.0}
{"window":{"start":"2022-05-07T00:09:00.000Z","end":"2022-05-07T00:10:00.000Z"},"country":"Italy","OPM":1,"Total_sales_vol":14.220000177621841,"rate_of_return":0.0}
{"window":{"start":"2022-05-06T15:35:00.000Z","end":"2022-05-06T15:36:00.000Z"},"country":"Germany","OPM":1,"Total_sales_vol":22.050001621246338,"rate_of_return":0.0}
{"window":{"start":"2022-05-06T22:03:00.000Z","end":"2022-05-06T22:04:00.000Z"},"country":"United Kingdom","OPM":11,"Total_sales_vol":703.6000014841557,"rate_of_return":0.0}
{"window":{"start":"2022-05-10T00:48:00.000Z","end":"2022-05-10T00:49:00.000Z"},"country":"Belgium","OPM":1,"Total_sales_vol":2.9499999284744263,"rate_of_return":0.0}
{"window":{"start":"2022-05-08T13:13:00.000Z","end":"2022-05-08T13:14:00.000Z"},"country":"EIRE","OPM":1,"Total_sales_vol":56.11999869346619,"rate_of_return":0.0}
{"window":{"start":"2022-05-09T13:04:00.000Z","end":"2022-05-09T13:05:00.000Z"},"country":"Spain","OPM":1,"Total_sales_vol":37.35000038146973,"rate_of_return":0.0}
{"window":{"start":"2022-05-07T17:57:00.000Z","end":"2022-05-07T17:58:00.000Z"},"country":"United Kingdom","OPM":3,"Total_sales_vol":109.79999750852585,"rate_of_return":0.0}
{"window":{"start":"2022-05-06T04:45:00.000Z","end":"2022-05-06T04:46:00.000Z"},"country":"Germany","OPM":1,"Total_sales_vol":14.68999993801117,"rate_of_return":0.0}
{"window":{"start":"2022-05-05T20:00:00.000Z","end":"2022-05-05T20:01:00.000Z"},"country":"EIRE","OPM":1,"Total_sales_vol":4.139999985694885,"rate_of_return":0.0}
{"window":{"start":"2022-05-07T13:50:00.000Z","end":"2022-05-07T13:51:00.000Z"},"country":"United Kingdom","OPM":11,"Total_sales_vol":209.09999787807465,"rate_of_return":0.0}
