{"window":{"start":"2022-05-07T16:52:00.000Z","end":"2022-05-07T16:53:00.000Z"},"country":"Germany","OPM":1,"Total_sales_vol":45.179999113082886,"rate_of_return":0.0}
{"window":{"start":"2022-05-07T20:49:00.000Z","end":"2022-05-07T20:50:00.000Z"},"country":"Spain","OPM":1,"Total_sales_vol":208.0,"rate_of_return":0.0}
{"window":{"start":"2022-05-08T09:27:00.000Z","end":"2022-05-08T09:28:00.000Z"},"country":"United Kingdom","OPM":13,"Total_sales_vol":534.8799996376038,"rate_of_return":0.0}
{"window":{"start":"2022-05-09T10:50:00.000Z","end":"2022-05-09T10:51:00.000Z"},"country":"United Kingdom","OPM":5,"Total_sales_vol":1623.250012755394,"rate_of_return":0.13636363636363635}
{"window":{"start":"2022-05-08T15:44:00.000Z","end":"2022-05-08T15:45:00.000Z"},"country":"France","OPM":2,"Total_sales_vol":74.00000154972076,"rate_of_return":0.0}
{"window":{"start":"2022-05-06T19:08:00.000Z","end":"2022-05-06T19:09:00.000Z"},"country":"United Kingdom","OPM":14,"Total_sales_vol":928.6599982976913,"rate_of_return":0.0}
{"window":{"start":"2022-05-09T14:05:00.000Z","end":"2022-05-09T14:06:00.000Z"},"country":"United Kingdom","OPM":15,"Total_sales_vol":833.7699946463108,"rate_of_return":0.0}
{"window":{"start":"2022-05-10T02:31:00.000Z","end":"2022-05-10T02:32:00.000Z"},"country":"Netherlands","OPM":1,"Total_sales_vol":12.450000047683716,"rate_of_return":0.0}
{"window":{"start":"2022-05-05T22:37:00.000Z","end":"2022-05-05T22:38:00.000Z"},"country":"EIRE","OPM":2,"Total_sales_vol":90.26999938488007,"rate_of_return":0.0}
{"window":{"start":"2022-05-07T18:39:00.000Z","end":"2022-05-07T18:40:00.000Z"},"country":"Norway","OPM":1,"Total_sales_vol":-2.7300000190734863,"rate_of_return":1.0}
{"window":{"start":"2022-05-08T16:21:00.000Z","end":"2022-05-08T16:22:00.000Z"},"country":"Canada","OPM":1,"Total_sales_vol":37.02000045776367,"rate_of_return":0.0}
{"window":{"start":"2022-05-07T05:41:00.000Z","end":"2022-05-07T05:42:00.000Z"},"country":"United Kingdom","OPM":3,"Total_sales_vol":122.529998421669,"rate_of_return":0.0}
{"window":{"start":"2022-05-06T00:34:00.000Z","end":"2022-05-06T00:35:00.000Z"},"country":"United Kingdom","OPM":11,"Total_sales_vol":712.8499948978424,"rate_of_return":0.0196078431372549}
{"window":{"start":"2022-05-10T06:49:00.000Z","end":"2022-05-10T06:50:00.000Z"},"country":"Germany","OPM":1,"Total_sales_vol":16.25,"rate_of_return":0.0}
{"window":{"start":"2022-05-06T19:55:00.000Z","end":"2022-05-06T19:56:00.000Z"},"country":"United Kingdom","OPM":12,"Total_sales_vol":310.9600039720535,"rate_of_return":0.0}
{"window":{"start":"2022-05-09T04:54:00.000Z","end":"2022-05-09T04:55:00.000Z"},"country":"Germany","OPM":1,"Total_sales_vol":212.45999336242676,"rate_of_return":0.0}
{"window":{"start":"2022-05-05T21:41:00.000Z","end":"2022-05-05T21:42:00.000Z"},"country":"United Kingdom","OPM":17,"Total_sales_vol":1185.2099857926369,"rate_of_return":0.0}
{"window":{"start":"2022-05-10T02:25:00.000Z","end":"2022-05-10T02:26:00.000Z"},"country":"EIRE","OPM":1,"Total_sales_vol":60.0,"rate_of_return":0.0}
{"window":{"start":"2022-05-08T06:34:00.000Z","end":"2022-05-08T06:35:00.000Z"},"country":"United Kingdom","OPM":5,"Total_sales_vol":404.01000213623047,"rate_of_return":0.0}
{"window":{"start":"2022-05-08T03:56:00.000Z","end":"2022-05-08T03:57:00.000Z"},"country":"United Kingdom","OPM":13,"Total_sales_vol":265.8300010859966,"rate_of_return":0.06976744186046512}
{"window":{"start":"2022-05-06T13:03:00.000Z","end":"2022-05-06T13:04:00.000Z"},"country":"Germany","OPM":1,"Total_sales_vol":0.8500000238418579,"rate_of_return":0.0}
{"window":{"start":"2022-05-07T15:41:00.000Z","end":"2022-05-07T15:42:00.000Z"},"country":"United Kingdom","OPM":11,"Total_sales_vol":600.1800094246864,"rate_of_return":0.08571428571428572}
{"window":{"start":"2022-05-07T08:45:00.000Z","end":"2022-05-07T08:46:00.000Z"},"country":"United Kingdom","OPM":5,"Total_sales_vol":131.73999813199043,"rate_of_return":0.0}
{"window":{"start":"2022-05-06T08:55:00.000Z","end":"2022-05-06T08:56:00.000Z"},"country":"United Kingdom","OPM":7,"Total_sales_vol":338.31999772787094,"rate_of_return":0.0}
{"window":{"start":"2022-05-06T10:55:00.000Z","end":"2022-05-06T10:56:00.000Z"},"country":"Finland","OPM":1,"Total_sales_vol":10.200000762939453,"rate_of_return":0.0}
{"window":{"start":"2022-05-08T22:21:00.000Z","end":"2022-05-08T22:22:00.000Z"},"country":"France","OPM":1,"Total_sales_vol":3.25,"rate_of_return":0.0}
{"window":{"start":"2022-05-06T08:37:00.000Z","end":"2022-05-06T08:38:00.000Z"},"country":"EIRE","OPM":1,"Total_sales_vol":162.72000122070312,"rate_of_return":0.0}
{"window":{"start":"2022-05-09T09:19:00.000Z","end":"2022-05-09T09:20:00.000Z"},"country":"EIRE","OPM":1,"Total_sales_vol":13.520000457763672,"rate_of_return":0.0}
{"window":{"start":"2022-05-08T13:16:00.000Z","end":"2022-05-08T13:17:00.000Z"},"country":"United Kingdom","OPM":7,"Total_sales_vol":480.81000104546547,"rate_of_return":0.0}
{"window":{"start":"2022-05-07T09:25:00.000Z","end":"2022-05-07T09:26:00.000Z"},"country":"United Kingdom","OPM":4,"Total_sales_vol":167.81999802589417,"rate_of_return":0.0}
{"window":{"start":"2022-05-10T10:29:00.000Z","end":"2022-05-10T10:30:00.000Z"},"country":"United Kingdom","OPM":1,"Total_sales_vol":25.689999103546143,"rate_of_return":0.0}
{"window":{"start":"2022-05-07T11:47:00.000Z","end":"2022-05-07T11:48:00.000Z"},"country":"Germany","OPM":1,"Total_sales_vol":161.609998524189,"rate_of_return":0.0}
{"window":{"start":"2022-05-08T20:56:00.000Z","end":"2022-05-08T20:57:00.000Z"},"country":"Switzerland","OPM":1,"Total_sales_vol":-82.46999931335449,"rate_of_return":1.0}
{"window":{"start":"2022-05-06T23:53:00.000Z","end":"2022-05-06T23:54:00.000Z"},"country":"United Kingdom","OPM":9,"Total_sales_vol":1307.0400167107582,"rate_of_return":0.0}
{"window":{"start":"2022-05-06T15:59:00.000Z","end":"2022-05-06T16:00:00.000Z"},"country":"EIRE","OPM":1,"Total_sales_vol":41.30000305175781,"rate_of_return":0.0}
{"window":{"start":"2022-05-06T03:31:00.000Z","end":"2022-05-06T03:32:00.000Z"},"country":"United Kingdom","OPM":11,"Total_sales_vol":376.2099930047989,"rate_of_return":0.0}
{"window":{"start":"2022-05-06T04:43:00.000Z","end":"2022-05-06T04:44:00.000Z"},"country":"EIRE","OPM":2,"Total_sales_vol":182.12000060081482,"rate_of_return":0.0}
{"window":{"start":"2022-05-06T02:00:00.000Z","end":"2022-05-06T02:01:00.000Z"},"country":"United Kingdom","OPM":9,"Total_sales_vol":308.05999916791916,"rate_of_return":0.13793103448275862}
{"window":{"start":"2022-05-10T03:17:00.000Z","end":"2022-05-10T03:18:00.000Z"},"country":"United Kingdom","OPM":14,"Total_sales_vol":1538.6899636387825,"rate_of_return":0.05172413793103448}
{"window":{"start":"2022-05-09T09:07:00.000Z","end":"2022-05-09T09:08:00.000Z"},"country":"United Kingdom","OPM":11,"Total_sales_vol":696.4499979615211,"rate_of_return":0.0}
{"window":{"start":"2022-05-06T11:49:00.000Z","end":"2022-05-06T11:50:00.000Z"},"country":"United Kingdom","OPM":13,"Total_sales_vol":495.6600006520748,"rate_of_return":0.02702702702702703}
{"window":{"start":"2022-05-06T12:51:00.000Z","end":"2022-05-06T12:52:00.000Z"},"country":"United Kingdom","OPM":10,"Total_sales_vol":566.5599980205297,"rate_of_return":0.0}
{"window":{"start":"2022-05-10T01:33:00.000Z","end":"2022-05-10T01:34:00.000Z"},"country":"United Kingdom","OPM":10,"Total_sales_vol":1753.4699773192406,"rate_of_return":0.0}
{"window":{"start":"2022-05-07T20:43:00.000Z","end":"2022-05-07T20:44:00.000Z"},"country":"Switzerland","OPM":1,"Total_sales_vol":21.55000066757202,"rate_of_return":0.0}
{"window":{"start":"2022-05-09T13:39:00.000Z","end":"2022-05-09T13:40:00.000Z"},"country":"United Kingdom","OPM":7,"Total_sales_vol":144.37000012397766,"rate_of_return":0.0}
{"window":{"start":"2022-05-07T22:21:00.000Z","end":"2022-05-07T22:22:00.000Z"},"country":"United Kingdom","OPM":12,"Total_sales_vol":932.949995726347,"rate_of_return":0.0}
{"window":{"start":"2022-05-06T15:12:00.000Z","end":"2022-05-06T15:13:00.000Z"},"country":"United Kingdom","OPM":12,"Total_sales_vol":792.8400015830994,"rate_of_return":0.0}
{"window":{"start":"2022-05-05T23:22:00.000Z","end":"2022-05-05T23:23:00.000Z"},"country":"United Kingdom","OPM":4,"Total_sales_vol":72.70999932289124,"rate_of_return":0.0}
{"window":{"start":"2022-05-06T02:56:00.000Z","end":"2022-05-06T02:57:00.000Z"},"country":"United Kingdom","OPM":5,"Total_sales_vol":231.3999972641468,"rate_of_return":0.0}
{"window":{"start":"2022-05-08T01:24:00.000Z","end":"2022-05-08T01:25:00.000Z"},"country":"EIRE","OPM":1,"Total_sales_vol":7.949999809265137,"rate_of_return":0.0}
{"window":{"start":"2022-05-07T02:37:00.000Z","end":"2022-05-07T02:38:00.000Z"},"country":"Cyprus","OPM":1,"Total_sales_vol":21.959999084472656,"rate_of_return":0.0}
{"window":{"start":"2022-05-06T13:51:00.000Z","end":"2022-05-06T13:52:00.000Z"},"country":"United Kingdom","OPM":3,"Total_sales_vol":192.96999660134315,"rate_of_return":0.0}
{"window":{"start":"2022-05-05T21:59:00.000Z","end":"2022-05-05T22:00:00.000Z"},"country":"United Kingdom","OPM":11,"Total_sales_vol":1403.0399943590164,"rate_of_return":0.0}
{"window":{"start":"2022-05-07T08:00:00.000Z","end":"2022-05-07T08:01:00.000Z"},"country":"United Kingdom","OPM":6,"Total_sales_vol":202.589997112751,"rate_of_return":0.0}
{"window":{"start":"2022-05-07T05:24:00.000Z","end":"2022-05-07T05:25:00.000Z"},"country":"United Kingdom","OPM":9,"Total_sales_vol":999.5399980545044,"rate_of_return":0.0}
{"window":{"start":"2022-05-06T20:57:00.000Z","end":"2022-05-06T20:58:00.000Z"},"country":"United Kingdom","OPM":10,"Total_sales_vol":541.7100051641464,"rate_of_return":0.0}
{"window":{"start":"2022-05-05T19:45:00.000Z","end":"2022-05-05T19:46:00.000Z"},"country":"United Kingdom","OPM":11,"Total_sales_vol":720.5200313031673,"rate_of_return":0.08823529411764706}
{"window":{"start":"2022-05-05T18:32:00.000Z","end":"2022-05-05T18:33:00.000Z"},"country":"EIRE","OPM":1,"Total_sales_vol":12.479999542236328,"rate_of_return":0.0}
{"window":{"start":"2022-05-06T21:06:00.000Z","end":"2022-05-06T21:07:00.000Z"},"country":"United Kingdom","OPM":8,"Total_sales_vol":858.5999938249588,"rate_of_return":0.11538461538461539}
{"window":{"start":"2022-05-08T00:15:00.000Z","end":"2022-05-08T00:16:00.000Z"},"country":"United Kingdom","OPM":5,"Total_sales_vol":293.17999827861786,"rate_of_return":0.0}
{"window":{"start":"2022-05-10T12:49:00.000Z","end":"2022-05-10T12:50:00.000Z"},"country":"United Kingdom","OPM":5,"Total_sales_vol":727.7399917840958,"rate_of_return":0.0}
{"window":{"start":"2022-05-08T17:26:00.000Z","end":"2022-05-08T17:27:00.000Z"},"country":"United Kingdom","OPM":7,"Total_sales_vol":665.1199930310249,"rate_of_return":0.0}
{"window":{"start":"2022-05-07T22:11:00.000Z","end":"2022-05-07T22:12:00.000Z"},"country":"EIRE","OPM":1,"Total_sales_vol":20.400001525878906,"rate_of_return":0.0}
{"window":{"start":"2022-05-09T08:33:00.000Z","end":"2022-05-09T08:34:00.000Z"},"country":"United Kingdom","OPM":16,"Total_sales_vol":457.07998991012573,"rate_of_return":0.125}
{"window":{"start":"2022-05-06T10:31:00.000Z","end":"2022-05-06T10:32:00.000Z"},"country":"France","OPM":1,"Total_sales_vol":3.75,"rate_of_return":0.0}
{"window":{"start":"2022-05-07T15:40:00.000Z","end":"2022-05-07T15:41:00.000Z"},"country":"United Kingdom","OPM":12,"Total_sales_vol":2293.5999976992607,"rate_of_return":0.0}
{"window":{"start":"2022-05-09T10:24:00.000Z","end":"2022-05-09T10:25:00.000Z"},"country":"Germany","OPM":1,"Total_sales_vol":204.75000762939453,"rate_of_return":0.0}
{"window":{"start":"2022-05-08T21:56:00.000Z","end":"2022-05-08T21:57:00.000Z"},"country":"United Kingdom","OPM":8,"Total_sales_vol":655.2499978542328,"rate_of_return":0.0}
{"window":{"start":"2022-05-10T08:59:00.000Z","end":"2022-05-10T09:00:00.000Z"},"country":"Germany","OPM":1,"Total_sales_vol":57.75999939441681,"rate_of_return":0.0}
{"window":{"start":"2022-05-09T02:24:00.000Z","end":"2022-05-09T02:25:00.000Z"},"country":"United Kingdom","OPM":14,"Total_sales_vol":398.92000007629395,"rate_of_return":0.0975609756097561}
