{"window":{"start":"2022-05-09T16:52:00.000Z","end":"2022-05-09T16:53:00.000Z"},"country":"United Kingdom","OPM":13,"Total_sales_vol":902.3999945819378,"rate_of_return":0.015873015873015872}
{"window":{"start":"2022-05-06T13:22:00.000Z","end":"2022-05-06T13:23:00.000Z"},"country":"Belgium","OPM":1,"Total_sales_vol":90.50000321865082,"rate_of_return":0.0}
{"window":{"start":"2022-05-06T01:51:00.000Z","end":"2022-05-06T01:52:00.000Z"},"country":"United Kingdom","OPM":16,"Total_sales_vol":1649.0799931287766,"rate_of_return":0.0}
{"window":{"start":"2022-05-08T10:30:00.000Z","end":"2022-05-08T10:31:00.000Z"},"country":"Germany","OPM":1,"Total_sales_vol":37.30999946594238,"rate_of_return":0.0}
{"window":{"start":"2022-05-06T16:07:00.000Z","end":"2022-05-06T16:08:00.000Z"},"country":"United Kingdom","OPM":2,"Total_sales_vol":39.71000009775162,"rate_of_return":0.0}
{"window":{"start":"2022-05-09T09:50:00.000Z","end":"2022-05-09T09:51:00.000Z"},"country":"United Kingdom","OPM":11,"Total_sales_vol":586.770001232624,"rate_of_return":0.07142857142857142}
{"window":{"start":"2022-05-09T19:11:00.000Z","end":"2022-05-09T19:12:00.000Z"},"country":"France","OPM":3,"Total_sales_vol":551.3099889755249,"rate_of_return":0.0}
{"window":{"start":"2022-05-09T00:56:00.000Z","end":"2022-05-09T00:57:00.000Z"},"country":"Germany","OPM":1,"Total_sales_vol":12.84999966621399,"rate_of_return":0.0}
{"window":{"start":"2022-05-07T09:56:00.000Z","end":"2022-05-07T09:57:00.000Z"},"country":"United Kingdom","OPM":5,"Total_sales_vol":144.3599984049797,"rate_of_return":0.0}
{"window":{"start":"2022-05-08T23:59:00.000Z","end":"2022-05-09T00:00:00.000Z"},"country":"United Kingdom","OPM":14,"Total_sales_vol":2626.3100056648254,"rate_of_return":0.0}
{"window":{"start":"2022-05-08T11:36:00.000Z","end":"2022-05-08T11:37:00.000Z"},"country":"EIRE","OPM":1,"Total_sales_vol":26.589999198913574,"rate_of_return":0.0}
{"window":{"start":"2022-05-08T17:07:00.000Z","end":"2022-05-08T17:08:00.000Z"},"country":"EIRE","OPM":2,"Total_sales_vol":182.66999912261963,"rate_of_return":0.0}
{"window":{"start":"2022-05-09T16:28:00.000Z","end":"2022-05-09T16:29:00.000Z"},"country":"United Kingdom","OPM":10,"Total_sales_vol":515.1099933385849,"rate_of_return":0.06666666666666667}
{"window":{"start":"2022-05-09T00:16:00.000Z","end":"2022-05-09T00:17:00.000Z"},"country":"Switzerland","OPM":1,"Total_sales_vol":20.400001525878906,"rate_of_return":0.0}
{"window":{"start":"2022-05-09T06:25:00.000Z","end":"2022-05-09T06:26:00.000Z"},"country":"Germany","OPM":1,"Total_sales_vol":55.920000076293945,"rate_of_return":0.0}
{"window":{"start":"2022-05-06T20:52:00.000Z","end":"2022-05-06T20:53:00.000Z"},"country":"Netherlands","OPM":1,"Total_sales_vol":23.799999237060547,"rate_of_return":0.0}
{"window":{"start":"2022-05-06T05:34:00.000Z","end":"2022-05-06T05:35:00.000Z"},"country":"France","OPM":1,"Total_sales_vol":7.409999966621399,"rate_of_return":0.0}
{"window":{"start":"2022-05-09T22:33:00.000Z","end":"2022-05-09T22:34:00.000Z"},"country":"United Kingdom","OPM":5,"Total_sales_vol":395.5999917984009,"rate_of_return":0.0}
{"window":{"start":"2022-05-05T22:05:00.000Z","end":"2022-05-05T22:06:00.000Z"},"country":"EIRE","OPM":1,"Total_sales_vol":60.47999954223633,"rate_of_return":0.0}
{"window":{"start":"2022-05-08T10:18:00.000Z","end":"2022-05-08T10:19:00.000Z"},"country":"EIRE","OPM":1,"Total_sales_vol":-142.0499973297119,"rate_of_return":1.0}
{"window":{"start":"2022-05-10T02:57:00.000Z","end":"2022-05-10T02:58:00.000Z"},"country":"United Kingdom","OPM":6,"Total_sales_vol":304.81000143289566,"rate_of_return":0.0}
{"window":{"start":"2022-05-07T07:32:00.000Z","end":"2022-05-07T07:33:00.000Z"},"country":"United Kingdom","OPM":13,"Total_sales_vol":189.25000488758087,"rate_of_return":0.2}
{"window":{"start":"2022-05-06T14:42:00.000Z","end":"2022-05-06T14:43:00.000Z"},"country":"EIRE","OPM":2,"Total_sales_vol":31.679999828338623,"rate_of_return":0.0}
{"window":{"start":"2022-05-10T11:31:00.000Z","end":"2022-05-10T11:32:00.000Z"},"country":"United Kingdom","OPM":8,"Total_sales_vol":381.05001270771027,"rate_of_return":0.0}
{"window":{"start":"2022-05-06T10:46:00.000Z","end":"2022-05-06T10:47:00.000Z"},"country":"United Kingdom","OPM":14,"Total_sales_vol":656.7099925279617,"rate_of_return":0.07272727272727272}
{"window":{"start":"2022-05-09T14:33:00.000Z","end":"2022-05-09T14:34:00.000Z"},"country":"United Kingdom","OPM":13,"Total_sales_vol":645.9500002264977,"rate_of_return":0.0}
{"window":{"start":"2022-05-10T09:31:00.000Z","end":"2022-05-10T09:32:00.000Z"},"country":"United Kingdom","OPM":4,"Total_sales_vol":101.66000425815582,"rate_of_return":0.0}
{"window":{"start":"2022-05-09T02:15:00.000Z","end":"2022-05-09T02:16:00.000Z"},"country":"Belgium","OPM":1,"Total_sales_vol":21.579999923706055,"rate_of_return":0.0}
{"window":{"start":"2022-05-06T15:55:00.000Z","end":"2022-05-06T15:56:00.000Z"},"country":"United Kingdom","OPM":14,"Total_sales_vol":460.97000658512115,"rate_of_return":0.0}
{"window":{"start":"2022-05-05T18:27:00.000Z","end":"2022-05-05T18:28:00.000Z"},"country":"United Kingdom","OPM":12,"Total_sales_vol":1054.6600258946419,"rate_of_return":0.0}
{"window":{"start":"2022-05-07T18:58:00.000Z","end":"2022-05-07T18:59:00.000Z"},"country":"United Kingdom","OPM":10,"Total_sales_vol":476.3299888372421,"rate_of_return":0.16666666666666666}
{"window":{"start":"2022-05-08T13:27:00.000Z","end":"2022-05-08T13:28:00.000Z"},"country":"United Kingdom","OPM":8,"Total_sales_vol":398.14999651908875,"rate_of_return":0.0}
{"window":{"start":"2022-05-06T09:49:00.000Z","end":"2022-05-06T09:50:00.000Z"},"country":"United Kingdom","OPM":10,"Total_sales_vol":205.2999987155199,"rate_of_return":0.10344827586206896}
{"window":{"start":"2022-05-07T17:50:00.000Z","end":"2022-05-07T17:51:00.000Z"},"country":"United Kingdom","OPM":8,"Total_sales_vol":328.69999557733536,"rate_of_return":0.0}
{"window":{"start":"2022-05-08T12:39:00.000Z","end":"2022-05-08T12:40:00.000Z"},"country":"Belgium","OPM":1,"Total_sales_vol":29.009999752044678,"rate_of_return":0.0}
{"window":{"start":"2022-05-10T01:42:00.000Z","end":"2022-05-10T01:43:00.000Z"},"country":"Japan","OPM":1,"Total_sales_vol":14.84999942779541,"rate_of_return":0.0}
{"window":{"start":"2022-05-08T06:19:00.000Z","end":"2022-05-08T06:20:00.000Z"},"country":"Netherlands","OPM":1,"Total_sales_vol":61.69999933242798,"rate_of_return":0.0}
{"window":{"start":"2022-05-06T12:52:00.000Z","end":"2022-05-06T12:53:00.000Z"},"country":"United Kingdom","OPM":7,"Total_sales_vol":257.4599971175194,"rate_of_return":0.0}
{"window":{"start":"2022-05-08T02:45:00.000Z","end":"2022-05-08T02:46:00.000Z"},"country":"United Kingdom","OPM":16,"Total_sales_vol":1063.9799851477146,"rate_of_return":0.07272727272727272}
{"window":{"start":"2022-05-07T20:39:00.000Z","end":"2022-05-07T20:40:00.000Z"},"country":"United Kingdom","OPM":5,"Total_sales_vol":495.6599970757961,"rate_of_return":0.0}
{"window":{"start":"2022-05-10T10:40:00.000Z","end":"2022-05-10T10:41:00.000Z"},"country":"United Kingdom","OPM":7,"Total_sales_vol":712.0899987816811,"rate_of_return":0.1111111111111111}
{"window":{"start":"2022-05-08T21:52:00.000Z","end":"2022-05-08T21:53:00.000Z"},"country":"United Kingdom","OPM":10,"Total_sales_vol":342.2099920809269,"rate_of_return":0.08108108108108109}
{"window":{"start":"2022-05-06T03:07:00.000Z","end":"2022-05-06T03:08:00.000Z"},"country":"United Kingdom","OPM":13,"Total_sales_vol":746.5799983143806,"rate_of_return":0.0}
{"window":{"start":"2022-05-08T18:33:00.000Z","end":"2022-05-08T18:34:00.000Z"},"country":"United Kingdom","OPM":10,"Total_sales_vol":379.5500066578388,"rate_of_return":0.02857142857142857}
{"window":{"start":"2022-05-10T08:30:00.000Z","end":"2022-05-10T08:31:00.000Z"},"country":"Portugal","OPM":1,"Total_sales_vol":60.25,"rate_of_return":0.0}
{"window":{"start":"2022-05-07T18:48:00.000Z","end":"2022-05-07T18:49:00.000Z"},"country":"Italy","OPM":1,"Total_sales_vol":29.580000400543213,"rate_of_return":0.0}
{"window":{"start":"2022-05-09T18:42:00.000Z","end":"2022-05-09T18:43:00.000Z"},"country":"United Kingdom","OPM":9,"Total_sales_vol":923.1100009083748,"rate_of_return":0.0}
{"window":{"start":"2022-05-10T07:23:00.000Z","end":"2022-05-10T07:24:00.000Z"},"country":"United Kingdom","OPM":9,"Total_sales_vol":172.650000333786,"rate_of_return":0.28205128205128205}
{"window":{"start":"2022-05-07T17:54:00.000Z","end":"2022-05-07T17:55:00.000Z"},"country":"United Kingdom","OPM":17,"Total_sales_vol":1221.1800121665,"rate_of_return":0.045454545454545456}
{"window":{"start":"2022-05-09T02:29:00.000Z","end":"2022-05-09T02:30:00.000Z"},"country":"Singapore","OPM":1,"Total_sales_vol":16.199999809265137,"rate_of_return":0.0}
{"window":{"start":"2022-05-06T17:24:00.000Z","end":"2022-05-06T17:25:00.000Z"},"country":"United Kingdom","OPM":7,"Total_sales_vol":1145.020013332367,"rate_of_return":0.0}
{"window":{"start":"2022-05-08T08:51:00.000Z","end":"2022-05-08T08:52:00.000Z"},"country":"United Kingdom","OPM":11,"Total_sales_vol":1184.7899465560913,"rate_of_return":0.06451612903225806}
{"window":{"start":"2022-05-09T15:39:00.000Z","end":"2022-05-09T15:40:00.000Z"},"country":"United Kingdom","OPM":9,"Total_sales_vol":1716.260015487671,"rate_of_return":0.0}
{"window":{"start":"2022-05-08T17:17:00.000Z","end":"2022-05-08T17:18:00.000Z"},"country":"United Kingdom","OPM":5,"Total_sales_vol":202.5899978876114,"rate_of_return":0.0}
{"window":{"start":"2022-05-06T03:21:00.000Z","end":"2022-05-06T03:22:00.000Z"},"country":"Portugal","OPM":1,"Total_sales_vol":4.920000076293945,"rate_of_return":0.0}
{"window":{"start":"2022-05-06T07:57:00.000Z","end":"2022-05-06T07:58:00.000Z"},"country":"United Kingdom","OPM":9,"Total_sales_vol":656.5300261378288,"rate_of_return":0.17857142857142858}
{"window":{"start":"2022-05-09T01:05:00.000Z","end":"2022-05-09T01:06:00.000Z"},"country":"Germany","OPM":1,"Total_sales_vol":9.899999618530273,"rate_of_return":0.0}
{"window":{"start":"2022-05-08T14:15:00.000Z","end":"2022-05-08T14:16:00.000Z"},"country":"France","OPM":1,"Total_sales_vol":15.739999532699585,"rate_of_return":0.0}
{"window":{"start":"2022-05-10T09:16:00.000Z","end":"2022-05-10T09:17:00.000Z"},"country":"United Kingdom","OPM":9,"Total_sales_vol":676.5999884903431,"rate_of_return":0.0}
{"window":{"start":"2022-05-09T18:30:00.000Z","end":"2022-05-09T18:31:00.000Z"},"country":"Germany","OPM":1,"Total_sales_vol":13.599999904632568,"rate_of_return":0.0}
{"window":{"start":"2022-05-08T19:07:00.000Z","end":"2022-05-08T19:08:00.000Z"},"country":"EIRE","OPM":1,"Total_sales_vol":137.02999898791313,"rate_of_return":0.0}
{"window":{"start":"2022-05-06T15:50:00.000Z","end":"2022-05-06T15:51:00.000Z"},"country":"United Kingdom","OPM":8,"Total_sales_vol":508.4799995422363,"rate_of_return":0.034482758620689655}
{"window":{"start":"2022-05-06T15:14:00.000Z","end":"2022-05-06T15:15:00.000Z"},"country":"United Kingdom","OPM":10,"Total_sales_vol":1342.9500299096107,"rate_of_return":0.024390243902439025}
{"window":{"start":"2022-05-08T18:25:00.000Z","end":"2022-05-08T18:26:00.000Z"},"country":"Belgium","OPM":1,"Total_sales_vol":4.949999809265137,"rate_of_return":0.0}
{"window":{"start":"2022-05-10T09:45:00.000Z","end":"2022-05-10T09:46:00.000Z"},"country":"United Kingdom","OPM":7,"Total_sales_vol":291.5299961566925,"rate_of_return":0.0}
{"window":{"start":"2022-05-08T09:56:00.000Z","end":"2022-05-08T09:57:00.000Z"},"country":"United Kingdom","OPM":13,"Total_sales_vol":454.82999581098557,"rate_of_return":0.0}
{"window":{"start":"2022-05-08T22:31:00.000Z","end":"2022-05-08T22:32:00.000Z"},"country":"United Kingdom","OPM":14,"Total_sales_vol":778.8900066018105,"rate_of_return":0.017241379310344827}
{"window":{"start":"2022-05-08T06:40:00.000Z","end":"2022-05-08T06:41:00.000Z"},"country":"United Kingdom","OPM":14,"Total_sales_vol":778.7199957370758,"rate_of_return":0.0}
{"window":{"start":"2022-05-10T06:16:00.000Z","end":"2022-05-10T06:17:00.000Z"},"country":"Australia","OPM":1,"Total_sales_vol":261.6999969482422,"rate_of_return":0.0}
{"window":{"start":"2022-05-08T07:01:00.000Z","end":"2022-05-08T07:02:00.000Z"},"country":"United Kingdom","OPM":15,"Total_sales_vol":755.5899757742882,"rate_of_return":0.0}
