{"window":{"start":"2022-05-10T10:13:00.000Z","end":"2022-05-10T10:14:00.000Z"},"country":"Finland","OPM":1,"Total_sales_vol":36.39999961853027,"rate_of_return":0.0}
{"window":{"start":"2022-05-07T00:33:00.000Z","end":"2022-05-07T00:34:00.000Z"},"country":"United Kingdom","OPM":14,"Total_sales_vol":920.6599930524826,"rate_of_return":0.04918032786885246}
{"window":{"start":"2022-05-10T05:56:00.000Z","end":"2022-05-10T05:57:00.000Z"},"country":"United Kingdom","OPM":11,"Total_sales_vol":504.89000087976456,"rate_of_return":0.09302325581395349}
{"window":{"start":"2022-05-06T17:32:00.000Z","end":"2022-05-06T17:33:00.000Z"},"country":"Poland","OPM":1,"Total_sales_vol":20.799999237060547,"rate_of_return":0.0}
{"window":{"start":"2022-05-06T13:19:00.000Z","end":"2022-05-06T13:20:00.000Z"},"country":"EIRE","OPM":1,"Total_sales_vol":15.789999961853027,"rate_of_return":0.0}
{"window":{"start":"2022-05-07T03:41:00.000Z","end":"2022-05-07T03:42:00.000Z"},"country":"France","OPM":1,"Total_sales_vol":323.8800115585327,"rate_of_return":0.0}
{"window":{"start":"2022-05-07T11:54:00.000Z","end":"2022-05-07T11:55:00.000Z"},"country":"France","OPM":1,"Total_sales_vol":17.700000762939453,"rate_of_return":0.0}
{"window":{"start":"2022-05-10T11:05:00.000Z","end":"2022-05-10T11:06:00.000Z"},"country":"United Kingdom","OPM":4,"Total_sales_vol":418.83001005649567,"rate_of_return":0.2916666666666667}
{"window":{"start":"2022-05-08T12:16:00.000Z","end":"2022-05-08T12:17:00.000Z"},"country":"United Kingdom","OPM":11,"Total_sales_vol":757.6299912631512,"rate_of_return":0.0}
{"window":{"start":"2022-05-09T15:09:00.000Z","end":"2022-05-09T15:10:00.000Z"},"country":"United Kingdom","OPM":12,"Total_sales_vol":482.0499976873398,"rate_of_return":0.0}
{"window":{"start":"2022-05-10T06:28:00.000Z","end":"2022-05-10T06:29:00.000Z"},"country":"United Kingdom","OPM":4,"Total_sales_vol":126.1800023317337,"rate_of_return":0.0}
{"window":{"start":"2022-05-06T01:47:00.000Z","end":"2022-05-06T01:48:00.000Z"},"country":"United Kingdom","OPM":17,"Total_sales_vol":1008.6899856925011,"rate_of_return":0.0}
{"window":{"start":"2022-05-07T22:19:00.000Z","end":"2022-05-07T22:20:00.000Z"},"country":"EIRE","OPM":1,"Total_sales_vol":17.25000011920929,"rate_of_return":0.0}
{"window":{"start":"2022-05-07T13:04:00.000Z","end":"2022-05-07T13:05:00.000Z"},"country":"United Kingdom","OPM":5,"Total_sales_vol":244.3400029540062,"rate_of_return":0.0}
{"window":{"start":"2022-05-10T01:02:00.000Z","end":"2022-05-10T01:03:00.000Z"},"country":"France","OPM":1,"Total_sales_vol":81.50000381469727,"rate_of_return":0.0}
{"window":{"start":"2022-05-06T10:03:00.000Z","end":"2022-05-06T10:04:00.000Z"},"country":"France","OPM":1,"Total_sales_vol":57.27000093460083,"rate_of_return":0.0}
{"window":{"start":"2022-05-10T09:30:00.000Z","end":"2022-05-10T09:31:00.000Z"},"country":"EIRE","OPM":1,"Total_sales_vol":77.97000026702881,"rate_of_return":0.0}
{"window":{"start":"2022-05-06T00:41:00.000Z","end":"2022-05-06T00:42:00.000Z"},"country":"France","OPM":1,"Total_sales_vol":11.899999618530273,"rate_of_return":0.0}
{"window":{"start":"2022-05-06T01:11:00.000Z","end":"2022-05-06T01:12:00.000Z"},"country":"Germany","OPM":1,"Total_sales_vol":68.23999917507172,"rate_of_return":0.0}
{"window":{"start":"2022-05-07T22:04:00.000Z","end":"2022-05-07T22:05:00.000Z"},"country":"United Kingdom","OPM":8,"Total_sales_vol":498.5999925136566,"rate_of_return":0.0}
{"window":{"start":"2022-05-08T23:07:00.000Z","end":"2022-05-08T23:08:00.000Z"},"country":"Switzerland","OPM":1,"Total_sales_vol":86.33999955654144,"rate_of_return":0.0}
{"window":{"start":"2022-05-07T00:06:00.000Z","end":"2022-05-07T00:07:00.000Z"},"country":"United Kingdom","OPM":8,"Total_sales_vol":1372.7000420689583,"rate_of_return":0.0}
{"window":{"start":"2022-05-08T12:25:00.000Z","end":"2022-05-08T12:26:00.000Z"},"country":"EIRE","OPM":1,"Total_sales_vol":19.53999972343445,"rate_of_return":0.0}
{"window":{"start":"2022-05-05T18:49:00.000Z","end":"2022-05-05T18:50:00.000Z"},"country":"United Kingdom","OPM":4,"Total_sales_vol":291.5299962759018,"rate_of_return":0.0}
{"window":{"start":"2022-05-07T11:20:00.000Z","end":"2022-05-07T11:21:00.000Z"},"country":"United Kingdom","OPM":11,"Total_sales_vol":747.3499936461449,"rate_of_return":0.0}
{"window":{"start":"2022-05-06T04:45:00.000Z","end":"2022-05-06T04:46:00.000Z"},"country":"EIRE","OPM":2,"Total_sales_vol":20.48000144958496,"rate_of_return":0.3333333333333333}
{"window":{"start":"2022-05-09T00:55:00.000Z","end":"2022-05-09T00:56:00.000Z"},"country":"Australia","OPM":1,"Total_sales_vol":45.0,"rate_of_return":0.0}
{"window":{"start":"2022-05-09T06:18:00.000Z","end":"2022-05-09T06:19:00.000Z"},"country":"Netherlands","OPM":1,"Total_sales_vol":3.21999990940094,"rate_of_return":0.0}
{"window":{"start":"2022-05-10T01:37:00.000Z","end":"2022-05-10T01:38:00.000Z"},"country":"United Kingdom","OPM":5,"Total_sales_vol":1116.1900393366814,"rate_of_return":0.0}
{"window":{"start":"2022-05-06T09:09:00.000Z","end":"2022-05-06T09:10:00.000Z"},"country":"Germany","OPM":1,"Total_sales_vol":110.8999992609024,"rate_of_return":0.0}
{"window":{"start":"2022-05-06T19:43:00.000Z","end":"2022-05-06T19:44:00.000Z"},"country":"United Kingdom","OPM":4,"Total_sales_vol":834.1099932789803,"rate_of_return":0.0}
{"window":{"start":"2022-05-10T09:37:00.000Z","end":"2022-05-10T09:38:00.000Z"},"country":"United Kingdom","OPM":8,"Total_sales_vol":864.6199924945831,"rate_of_return":0.029411764705882353}
{"window":{"start":"2022-05-06T12:33:00.000Z","end":"2022-05-06T12:34:00.000Z"},"country":"Germany","OPM":1,"Total_sales_vol":36.50000047683716,"rate_of_return":0.0}
{"window":{"start":"2022-05-07T11:25:00.000Z","end":"2022-05-07T11:26:00.000Z"},"country":"United Kingdom","OPM":5,"Total_sales_vol":131.1700018644333,"rate_of_return":0.0}
{"window":{"start":"2022-05-08T02:00:00.000Z","end":"2022-05-08T02:01:00.000Z"},"country":"United Kingdom","OPM":5,"Total_sales_vol":279.5400062799454,"rate_of_return":0.0}
{"window":{"start":"2022-05-07T04:49:00.000Z","end":"2022-05-07T04:50:00.000Z"},"country":"United Kingdom","OPM":8,"Total_sales_vol":21.820000737905502,"rate_of_return":0.1935483870967742}
{"window":{"start":"2022-05-09T14:44:00.000Z","end":"2022-05-09T14:45:00.000Z"},"country":"Netherlands","OPM":1,"Total_sales_vol":102.22999814152718,"rate_of_return":0.0}
{"window":{"start":"2022-05-10T08:14:00.000Z","end":"2022-05-10T08:15:00.000Z"},"country":"France","OPM":1,"Total_sales_vol":30.989998817443848,"rate_of_return":0.0}
{"window":{"start":"2022-05-07T19:59:00.000Z","end":"2022-05-07T20:00:00.000Z"},"country":"United Kingdom","OPM":14,"Total_sales_vol":1719.0100213885307,"rate_of_return":0.0}
{"window":{"start":"2022-05-08T04:55:00.000Z","end":"2022-05-08T04:56:00.000Z"},"country":"Spain","OPM":1,"Total_sales_vol":28.269999742507935,"rate_of_return":0.0}
{"window":{"start":"2022-05-07T17:16:00.000Z","end":"2022-05-07T17:17:00.000Z"},"country":"EIRE","OPM":1,"Total_sales_vol":36.28000020980835,"rate_of_return":0.0}
{"window":{"start":"2022-05-06T13:05:00.000Z","end":"2022-05-06T13:06:00.000Z"},"country":"United Kingdom","OPM":12,"Total_sales_vol":340.5600008368492,"rate_of_return":0.0}
{"window":{"start":"2022-05-06T08:23:00.000Z","end":"2022-05-06T08:24:00.000Z"},"country":"United Kingdom","OPM":13,"Total_sales_vol":577.4799980223179,"rate_of_return":0.0}
{"window":{"start":"2022-05-06T23:08:00.000Z","end":"2022-05-06T23:09:00.000Z"},"country":"United Kingdom","OPM":9,"Total_sales_vol":517.4999987483025,"rate_of_return":0.05555555555555555}
{"window":{"start":"2022-05-08T23:45:00.000Z","end":"2022-05-08T23:46:00.000Z"},"country":"United Kingdom","OPM":6,"Total_sales_vol":171.36000084877014,"rate_of_return":0.14285714285714285}
{"window":{"start":"2022-05-09T20:13:00.000Z","end":"2022-05-09T20:14:00.000Z"},"country":"United Kingdom","OPM":11,"Total_sales_vol":445.6499986052513,"rate_of_return":0.2727272727272727}
{"window":{"start":"2022-05-08T05:56:00.000Z","end":"2022-05-08T05:57:00.000Z"},"country":"France","OPM":1,"Total_sales_vol":399.3900001049042,"rate_of_return":0.0}
{"window":{"start":"2022-05-07T05:58:00.000Z","end":"2022-05-07T05:59:00.000Z"},"country":"United Kingdom","OPM":14,"Total_sales_vol":1497.0099895894527,"rate_of_return":0.0}
{"window":{"start":"2022-05-08T10:35:00.000Z","end":"2022-05-08T10:36:00.000Z"},"country":"United Kingdom","OPM":5,"Total_sales_vol":319.65998899936676,"rate_of_return":0.0}
{"window":{"start":"2022-05-07T04:17:00.000Z","end":"2022-05-07T04:18:00.000Z"},"country":"United Kingdom","OPM":6,"Total_sales_vol":250.68999707698822,"rate_of_return":0.0}
{"window":{"start":"2022-05-09T19:20:00.000Z","end":"2022-05-09T19:21:00.000Z"},"country":"Netherlands","OPM":1,"Total_sales_vol":60.7599983215332,"rate_of_return":0.0}
{"window":{"start":"2022-05-08T13:05:00.000Z","end":"2022-05-08T13:06:00.000Z"},"country":"Germany","OPM":1,"Total_sales_vol":138.20000076293945,"rate_of_return":0.0}
{"window":{"start":"2022-05-06T20:52:00.000Z","end":"2022-05-06T20:53:00.000Z"},"country":"France","OPM":1,"Total_sales_vol":27.25000023841858,"rate_of_return":0.0}
{"window":{"start":"2022-05-05T20:13:00.000Z","end":"2022-05-05T20:14:00.000Z"},"country":"United Kingdom","OPM":15,"Total_sales_vol":836.8199918568134,"rate_of_return":0.043478260869565216}
{"window":{"start":"2022-05-07T10:22:00.000Z","end":"2022-05-07T10:23:00.000Z"},"country":"France","OPM":1,"Total_sales_vol":117.50000061094761,"rate_of_return":0.0}
{"window":{"start":"2022-05-06T21:16:00.000Z","end":"2022-05-06T21:17:00.000Z"},"country":"United Kingdom","OPM":12,"Total_sales_vol":768.2999948859215,"rate_of_return":0.12}
{"window":{"start":"2022-05-08T05:43:00.000Z","end":"2022-05-08T05:44:00.000Z"},"country":"EIRE","OPM":1,"Total_sales_vol":32.09999990463257,"rate_of_return":0.0}
{"window":{"start":"2022-05-07T05:30:00.000Z","end":"2022-05-07T05:31:00.000Z"},"country":"United Kingdom","OPM":14,"Total_sales_vol":1339.6099886000156,"rate_of_return":0.0}
{"window":{"start":"2022-05-10T07:15:00.000Z","end":"2022-05-10T07:16:00.000Z"},"country":"Germany","OPM":1,"Total_sales_vol":50.39999771118164,"rate_of_return":0.0}
{"window":{"start":"2022-05-09T10:33:00.000Z","end":"2022-05-09T10:34:00.000Z"},"country":"United Kingdom","OPM":8,"Total_sales_vol":696.890004992485,"rate_of_return":0.0625}
{"window":{"start":"2022-05-09T14:56:00.000Z","end":"2022-05-09T14:57:00.000Z"},"country":"Portugal","OPM":1,"Total_sales_vol":16.639999389648438,"rate_of_return":0.0}
{"window":{"start":"2022-05-06T10:26:00.000Z","end":"2022-05-06T10:27:00.000Z"},"country":"Germany","OPM":1,"Total_sales_vol":1.649999976158142,"rate_of_return":0.0}
{"window":{"start":"2022-05-06T23:55:00.000Z","end":"2022-05-06T23:56:00.000Z"},"country":"United Kingdom","OPM":6,"Total_sales_vol":967.8300011456013,"rate_of_return":0.0}
{"window":{"start":"2022-05-07T11:48:00.000Z","end":"2022-05-07T11:49:00.000Z"},"country":"Germany","OPM":1,"Total_sales_vol":11.729999899864197,"rate_of_return":0.0}
{"window":{"start":"2022-05-09T16:50:00.000Z","end":"2022-05-09T16:51:00.000Z"},"country":"EIRE","OPM":1,"Total_sales_vol":163.389996483922,"rate_of_return":0.0}
{"window":{"start":"2022-05-08T21:49:00.000Z","end":"2022-05-08T21:50:00.000Z"},"country":"United Kingdom","OPM":4,"Total_sales_vol":1121.4199949502945,"rate_of_return":0.0}
{"window":{"start":"2022-05-10T04:29:00.000Z","end":"2022-05-10T04:30:00.000Z"},"country":"Belgium","OPM":1,"Total_sales_vol":4.539999961853027,"rate_of_return":0.0}
{"window":{"start":"2022-05-07T11:57:00.000Z","end":"2022-05-07T11:58:00.000Z"},"country":"United Kingdom","OPM":13,"Total_sales_vol":967.8100004196167,"rate_of_return":0.09803921568627451}
{"window":{"start":"2022-05-07T13:40:00.000Z","end":"2022-05-07T13:41:00.000Z"},"country":"United Kingdom","OPM":9,"Total_sales_vol":747.8700006604195,"rate_of_return":0.0}
{"window":{"start":"2022-05-07T03:19:00.000Z","end":"2022-05-07T03:20:00.000Z"},"country":"Spain","OPM":1,"Total_sales_vol":26.790000438690186,"rate_of_return":0.0}
{"window":{"start":"2022-05-05T20:10:00.000Z","end":"2022-05-05T20:11:00.000Z"},"country":"Norway","OPM":1,"Total_sales_vol":226.38000106811523,"rate_of_return":0.0}
{"window":{"start":"2022-05-06T03:13:00.000Z","end":"2022-05-06T03:14:00.000Z"},"country":"United Kingdom","OPM":9,"Total_sales_vol":502.06999483704567,"rate_of_return":0.05714285714285714}
{"window":{"start":"2022-05-05T19:36:00.000Z","end":"2022-05-05T19:37:00.000Z"},"country":"EIRE","OPM":1,"Total_sales_vol":72.1700005531311,"rate_of_return":0.0}
{"window":{"start":"2022-05-07T16:51:00.000Z","end":"2022-05-07T16:52:00.000Z"},"country":"Netherlands","OPM":1,"Total_sales_vol":15.430000007152557,"rate_of_return":0.0}
{"window":{"start":"2022-05-05T22:00:00.000Z","end":"2022-05-05T22:01:00.000Z"},"country":"United Kingdom","OPM":13,"Total_sales_vol":1020.949999332428,"rate_of_return":0.057971014492753624}
{"window":{"start":"2022-05-06T03:46:00.000Z","end":"2022-05-06T03:47:00.000Z"},"country":"United Kingdom","OPM":9,"Total_sales_vol":434.56000700592995,"rate_of_return":0.0}
{"window":{"start":"2022-05-09T21:52:00.000Z","end":"2022-05-09T21:53:00.000Z"},"country":"United Kingdom","OPM":5,"Total_sales_vol":702.3299742341042,"rate_of_return":0.0}
