{"window":{"start":"2022-05-05T18:14:00.000Z","end":"2022-05-05T18:15:00.000Z"},"country":"United Kingdom","OPM":5,"Total_sales_vol":339.7599996626377,"rate_of_return":0.0}
{"window":{"start":"2022-05-08T03:11:00.000Z","end":"2022-05-08T03:12:00.000Z"},"country":"Germany","OPM":1,"Total_sales_vol":74.10999941825867,"rate_of_return":0.0}
{"window":{"start":"2022-05-07T13:02:00.000Z","end":"2022-05-07T13:03:00.000Z"},"country":"Netherlands","OPM":1,"Total_sales_vol":104.23999774456024,"rate_of_return":0.0}
{"window":{"start":"2022-05-06T15:10:00.000Z","end":"2022-05-06T15:11:00.000Z"},"country":"United Kingdom","OPM":13,"Total_sales_vol":1210.0599896013737,"rate_of_return":0.0975609756097561}
{"window":{"start":"2022-05-07T05:35:00.000Z","end":"2022-05-07T05:36:00.000Z"},"country":"France","OPM":1,"Total_sales_vol":28.27999997138977,"rate_of_return":0.0}
{"window":{"start":"2022-05-08T08:13:00.000Z","end":"2022-05-08T08:14:00.000Z"},"country":"United Kingdom","OPM":7,"Total_sales_vol":205.17999947071075,"rate_of_return":0.0}
{"window":{"start":"2022-05-06T06:54:00.000Z","end":"2022-05-06T06:55:00.000Z"},"country":"Italy","OPM":1,"Total_sales_vol":3.4000000953674316,"rate_of_return":0.0}
{"window":{"start":"2022-05-08T10:18:00.000Z","end":"2022-05-08T10:19:00.000Z"},"country":"United Kingdom","OPM":8,"Total_sales_vol":240.4099999666214,"rate_of_return":0.0}
{"window":{"start":"2022-05-10T02:27:00.000Z","end":"2022-05-10T02:28:00.000Z"},"country":"Finland","OPM":1,"Total_sales_vol":86.07999968528748,"rate_of_return":0.0}
{"window":{"start":"2022-05-06T23:31:00.000Z","end":"2022-05-06T23:32:00.000Z"},"country":"United Kingdom","OPM":15,"Total_sales_vol":1728.5399842858315,"rate_of_return":0.0}
{"window":{"start":"2022-05-06T12:39:00.000Z","end":"2022-05-06T12:40:00.000Z"},"country":"United Kingdom","OPM":14,"Total_sales_vol":903.3199964165688,"rate_of_return":0.0}
{"window":{"start":"2022-05-09T22:22:00.000Z","end":"2022-05-09T22:23:00.000Z"},"country":"United Kingdom","OPM":8,"Total_sales_vol":281.6500004529953,"rate_of_return":0.11538461538461539}
{"window":{"start":"2022-05-10T09:35:00.000Z","end":"2022-05-10T09:36:00.000Z"},"country":"Spain","OPM":1,"Total_sales_vol":24.990000247955322,"rate_of_return":0.0}
{"window":{"start":"2022-05-07T10:30:00.000Z","end":"2022-05-07T10:31:00.000Z"},"country":"EIRE","OPM":1,"Total_sales_vol":71.29999709129333,"rate_of_return":0.0}
{"window":{"start":"2022-05-06T17:51:00.000Z","end":"2022-05-06T17:52:00.000Z"},"country":"United Kingdom","OPM":6,"Total_sales_vol":234.34999677538872,"rate_of_return":0.0}
{"window":{"start":"2022-05-07T13:01:00.000Z","end":"2022-05-07T13:02:00.000Z"},"country":"United Kingdom","OPM":13,"Total_sales_vol":329.61001178622246,"rate_of_return":0.21052631578947367}
{"window":{"start":"2022-05-08T17:08:00.000Z","end":"2022-05-08T17:09:00.000Z"},"country":"Switzerland","OPM":1,"Total_sales_vol":319.30001068115234,"rate_of_return":0.0}
{"window":{"start":"2022-05-10T01:18:00.000Z","end":"2022-05-10T01:19:00.000Z"},"country":"United Kingdom","OPM":9,"Total_sales_vol":1188.5199848413467,"rate_of_return":0.0}
{"window":{"start":"2022-05-07T17:13:00.000Z","end":"2022-05-07T17:14:00.000Z"},"country":"Norway","OPM":1,"Total_sales_vol":5.949999809265137,"rate_of_return":0.0}
{"window":{"start":"2022-05-10T02:14:00.000Z","end":"2022-05-10T02:15:00.000Z"},"country":"Spain","OPM":1,"Total_sales_vol":29.249999403953552,"rate_of_return":0.0}
{"window":{"start":"2022-05-08T16:47:00.000Z","end":"2022-05-08T16:48:00.000Z"},"country":"United Kingdom","OPM":11,"Total_sales_vol":666.6400009989738,"rate_of_return":0.0}
{"window":{"start":"2022-05-05T22:55:00.000Z","end":"2022-05-05T22:56:00.000Z"},"country":"Belgium","OPM":1,"Total_sales_vol":14.580000042915344,"rate_of_return":0.0}
{"window":{"start":"2022-05-06T08:34:00.000Z","end":"2022-05-06T08:35:00.000Z"},"country":"United Kingdom","OPM":15,"Total_sales_vol":1013.7699980139732,"rate_of_return":0.02702702702702703}
{"window":{"start":"2022-05-06T02:40:00.000Z","end":"2022-05-06T02:41:00.000Z"},"country":"United Kingdom","OPM":13,"Total_sales_vol":974.9700073599815,"rate_of_return":0.0}
{"window":{"start":"2022-05-08T05:38:00.000Z","end":"2022-05-08T05:39:00.000Z"},"country":"United Kingdom","OPM":6,"Total_sales_vol":277.72999823093414,"rate_of_return":0.06666666666666667}
{"window":{"start":"2022-05-08T19:14:00.000Z","end":"2022-05-08T19:15:00.000Z"},"country":"United Kingdom","OPM":7,"Total_sales_vol":450.4200000166893,"rate_of_return":0.08}
{"window":{"start":"2022-05-07T00:27:00.000Z","end":"2022-05-07T00:28:00.000Z"},"country":"Australia","OPM":1,"Total_sales_vol":48.84999895095825,"rate_of_return":0.0}
{"window":{"start":"2022-05-06T20:05:00.000Z","end":"2022-05-06T20:06:00.000Z"},"country":"United Kingdom","OPM":5,"Total_sales_vol":178.68999791145325,"rate_of_return":0.0}
{"window":{"start":"2022-05-09T23:02:00.000Z","end":"2022-05-09T23:03:00.000Z"},"country":"United Kingdom","OPM":9,"Total_sales_vol":55.75000190734863,"rate_of_return":0.2903225806451613}
{"window":{"start":"2022-05-06T08:57:00.000Z","end":"2022-05-06T08:58:00.000Z"},"country":"United Kingdom","OPM":12,"Total_sales_vol":428.4000082015991,"rate_of_return":0.21951219512195122}
{"window":{"start":"2022-05-09T03:39:00.000Z","end":"2022-05-09T03:40:00.000Z"},"country":"United Kingdom","OPM":15,"Total_sales_vol":397.3999981880188,"rate_of_return":0.14285714285714285}
{"window":{"start":"2022-05-06T08:43:00.000Z","end":"2022-05-06T08:44:00.000Z"},"country":"Germany","OPM":2,"Total_sales_vol":114.57999646663666,"rate_of_return":0.0}
{"window":{"start":"2022-05-07T06:41:00.000Z","end":"2022-05-07T06:42:00.000Z"},"country":"Netherlands","OPM":1,"Total_sales_vol":17.549999952316284,"rate_of_return":0.0}
{"window":{"start":"2022-05-08T23:28:00.000Z","end":"2022-05-08T23:29:00.000Z"},"country":"USA","OPM":1,"Total_sales_vol":2.950000047683716,"rate_of_return":0.0}
{"window":{"start":"2022-05-06T16:08:00.000Z","end":"2022-05-06T16:09:00.000Z"},"country":"United Kingdom","OPM":7,"Total_sales_vol":753.4800095558167,"rate_of_return":0.0}
{"window":{"start":"2022-05-07T20:34:00.000Z","end":"2022-05-07T20:35:00.000Z"},"country":"United Kingdom","OPM":7,"Total_sales_vol":162.01000180840492,"rate_of_return":0.0}
{"window":{"start":"2022-05-05T22:31:00.000Z","end":"2022-05-05T22:32:00.000Z"},"country":"United Kingdom","OPM":9,"Total_sales_vol":505.17999720573425,"rate_of_return":0.058823529411764705}
{"window":{"start":"2022-05-06T02:29:00.000Z","end":"2022-05-06T02:30:00.000Z"},"country":"Netherlands","OPM":1,"Total_sales_vol":208.0899913907051,"rate_of_return":0.0}
{"window":{"start":"2022-05-09T22:31:00.000Z","end":"2022-05-09T22:32:00.000Z"},"country":"France","OPM":1,"Total_sales_vol":153.20999145507812,"rate_of_return":0.0}
{"window":{"start":"2022-05-08T07:54:00.000Z","end":"2022-05-08T07:55:00.000Z"},"country":"EIRE","OPM":1,"Total_sales_vol":40.150001525878906,"rate_of_return":0.0}
{"window":{"start":"2022-05-06T14:48:00.000Z","end":"2022-05-06T14:49:00.000Z"},"country":"United Kingdom","OPM":14,"Total_sales_vol":426.52999821305275,"rate_of_return":0.06060606060606061}
{"window":{"start":"2022-05-06T04:07:00.000Z","end":"2022-05-06T04:08:00.000Z"},"country":"Germany","OPM":1,"Total_sales_vol":36.73000147938728,"rate_of_return":0.0}
{"window":{"start":"2022-05-08T09:02:00.000Z","end":"2022-05-08T09:03:00.000Z"},"country":"United Kingdom","OPM":11,"Total_sales_vol":132.55000033974648,"rate_of_return":0.22727272727272727}
{"window":{"start":"2022-05-10T02:58:00.000Z","end":"2022-05-10T02:59:00.000Z"},"country":"Switzerland","OPM":1,"Total_sales_vol":63.8799991607666,"rate_of_return":0.0}
{"window":{"start":"2022-05-08T14:33:00.000Z","end":"2022-05-08T14:34:00.000Z"},"country":"Channel Islands","OPM":1,"Total_sales_vol":43.249998450279236,"rate_of_return":0.0}
{"window":{"start":"2022-05-08T02:55:00.000Z","end":"2022-05-08T02:56:00.000Z"},"country":"Finland","OPM":1,"Total_sales_vol":77.38000047206879,"rate_of_return":0.0}
{"window":{"start":"2022-05-07T07:31:00.000Z","end":"2022-05-07T07:32:00.000Z"},"country":"Japan","OPM":1,"Total_sales_vol":49.64999997615814,"rate_of_return":0.0}
{"window":{"start":"2022-05-06T19:36:00.000Z","end":"2022-05-06T19:37:00.000Z"},"country":"France","OPM":1,"Total_sales_vol":7.330000042915344,"rate_of_return":0.0}
{"window":{"start":"2022-05-09T15:13:00.000Z","end":"2022-05-09T15:14:00.000Z"},"country":"Belgium","OPM":1,"Total_sales_vol":69.69000148773193,"rate_of_return":0.0}
{"window":{"start":"2022-05-07T13:19:00.000Z","end":"2022-05-07T13:20:00.000Z"},"country":"United Kingdom","OPM":10,"Total_sales_vol":412.9599931240082,"rate_of_return":0.03333333333333333}
{"window":{"start":"2022-05-07T09:52:00.000Z","end":"2022-05-07T09:53:00.000Z"},"country":"United Kingdom","OPM":6,"Total_sales_vol":588.4800061583519,"rate_of_return":0.0}
{"window":{"start":"2022-05-09T10:37:00.000Z","end":"2022-05-09T10:38:00.000Z"},"country":"Germany","OPM":1,"Total_sales_vol":80.91000175476074,"rate_of_return":0.0}
{"window":{"start":"2022-05-09T08:34:00.000Z","end":"2022-05-09T08:35:00.000Z"},"country":"France","OPM":1,"Total_sales_vol":54.44999837875366,"rate_of_return":0.0}
{"window":{"start":"2022-05-07T05:06:00.000Z","end":"2022-05-07T05:07:00.000Z"},"country":"EIRE","OPM":1,"Total_sales_vol":529.5,"rate_of_return":0.0}
{"window":{"start":"2022-05-10T02:47:00.000Z","end":"2022-05-10T02:48:00.000Z"},"country":"United Kingdom","OPM":11,"Total_sales_vol":1007.2800099849701,"rate_of_return":0.0}
{"window":{"start":"2022-05-09T10:31:00.000Z","end":"2022-05-09T10:32:00.000Z"},"country":"United Kingdom","OPM":12,"Total_sales_vol":722.8600070774555,"rate_of_return":0.02564102564102564}
{"window":{"start":"2022-05-06T00:30:00.000Z","end":"2022-05-06T00:31:00.000Z"},"country":"United Kingdom","OPM":9,"Total_sales_vol":680.5700011253357,"rate_of_return":0.0}
{"window":{"start":"2022-05-08T22:10:00.000Z","end":"2022-05-08T22:11:00.000Z"},"country":"United Kingdom","OPM":8,"Total_sales_vol":493.27999463677406,"rate_of_return":0.0}
{"window":{"start":"2022-05-07T05:36:00.000Z","end":"2022-05-07T05:37:00.000Z"},"country":"Germany","OPM":1,"Total_sales_vol":160.809996843338,"rate_of_return":0.0}
{"window":{"start":"2022-05-05T19:18:00.000Z","end":"2022-05-05T19:19:00.000Z"},"country":"Hong Kong","OPM":1,"Total_sales_vol":18.899999856948853,"rate_of_return":0.0}
{"window":{"start":"2022-05-10T05:15:00.000Z","end":"2022-05-10T05:16:00.000Z"},"country":"United Kingdom","OPM":8,"Total_sales_vol":400.84000074863434,"rate_of_return":0.0}
{"window":{"start":"2022-05-10T13:10:00.000Z","end":"2022-05-10T13:11:00.000Z"},"country":"United Kingdom","OPM":6,"Total_sales_vol":364.6699977517128,"rate_of_return":0.0}
{"window":{"start":"2022-05-06T20:23:00.000Z","end":"2022-05-06T20:24:00.000Z"},"country":"EIRE","OPM":1,"Total_sales_vol":239.77999830245972,"rate_of_return":0.0}
{"window":{"start":"2022-05-07T17:11:00.000Z","end":"2022-05-07T17:12:00.000Z"},"country":"United Kingdom","OPM":9,"Total_sales_vol":1671.7699837684631,"rate_of_return":0.0}
{"window":{"start":"2022-05-10T04:41:00.000Z","end":"2022-05-10T04:42:00.000Z"},"country":"Switzerland","OPM":1,"Total_sales_vol":1.649999976158142,"rate_of_return":0.0}
{"window":{"start":"2022-05-09T18:25:00.000Z","end":"2022-05-09T18:26:00.000Z"},"country":"France","OPM":1,"Total_sales_vol":34.82999801635742,"rate_of_return":0.0}
{"window":{"start":"2022-05-06T01:54:00.000Z","end":"2022-05-06T01:55:00.000Z"},"country":"United Kingdom","OPM":10,"Total_sales_vol":434.189994931221,"rate_of_return":0.11904761904761904}
{"window":{"start":"2022-05-09T19:20:00.000Z","end":"2022-05-09T19:21:00.000Z"},"country":"United Kingdom","OPM":12,"Total_sales_vol":901.7099984884262,"rate_of_return":0.08108108108108109}
{"window":{"start":"2022-05-08T01:43:00.000Z","end":"2022-05-08T01:44:00.000Z"},"country":"United Kingdom","OPM":2,"Total_sales_vol":527.9199986457825,"rate_of_return":0.0}
{"window":{"start":"2022-05-10T04:17:00.000Z","end":"2022-05-10T04:18:00.000Z"},"country":"United Kingdom","OPM":9,"Total_sales_vol":95.26000145077705,"rate_of_return":0.21052631578947367}
{"window":{"start":"2022-05-07T10:00:00.000Z","end":"2022-05-07T10:01:00.000Z"},"country":"United Kingdom","OPM":7,"Total_sales_vol":490.86000126600266,"rate_of_return":0.05555555555555555}
