{"window":{"start":"2022-05-06T08:51:00.000Z","end":"2022-05-06T08:52:00.000Z"},"country":"France","OPM":1,"Total_sales_vol":17.25,"rate_of_return":0.0}
{"window":{"start":"2022-05-09T03:32:00.000Z","end":"2022-05-09T03:33:00.000Z"},"country":"United Kingdom","OPM":5,"Total_sales_vol":193.91999411582947,"rate_of_return":0.0}
{"window":{"start":"2022-05-09T21:45:00.000Z","end":"2022-05-09T21:46:00.000Z"},"country":"Belgium","OPM":1,"Total_sales_vol":210.240008354187,"rate_of_return":0.0}
{"window":{"start":"2022-05-09T02:13:00.000Z","end":"2022-05-09T02:14:00.000Z"},"country":"United Kingdom","OPM":11,"Total_sales_vol":502.1800023019314,"rate_of_return":0.16666666666666666}
{"window":{"start":"2022-05-06T03:34:00.000Z","end":"2022-05-06T03:35:00.000Z"},"country":"Portugal","OPM":1,"Total_sales_vol":81.69000267982483,"rate_of_return":0.0}
{"window":{"start":"2022-05-06T12:22:00.000Z","end":"2022-05-06T12:23:00.000Z"},"country":"Portugal","OPM":1,"Total_sales_vol":60.20000076293945,"rate_of_return":0.0}
{"window":{"start":"2022-05-10T01:08:00.000Z","end":"2022-05-10T01:09:00.000Z"},"country":"United Kingdom","OPM":12,"Total_sales_vol":493.40000146627426,"rate_of_return":0.14634146341463414}
{"window":{"start":"2022-05-05T20:03:00.000Z","end":"2022-05-05T20:04:00.000Z"},"country":"United Kingdom","OPM":8,"Total_sales_vol":616.7899946570396,"rate_of_return":0.0}
{"window":{"start":"2022-05-06T07:14:00.000Z","end":"2022-05-06T07:15:00.000Z"},"country":"France","OPM":1,"Total_sales_vol":34.499999046325684,"rate_of_return":0.0}
{"window":{"start":"2022-05-07T01:47:00.000Z","end":"2022-05-07T01:48:00.000Z"},"country":"Australia","OPM":1,"Total_sales_vol":78.10000312328339,"rate_of_return":0.0}
{"window":{"start":"2022-05-09T15:35:00.000Z","end":"2022-05-09T15:36:00.000Z"},"country":"Germany","OPM":1,"Total_sales_vol":12.630000114440918,"rate_of_return":0.0}
{"window":{"start":"2022-05-07T04:29:00.000Z","end":"2022-05-07T04:30:00.000Z"},"country":"United Kingdom","OPM":11,"Total_sales_vol":490.7299881577492,"rate_of_return":0.0}
{"window":{"start":"2022-05-05T18:24:00.000Z","end":"2022-05-05T18:25:00.000Z"},"country":"United Kingdom","OPM":10,"Total_sales_vol":344.7599951028824,"rate_of_return":0.0}
{"window":{"start":"2022-05-08T01:30:00.000Z","end":"2022-05-08T01:31:00.000Z"},"country":"Cyprus","OPM":1,"Total_sales_vol":20.9399995803833,"rate_of_return":0.0}
{"window":{"start":"2022-05-05T17:02:00.000Z","end":"2022-05-05T17:03:00.000Z"},"country":"United Kingdom","OPM":10,"Total_sales_vol":432.14999943971634,"rate_of_return":0.0}
{"window":{"start":"2022-05-08T10:53:00.000Z","end":"2022-05-08T10:54:00.000Z"},"country":"Channel Islands","OPM":1,"Total_sales_vol":22.020000457763672,"rate_of_return":0.0}
{"window":{"start":"2022-05-09T17:53:00.000Z","end":"2022-05-09T17:54:00.000Z"},"country":"EIRE","OPM":1,"Total_sales_vol":38.43000042438507,"rate_of_return":0.0}
{"window":{"start":"2022-05-07T05:55:00.000Z","end":"2022-05-07T05:56:00.000Z"},"country":"United Kingdom","OPM":9,"Total_sales_vol":637.020002245903,"rate_of_return":0.0}
{"window":{"start":"2022-05-06T16:25:00.000Z","end":"2022-05-06T16:26:00.000Z"},"country":"Switzerland","OPM":1,"Total_sales_vol":6.75,"rate_of_return":0.0}
{"window":{"start":"2022-05-08T19:30:00.000Z","end":"2022-05-08T19:31:00.000Z"},"country":"EIRE","OPM":2,"Total_sales_vol":230.4999976158142,"rate_of_return":0.0}
{"window":{"start":"2022-05-08T21:51:00.000Z","end":"2022-05-08T21:52:00.000Z"},"country":"United Kingdom","OPM":10,"Total_sales_vol":347.2399987578392,"rate_of_return":0.0}
{"window":{"start":"2022-05-10T09:35:00.000Z","end":"2022-05-10T09:36:00.000Z"},"country":"Belgium","OPM":1,"Total_sales_vol":40.80000019073486,"rate_of_return":0.0}
{"window":{"start":"2022-05-10T04:13:00.000Z","end":"2022-05-10T04:14:00.000Z"},"country":"Switzerland","OPM":1,"Total_sales_vol":14.360000610351562,"rate_of_return":0.0}
{"window":{"start":"2022-05-06T01:00:00.000Z","end":"2022-05-06T01:01:00.000Z"},"country":"Unspecified","OPM":1,"Total_sales_vol":23.929999589920044,"rate_of_return":0.0}
{"window":{"start":"2022-05-06T16:03:00.000Z","end":"2022-05-06T16:04:00.000Z"},"country":"Germany","OPM":1,"Total_sales_vol":18.40000009536743,"rate_of_return":0.0}
{"window":{"start":"2022-05-06T12:56:00.000Z","end":"2022-05-06T12:57:00.000Z"},"country":"United Kingdom","OPM":10,"Total_sales_vol":17.279998660087585,"rate_of_return":0.21739130434782608}
{"window":{"start":"2022-05-09T06:42:00.000Z","end":"2022-05-09T06:43:00.000Z"},"country":"United Kingdom","OPM":10,"Total_sales_vol":554.0999999642372,"rate_of_return":0.06060606060606061}
{"window":{"start":"2022-05-08T21:16:00.000Z","end":"2022-05-08T21:17:00.000Z"},"country":"United Kingdom","OPM":13,"Total_sales_vol":535.3499974012375,"rate_of_return":0.0}
{"window":{"start":"2022-05-10T02:24:00.000Z","end":"2022-05-10T02:25:00.000Z"},"country":"United Kingdom","OPM":5,"Total_sales_vol":286.7600039243698,"rate_of_return":0.0}
{"window":{"start":"2022-05-09T09:00:00.000Z","end":"2022-05-09T09:01:00.000Z"},"country":"Switzerland","OPM":1,"Total_sales_vol":33.950000047683716,"rate_of_return":0.0}
{"window":{"start":"2022-05-08T08:52:00.000Z","end":"2022-05-08T08:53:00.000Z"},"country":"Portugal","OPM":1,"Total_sales_vol":42.329999685287476,"rate_of_return":0.0}
{"window":{"start":"2022-05-08T19:20:00.000Z","end":"2022-05-08T19:21:00.000Z"},"country":"United Kingdom","OPM":9,"Total_sales_vol":365.03999638557434,"rate_of_return":0.0}
{"window":{"start":"2022-05-06T17:14:00.000Z","end":"2022-05-06T17:15:00.000Z"},"country":"United Kingdom","OPM":9,"Total_sales_vol":636.0300011336803,"rate_of_return":0.0}
{"window":{"start":"2022-05-07T18:08:00.000Z","end":"2022-05-07T18:09:00.000Z"},"country":"Channel Islands","OPM":1,"Total_sales_vol":66.98000049591064,"rate_of_return":0.0}
{"window":{"start":"2022-05-06T09:40:00.000Z","end":"2022-05-06T09:41:00.000Z"},"country":"United Kingdom","OPM":12,"Total_sales_vol":491.24000710248947,"rate_of_return":0.07142857142857142}
{"window":{"start":"2022-05-07T23:33:00.000Z","end":"2022-05-07T23:34:00.000Z"},"country":"United Kingdom","OPM":9,"Total_sales_vol":774.4099956154823,"rate_of_return":0.0}
{"window":{"start":"2022-05-09T05:46:00.000Z","end":"2022-05-09T05:47:00.000Z"},"country":"France","OPM":1,"Total_sales_vol":2.0999999046325684,"rate_of_return":0.0}
{"window":{"start":"2022-05-09T13:35:00.000Z","end":"2022-05-09T13:36:00.000Z"},"country":"United Kingdom","OPM":6,"Total_sales_vol":692.5700008869171,"rate_of_return":0.10714285714285714}
{"window":{"start":"2022-05-05T22:56:00.000Z","end":"2022-05-05T22:57:00.000Z"},"country":"United Kingdom","OPM":9,"Total_sales_vol":319.73999869823456,"rate_of_return":0.0}
{"window":{"start":"2022-05-06T01:33:00.000Z","end":"2022-05-06T01:34:00.000Z"},"country":"United Kingdom","OPM":8,"Total_sales_vol":382.3600044846535,"rate_of_return":0.0}
{"window":{"start":"2022-05-10T09:33:00.000Z","end":"2022-05-10T09:34:00.000Z"},"country":"United Kingdom","OPM":14,"Total_sales_vol":639.6100018173456,"rate_of_return":0.0}
{"window":{"start":"2022-05-10T01:58:00.000Z","end":"2022-05-10T01:59:00.000Z"},"country":"United Kingdom","OPM":7,"Total_sales_vol":-46.51998830586672,"rate_of_return":0.125}
{"window":{"start":"2022-05-07T05:52:00.000Z","end":"2022-05-07T05:53:00.000Z"},"country":"France","OPM":1,"Total_sales_vol":24.420001447200775,"rate_of_return":0.0}
{"window":{"start":"2022-05-07T09:00:00.000Z","end":"2022-05-07T09:01:00.000Z"},"country":"Germany","OPM":1,"Total_sales_vol":28.800000190734863,"rate_of_return":0.0}
{"window":{"start":"2022-05-09T17:59:00.000Z","end":"2022-05-09T18:00:00.000Z"},"country":"United Kingdom","OPM":16,"Total_sales_vol":1385.9699887633324,"rate_of_return":0.020833333333333332}
{"window":{"start":"2022-05-06T11:38:00.000Z","end":"2022-05-06T11:39:00.000Z"},"country":"United Kingdom","OPM":3,"Total_sales_vol":44.880000591278076,"rate_of_return":0.0}
{"window":{"start":"2022-05-07T14:41:00.000Z","end":"2022-05-07T14:42:00.000Z"},"country":"EIRE","OPM":1,"Total_sales_vol":176.0,"rate_of_return":0.0}
{"window":{"start":"2022-05-09T02:25:00.000Z","end":"2022-05-09T02:26:00.000Z"},"country":"EIRE","OPM":1,"Total_sales_vol":35.60000038146973,"rate_of_return":0.0}
{"window":{"start":"2022-05-09T07:04:00.000Z","end":"2022-05-09T07:05:00.000Z"},"country":"United Kingdom","OPM":9,"Total_sales_vol":807.3100059628487,"rate_of_return":0.0}
{"window":{"start":"2022-05-10T12:37:00.000Z","end":"2022-05-10T12:38:00.000Z"},"country":"United Kingdom","OPM":11,"Total_sales_vol":1481.929995417595,"rate_of_return":0.0}
{"window":{"start":"2022-05-07T00:02:00.000Z","end":"2022-05-07T00:03:00.000Z"},"country":"EIRE","OPM":1,"Total_sales_vol":17.140000104904175,"rate_of_return":0.0}
{"window":{"start":"2022-05-08T04:57:00.000Z","end":"2022-05-08T04:58:00.000Z"},"country":"Japan","OPM":1,"Total_sales_vol":5.0,"rate_of_return":0.0}
{"window":{"start":"2022-05-07T18:17:00.000Z","end":"2022-05-07T18:18:00.000Z"},"country":"EIRE","OPM":1,"Total_sales_vol":5.989999830722809,"rate_of_return":0.0}
{"window":{"start":"2022-05-09T03:31:00.000Z","end":"2022-05-09T03:32:00.000Z"},"country":"Belgium","OPM":1,"Total_sales_vol":1.649999976158142,"rate_of_return":0.0}
{"window":{"start":"2022-05-09T09:35:00.000Z","end":"2022-05-09T09:36:00.000Z"},"country":"Belgium","OPM":1,"Total_sales_vol":34.73999786376953,"rate_of_return":0.0}
{"window":{"start":"2022-05-07T12:42:00.000Z","end":"2022-05-07T12:43:00.000Z"},"country":"United Kingdom","OPM":11,"Total_sales_vol":524.2299985736609,"rate_of_return":0.0}
{"window":{"start":"2022-05-06T01:14:00.000Z","end":"2022-05-06T01:15:00.000Z"},"country":"United Kingdom","OPM":10,"Total_sales_vol":725.4500045478344,"rate_of_return":0.14285714285714285}
{"window":{"start":"2022-05-06T13:50:00.000Z","end":"2022-05-06T13:51:00.000Z"},"country":"Australia","OPM":1,"Total_sales_vol":39.119998931884766,"rate_of_return":0.0}
{"window":{"start":"2022-05-07T14:08:00.000Z","end":"2022-05-07T14:09:00.000Z"},"country":"United Kingdom","OPM":14,"Total_sales_vol":1015.0800014734268,"rate_of_return":0.0}
{"window":{"start":"2022-05-09T07:19:00.000Z","end":"2022-05-09T07:20:00.000Z"},"country":"Netherlands","OPM":1,"Total_sales_vol":17.849998474121094,"rate_of_return":0.0}
{"window":{"start":"2022-05-09T10:16:00.000Z","end":"2022-05-09T10:17:00.000Z"},"country":"United Kingdom","OPM":9,"Total_sales_vol":1265.1299821734428,"rate_of_return":0.02564102564102564}
{"window":{"start":"2022-05-10T06:50:00.000Z","end":"2022-05-10T06:51:00.000Z"},"country":"United Kingdom","OPM":6,"Total_sales_vol":580.6599934697151,"rate_of_return":0.0}
{"window":{"start":"2022-05-10T09:27:00.000Z","end":"2022-05-10T09:28:00.000Z"},"country":"United Kingdom","OPM":6,"Total_sales_vol":382.2299881577492,"rate_of_return":0.14285714285714285}
