{"window":{"start":"2022-05-06T04:20:00.000Z","end":"2022-05-06T04:21:00.000Z"},"country":"United Kingdom","OPM":6,"Total_sales_vol":180.9400009214878,"rate_of_return":0.0}
{"window":{"start":"2022-05-07T12:02:00.000Z","end":"2022-05-07T12:03:00.000Z"},"country":"Hong Kong","OPM":1,"Total_sales_vol":76.5,"rate_of_return":0.0}
{"window":{"start":"2022-05-09T01:29:00.000Z","end":"2022-05-09T01:30:00.000Z"},"country":"United Kingdom","OPM":15,"Total_sales_vol":420.8499935269356,"rate_of_return":0.029411764705882353}
{"window":{"start":"2022-05-10T00:22:00.000Z","end":"2022-05-10T00:23:00.000Z"},"country":"United Kingdom","OPM":17,"Total_sales_vol":1252.8299924731255,"rate_of_return":0.0625}
{"window":{"start":"2022-05-09T18:30:00.000Z","end":"2022-05-09T18:31:00.000Z"},"country":"United Kingdom","OPM":5,"Total_sales_vol":103.01000106334686,"rate_of_return":0.0}
{"window":{"start":"2022-05-09T05:41:00.000Z","end":"2022-05-09T05:42:00.000Z"},"country":"Belgium","OPM":1,"Total_sales_vol":8.300000190734863,"rate_of_return":0.0}
{"window":{"start":"2022-05-06T03:51:00.000Z","end":"2022-05-06T03:52:00.000Z"},"country":"EIRE","OPM":1,"Total_sales_vol":15.0,"rate_of_return":0.0}
{"window":{"start":"2022-05-07T18:01:00.000Z","end":"2022-05-07T18:02:00.000Z"},"country":"France","OPM":1,"Total_sales_vol":1.649999976158142,"rate_of_return":0.0}
{"window":{"start":"2022-05-07T10:17:00.000Z","end":"2022-05-07T10:18:00.000Z"},"country":"United Kingdom","OPM":7,"Total_sales_vol":351.5199998617172,"rate_of_return":0.0}
{"window":{"start":"2022-05-05T23:56:00.000Z","end":"2022-05-05T23:57:00.000Z"},"country":"United Kingdom","OPM":9,"Total_sales_vol":415.2999982237816,"rate_of_return":0.0}
{"window":{"start":"2022-05-05T20:35:00.000Z","end":"2022-05-05T20:36:00.000Z"},"country":"United Kingdom","OPM":8,"Total_sales_vol":543.3299859762192,"rate_of_return":0.0}
{"window":{"start":"2022-05-10T13:40:00.000Z","end":"2022-05-10T13:41:00.000Z"},"country":"Germany","OPM":1,"Total_sales_vol":109.38999652862549,"rate_of_return":0.0}
{"window":{"start":"2022-05-10T00:29:00.000Z","end":"2022-05-10T00:30:00.000Z"},"country":"EIRE","OPM":1,"Total_sales_vol":9.960000038146973,"rate_of_return":0.0}
{"window":{"start":"2022-05-08T04:21:00.000Z","end":"2022-05-08T04:22:00.000Z"},"country":"France","OPM":1,"Total_sales_vol":12.289999723434448,"rate_of_return":0.0}
{"window":{"start":"2022-05-09T09:18:00.000Z","end":"2022-05-09T09:19:00.000Z"},"country":"United Kingdom","OPM":6,"Total_sales_vol":238.93999817967415,"rate_of_return":0.0}
{"window":{"start":"2022-05-08T00:00:00.000Z","end":"2022-05-08T00:01:00.000Z"},"country":"Spain","OPM":1,"Total_sales_vol":10.039999961853027,"rate_of_return":0.0}
{"window":{"start":"2022-05-08T23:56:00.000Z","end":"2022-05-08T23:57:00.000Z"},"country":"United Kingdom","OPM":11,"Total_sales_vol":285.3200061917305,"rate_of_return":0.3333333333333333}
{"window":{"start":"2022-05-06T15:21:00.000Z","end":"2022-05-06T15:22:00.000Z"},"country":"United Kingdom","OPM":10,"Total_sales_vol":478.4499964118004,"rate_of_return":0.0}
{"window":{"start":"2022-05-07T02:07:00.000Z","end":"2022-05-07T02:08:00.000Z"},"country":"Germany","OPM":1,"Total_sales_vol":185.46999457478523,"rate_of_return":0.0}
{"window":{"start":"2022-05-09T02:55:00.000Z","end":"2022-05-09T02:56:00.000Z"},"country":"United Kingdom","OPM":12,"Total_sales_vol":959.1199888586998,"rate_of_return":0.0}
{"window":{"start":"2022-05-06T15:06:00.000Z","end":"2022-05-06T15:07:00.000Z"},"country":"United Kingdom","OPM":8,"Total_sales_vol":723.3599876761436,"rate_of_return":0.0}
{"window":{"start":"2022-05-08T23:42:00.000Z","end":"2022-05-08T23:43:00.000Z"},"country":"Germany","OPM":1,"Total_sales_vol":34.73999786376953,"rate_of_return":0.0}
{"window":{"start":"2022-05-09T12:50:00.000Z","end":"2022-05-09T12:51:00.000Z"},"country":"United Kingdom","OPM":7,"Total_sales_vol":655.6300152540207,"rate_of_return":0.0}
{"window":{"start":"2022-05-09T03:29:00.000Z","end":"2022-05-09T03:30:00.000Z"},"country":"Germany","OPM":1,"Total_sales_vol":20.799999237060547,"rate_of_return":0.0}
{"window":{"start":"2022-05-10T02:46:00.000Z","end":"2022-05-10T02:47:00.000Z"},"country":"France","OPM":1,"Total_sales_vol":5.039999961853027,"rate_of_return":0.0}
{"window":{"start":"2022-05-09T03:49:00.000Z","end":"2022-05-09T03:50:00.000Z"},"country":"United Kingdom","OPM":5,"Total_sales_vol":565.769998729229,"rate_of_return":0.0}
{"window":{"start":"2022-05-09T17:38:00.000Z","end":"2022-05-09T17:39:00.000Z"},"country":"Cyprus","OPM":1,"Total_sales_vol":4.549999952316284,"rate_of_return":0.0}
{"window":{"start":"2022-05-08T16:49:00.000Z","end":"2022-05-08T16:50:00.000Z"},"country":"United Kingdom","OPM":10,"Total_sales_vol":219.48000067472458,"rate_of_return":0.17391304347826086}
{"window":{"start":"2022-05-07T01:17:00.000Z","end":"2022-05-07T01:18:00.000Z"},"country":"Hong Kong","OPM":1,"Total_sales_vol":5.0,"rate_of_return":0.0}
{"window":{"start":"2022-05-06T22:25:00.000Z","end":"2022-05-06T22:26:00.000Z"},"country":"Italy","OPM":1,"Total_sales_vol":27.539999961853027,"rate_of_return":0.0}
{"window":{"start":"2022-05-09T07:42:00.000Z","end":"2022-05-09T07:43:00.000Z"},"country":"United Kingdom","OPM":10,"Total_sales_vol":574.1799982786179,"rate_of_return":0.0}
{"window":{"start":"2022-05-08T05:15:00.000Z","end":"2022-05-08T05:16:00.000Z"},"country":"Belgium","OPM":1,"Total_sales_vol":-45.04999828338623,"rate_of_return":1.0}
{"window":{"start":"2022-05-07T18:10:00.000Z","end":"2022-05-07T18:11:00.000Z"},"country":"EIRE","OPM":1,"Total_sales_vol":44.880001068115234,"rate_of_return":0.0}
{"window":{"start":"2022-05-10T13:25:00.000Z","end":"2022-05-10T13:26:00.000Z"},"country":"United Kingdom","OPM":13,"Total_sales_vol":783.689994096756,"rate_of_return":0.07407407407407407}
{"window":{"start":"2022-05-09T04:32:00.000Z","end":"2022-05-09T04:33:00.000Z"},"country":"United Kingdom","OPM":14,"Total_sales_vol":1156.2700109183788,"rate_of_return":0.01694915254237288}
{"window":{"start":"2022-05-06T01:19:00.000Z","end":"2022-05-06T01:20:00.000Z"},"country":"EIRE","OPM":1,"Total_sales_vol":28.089999198913574,"rate_of_return":0.0}
{"window":{"start":"2022-05-08T13:02:00.000Z","end":"2022-05-08T13:03:00.000Z"},"country":"United Kingdom","OPM":12,"Total_sales_vol":825.3000026345253,"rate_of_return":0.07317073170731707}
{"window":{"start":"2022-05-05T22:11:00.000Z","end":"2022-05-05T22:12:00.000Z"},"country":"United Kingdom","OPM":14,"Total_sales_vol":3911.1499058902264,"rate_of_return":0.0}
{"window":{"start":"2022-05-10T10:33:00.000Z","end":"2022-05-10T10:34:00.000Z"},"country":"United Kingdom","OPM":14,"Total_sales_vol":839.91999989748,"rate_of_return":0.12244897959183673}
{"window":{"start":"2022-05-07T15:23:00.000Z","end":"2022-05-07T15:24:00.000Z"},"country":"United Kingdom","OPM":11,"Total_sales_vol":645.6800075769424,"rate_of_return":0.0}
{"window":{"start":"2022-05-06T21:31:00.000Z","end":"2022-05-06T21:32:00.000Z"},"country":"United Kingdom","OPM":4,"Total_sales_vol":475.96001240611076,"rate_of_return":0.0}
{"window":{"start":"2022-05-07T09:50:00.000Z","end":"2022-05-07T09:51:00.000Z"},"country":"United Kingdom","OPM":14,"Total_sales_vol":735.4999839067459,"rate_of_return":0.0}
{"window":{"start":"2022-05-06T09:41:00.000Z","end":"2022-05-06T09:42:00.000Z"},"country":"United Kingdom","OPM":15,"Total_sales_vol":1046.739991992712,"rate_of_return":0.05555555555555555}
{"window":{"start":"2022-05-06T11:26:00.000Z","end":"2022-05-06T11:27:00.000Z"},"country":"Channel Islands","OPM":1,"Total_sales_vol":88.41000306606293,"rate_of_return":0.0}
{"window":{"start":"2022-05-09T05:34:00.000Z","end":"2022-05-09T05:35:00.000Z"},"country":"United Kingdom","OPM":11,"Total_sales_vol":536.1700038909912,"rate_of_return":0.0}
{"window":{"start":"2022-05-09T02:38:00.000Z","end":"2022-05-09T02:39:00.000Z"},"country":"France","OPM":1,"Total_sales_vol":60.47999954223633,"rate_of_return":0.0}
{"window":{"start":"2022-05-05T17:21:00.000Z","end":"2022-05-05T17:22:00.000Z"},"country":"United Kingdom","OPM":10,"Total_sales_vol":2469.1098961234093,"rate_of_return":0.0}
{"window":{"start":"2022-05-08T11:56:00.000Z","end":"2022-05-08T11:57:00.000Z"},"country":"United Kingdom","OPM":7,"Total_sales_vol":407.1000053882599,"rate_of_return":0.045454545454545456}
{"window":{"start":"2022-05-08T09:03:00.000Z","end":"2022-05-08T09:04:00.000Z"},"country":"Switzerland","OPM":1,"Total_sales_vol":-4.7500001192092896,"rate_of_return":1.0}
{"window":{"start":"2022-05-07T15:17:00.000Z","end":"2022-05-07T15:18:00.000Z"},"country":"Switzerland","OPM":1,"Total_sales_vol":30.770001471042633,"rate_of_return":0.0}
{"window":{"start":"2022-05-05T20:31:00.000Z","end":"2022-05-05T20:32:00.000Z"},"country":"United Kingdom","OPM":11,"Total_sales_vol":437.11000084877014,"rate_of_return":0.0}
{"window":{"start":"2022-05-09T01:27:00.000Z","end":"2022-05-09T01:28:00.000Z"},"country":"United Kingdom","OPM":12,"Total_sales_vol":308.83999115228653,"rate_of_return":0.08333333333333333}
{"window":{"start":"2022-05-08T12:08:00.000Z","end":"2022-05-08T12:09:00.000Z"},"country":"Germany","OPM":1,"Total_sales_vol":8.249999761581421,"rate_of_return":0.0}
{"window":{"start":"2022-05-05T21:06:00.000Z","end":"2022-05-05T21:07:00.000Z"},"country":"United Kingdom","OPM":11,"Total_sales_vol":26.809999138116837,"rate_of_return":0.275}
{"window":{"start":"2022-05-06T20:32:00.000Z","end":"2022-05-06T20:33:00.000Z"},"country":"United Kingdom","OPM":6,"Total_sales_vol":193.78999543190002,"rate_of_return":0.0}
