{"window":{"start":"2022-05-09T06:25:00.000Z","end":"2022-05-09T06:26:00.000Z"},"country":"United Kingdom","OPM":9,"Total_sales_vol":10912.009994149208,"rate_of_return":0.08823529411764706}
{"window":{"start":"2022-05-08T23:14:00.000Z","end":"2022-05-08T23:15:00.000Z"},"country":"Belgium","OPM":1,"Total_sales_vol":29.679999589920044,"rate_of_return":0.0}
{"window":{"start":"2022-05-09T11:58:00.000Z","end":"2022-05-09T11:59:00.000Z"},"country":"United Kingdom","OPM":13,"Total_sales_vol":1234.269998908043,"rate_of_return":0.0}
{"window":{"start":"2022-05-07T00:49:00.000Z","end":"2022-05-07T00:50:00.000Z"},"country":"Sweden","OPM":1,"Total_sales_vol":198.9000005722046,"rate_of_return":0.0}
{"window":{"start":"2022-05-08T09:43:00.000Z","end":"2022-05-08T09:44:00.000Z"},"country":"United Kingdom","OPM":5,"Total_sales_vol":210.24999606609344,"rate_of_return":0.0}
{"window":{"start":"2022-05-08T18:57:00.000Z","end":"2022-05-08T18:58:00.000Z"},"country":"United Kingdom","OPM":14,"Total_sales_vol":1314.5399967432022,"rate_of_return":0.0}
{"window":{"start":"2022-05-06T20:17:00.000Z","end":"2022-05-06T20:18:00.000Z"},"country":"EIRE","OPM":1,"Total_sales_vol":43.920000076293945,"rate_of_return":0.0}
{"window":{"start":"2022-05-07T20:41:00.000Z","end":"2022-05-07T20:42:00.000Z"},"country":"United Kingdom","OPM":7,"Total_sales_vol":747.8100208044052,"rate_of_return":0.17857142857142858}
{"window":{"start":"2022-05-08T07:54:00.000Z","end":"2022-05-08T07:55:00.000Z"},"country":"United Kingdom","OPM":11,"Total_sales_vol":405.0700014978647,"rate_of_return":0.07407407407407407}
{"window":{"start":"2022-05-07T03:13:00.000Z","end":"2022-05-07T03:14:00.000Z"},"country":"Germany","OPM":1,"Total_sales_vol":3.4000000953674316,"rate_of_return":0.0}
{"window":{"start":"2022-05-08T01:56:00.000Z","end":"2022-05-08T01:57:00.000Z"},"country":"France","OPM":1,"Total_sales_vol":80.42999744415283,"rate_of_return":0.0}
{"window":{"start":"2022-05-07T08:08:00.000Z","end":"2022-05-07T08:09:00.000Z"},"country":"EIRE","OPM":1,"Total_sales_vol":102.0,"rate_of_return":0.0}
{"window":{"start":"2022-05-07T01:08:00.000Z","end":"2022-05-07T01:09:00.000Z"},"country":"Belgium","OPM":1,"Total_sales_vol":114.94999969005585,"rate_of_return":0.0}
{"window":{"start":"2022-05-08T15:44:00.000Z","end":"2022-05-08T15:45:00.000Z"},"country":"United Kingdom","OPM":7,"Total_sales_vol":586.6400001049042,"rate_of_return":0.0}
{"window":{"start":"2022-05-07T19:23:00.000Z","end":"2022-05-07T19:24:00.000Z"},"country":"EIRE","OPM":1,"Total_sales_vol":52.92999887466431,"rate_of_return":0.0}
{"window":{"start":"2022-05-07T04:43:00.000Z","end":"2022-05-07T04:44:00.000Z"},"country":"France","OPM":1,"Total_sales_vol":37.6899995803833,"rate_of_return":0.0}
{"window":{"start":"2022-05-08T00:54:00.000Z","end":"2022-05-08T00:55:00.000Z"},"country":"United Kingdom","OPM":10,"Total_sales_vol":366.31000566482544,"rate_of_return":0.0}
{"window":{"start":"2022-05-08T02:03:00.000Z","end":"2022-05-08T02:04:00.000Z"},"country":"United Kingdom","OPM":11,"Total_sales_vol":558.5499996542931,"rate_of_return":0.0}
{"window":{"start":"2022-05-08T01:54:00.000Z","end":"2022-05-08T01:55:00.000Z"},"country":"Channel Islands","OPM":1,"Total_sales_vol":16.6299991607666,"rate_of_return":0.0}
{"window":{"start":"2022-05-09T23:09:00.000Z","end":"2022-05-09T23:10:00.000Z"},"country":"United Kingdom","OPM":13,"Total_sales_vol":907.3499851226807,"rate_of_return":0.0}
{"window":{"start":"2022-05-07T03:36:00.000Z","end":"2022-05-07T03:37:00.000Z"},"country":"United Kingdom","OPM":14,"Total_sales_vol":673.3899908363819,"rate_of_return":0.0392156862745098}
{"window":{"start":"2022-05-07T05:13:00.000Z","end":"2022-05-07T05:14:00.000Z"},"country":"United Kingdom","OPM":10,"Total_sales_vol":224.09999871253967,"rate_of_return":0.1111111111111111}
{"window":{"start":"2022-05-10T06:35:00.000Z","end":"2022-05-10T06:36:00.000Z"},"country":"EIRE","OPM":1,"Total_sales_vol":10.200000762939453,"rate_of_return":0.0}
{"window":{"start":"2022-05-06T22:02:00.000Z","end":"2022-05-06T22:03:00.000Z"},"country":"United Kingdom","OPM":8,"Total_sales_vol":486.769996881485,"rate_of_return":0.0}
{"window":{"start":"2022-05-09T10:29:00.000Z","end":"2022-05-09T10:30:00.000Z"},"country":"United Kingdom","OPM":4,"Total_sales_vol":67.200000166893,"rate_of_return":0.0}
{"window":{"start":"2022-05-09T07:55:00.000Z","end":"2022-05-09T07:56:00.000Z"},"country":"Poland","OPM":1,"Total_sales_vol":-12.139999866485596,"rate_of_return":1.0}
{"window":{"start":"2022-05-09T08:55:00.000Z","end":"2022-05-09T08:56:00.000Z"},"country":"United Kingdom","OPM":7,"Total_sales_vol":94.09999772906303,"rate_of_return":0.2631578947368421}
{"window":{"start":"2022-05-07T00:49:00.000Z","end":"2022-05-07T00:50:00.000Z"},"country":"EIRE","OPM":1,"Total_sales_vol":41.339999198913574,"rate_of_return":0.0}
{"window":{"start":"2022-05-08T07:28:00.000Z","end":"2022-05-08T07:29:00.000Z"},"country":"Germany","OPM":1,"Total_sales_vol":10.889999866485596,"rate_of_return":0.0}
{"window":{"start":"2022-05-08T04:51:00.000Z","end":"2022-05-08T04:52:00.000Z"},"country":"Germany","OPM":1,"Total_sales_vol":56.4599986076355,"rate_of_return":0.0}
{"window":{"start":"2022-05-05T19:25:00.000Z","end":"2022-05-05T19:26:00.000Z"},"country":"United Kingdom","OPM":6,"Total_sales_vol":1222.7299647927284,"rate_of_return":0.0}
{"window":{"start":"2022-05-06T03:52:00.000Z","end":"2022-05-06T03:53:00.000Z"},"country":"United Kingdom","OPM":4,"Total_sales_vol":252.8500028848648,"rate_of_return":0.0}
{"window":{"start":"2022-05-09T10:07:00.000Z","end":"2022-05-09T10:08:00.000Z"},"country":"United Kingdom","OPM":11,"Total_sales_vol":540.5100054740906,"rate_of_return":0.0}
{"window":{"start":"2022-05-08T18:18:00.000Z","end":"2022-05-08T18:19:00.000Z"},"country":"United Kingdom","OPM":11,"Total_sales_vol":536.080018222332,"rate_of_return":0.47368421052631576}
{"window":{"start":"2022-05-09T00:35:00.000Z","end":"2022-05-09T00:36:00.000Z"},"country":"United Kingdom","OPM":4,"Total_sales_vol":141.73999786376953,"rate_of_return":0.1}
{"window":{"start":"2022-05-07T23:07:00.000Z","end":"2022-05-07T23:08:00.000Z"},"country":"United Kingdom","OPM":7,"Total_sales_vol":245.76000174880028,"rate_of_return":0.1111111111111111}
{"window":{"start":"2022-05-06T00:33:00.000Z","end":"2022-05-06T00:34:00.000Z"},"country":"United Kingdom","OPM":9,"Total_sales_vol":260.13999819755554,"rate_of_return":0.0}
{"window":{"start":"2022-05-06T05:11:00.000Z","end":"2022-05-06T05:12:00.000Z"},"country":"United Kingdom","OPM":11,"Total_sales_vol":425.7200077176094,"rate_of_return":0.0}
{"window":{"start":"2022-05-08T22:11:00.000Z","end":"2022-05-08T22:12:00.000Z"},"country":"United Kingdom","OPM":9,"Total_sales_vol":505.83999064564705,"rate_of_return":0.034482758620689655}
{"window":{"start":"2022-05-10T02:55:00.000Z","end":"2022-05-10T02:56:00.000Z"},"country":"Spain","OPM":1,"Total_sales_vol":2.5,"rate_of_return":0.0}
{"window":{"start":"2022-05-07T21:01:00.000Z","end":"2022-05-07T21:02:00.000Z"},"country":"United Kingdom","OPM":7,"Total_sales_vol":495.9199991822243,"rate_of_return":0.0}
{"window":{"start":"2022-05-08T13:01:00.000Z","end":"2022-05-08T13:02:00.000Z"},"country":"United Kingdom","OPM":5,"Total_sales_vol":87.98999893665314,"rate_of_return":0.0}
{"window":{"start":"2022-05-06T07:54:00.000Z","end":"2022-05-06T07:55:00.000Z"},"country":"United Kingdom","OPM":6,"Total_sales_vol":1089.1299934089184,"rate_of_return":0.0}
{"window":{"start":"2022-05-06T22:17:00.000Z","end":"2022-05-06T22:18:00.000Z"},"country":"United Kingdom","OPM":11,"Total_sales_vol":1246.6500442922115,"rate_of_return":0.12903225806451613}
{"window":{"start":"2022-05-09T14:42:00.000Z","end":"2022-05-09T14:43:00.000Z"},"country":"Switzerland","OPM":1,"Total_sales_vol":87.17999982833862,"rate_of_return":0.0}
{"window":{"start":"2022-05-10T01:20:00.000Z","end":"2022-05-10T01:21:00.000Z"},"country":"Unspecified","OPM":1,"Total_sales_vol":17.700000762939453,"rate_of_return":0.0}
{"window":{"start":"2022-05-08T04:06:00.000Z","end":"2022-05-08T04:07:00.000Z"},"country":"United Kingdom","OPM":13,"Total_sales_vol":1040.389988809824,"rate_of_return":0.09375}
{"window":{"start":"2022-05-07T22:16:00.000Z","end":"2022-05-07T22:17:00.000Z"},"country":"Spain","OPM":1,"Total_sales_vol":8.260000228881836,"rate_of_return":0.0}
{"window":{"start":"2022-05-06T13:50:00.000Z","end":"2022-05-06T13:51:00.000Z"},"country":"United Kingdom","OPM":6,"Total_sales_vol":264.6499945819378,"rate_of_return":0.08695652173913043}
{"window":{"start":"2022-05-09T07:02:00.000Z","end":"2022-05-09T07:03:00.000Z"},"country":"France","OPM":1,"Total_sales_vol":15.160000562667847,"rate_of_return":0.0}
{"window":{"start":"2022-05-06T00:07:00.000Z","end":"2022-05-06T00:08:00.000Z"},"country":"United Kingdom","OPM":13,"Total_sales_vol":660.8599974513054,"rate_of_return":0.0}
{"window":{"start":"2022-05-06T11:24:00.000Z","end":"2022-05-06T11:25:00.000Z"},"country":"United Kingdom","OPM":5,"Total_sales_vol":203.01999506354332,"rate_of_return":0.13333333333333333}
{"window":{"start":"2022-05-05T19:39:00.000Z","end":"2022-05-05T19:40:00.000Z"},"country":"Cyprus","OPM":1,"Total_sales_vol":56.5099983215332,"rate_of_return":0.0}
{"window":{"start":"2022-05-08T16:56:00.000Z","end":"2022-05-08T16:57:00.000Z"},"country":"United Kingdom","OPM":6,"Total_sales_vol":235.7299976348877,"rate_of_return":0.23529411764705882}
{"window":{"start":"2022-05-08T23:31:00.000Z","end":"2022-05-08T23:32:00.000Z"},"country":"Germany","OPM":1,"Total_sales_vol":32.11999931931496,"rate_of_return":0.0}
{"window":{"start":"2022-05-08T01:02:00.000Z","end":"2022-05-08T01:03:00.000Z"},"country":"Australia","OPM":1,"Total_sales_vol":71.81000071763992,"rate_of_return":0.0}
{"window":{"start":"2022-05-06T07:30:00.000Z","end":"2022-05-06T07:31:00.000Z"},"country":"Italy","OPM":1,"Total_sales_vol":39.35999870300293,"rate_of_return":0.0}
{"window":{"start":"2022-05-08T01:37:00.000Z","end":"2022-05-08T01:38:00.000Z"},"country":"United Kingdom","OPM":8,"Total_sales_vol":849.4599979221821,"rate_of_return":0.09523809523809523}
{"window":{"start":"2022-05-07T06:33:00.000Z","end":"2022-05-07T06:34:00.000Z"},"country":"United Kingdom","OPM":15,"Total_sales_vol":598.829991042614,"rate_of_return":0.0}
{"window":{"start":"2022-05-07T21:06:00.000Z","end":"2022-05-07T21:07:00.000Z"},"country":"France","OPM":1,"Total_sales_vol":70.43999862670898,"rate_of_return":0.0}
{"window":{"start":"2022-05-09T06:09:00.000Z","end":"2022-05-09T06:10:00.000Z"},"country":"Germany","OPM":1,"Total_sales_vol":54.68999934196472,"rate_of_return":0.0}
{"window":{"start":"2022-05-07T18:10:00.000Z","end":"2022-05-07T18:11:00.000Z"},"country":"United Kingdom","OPM":11,"Total_sales_vol":660.6199980080128,"rate_of_return":0.0}
{"window":{"start":"2022-05-08T07:40:00.000Z","end":"2022-05-08T07:41:00.000Z"},"country":"Germany","OPM":1,"Total_sales_vol":25.200000762939453,"rate_of_return":0.0}
{"window":{"start":"2022-05-06T16:39:00.000Z","end":"2022-05-06T16:40:00.000Z"},"country":"United Kingdom","OPM":4,"Total_sales_vol":-174.3499994277954,"rate_of_return":0.2}
{"window":{"start":"2022-05-09T13:19:00.000Z","end":"2022-05-09T13:20:00.000Z"},"country":"United Kingdom","OPM":12,"Total_sales_vol":408.8600035905838,"rate_of_return":0.0}
{"window":{"start":"2022-05-05T20:11:00.000Z","end":"2022-05-05T20:12:00.000Z"},"country":"EIRE","OPM":1,"Total_sales_vol":64.68000030517578,"rate_of_return":0.0}
{"window":{"start":"2022-05-06T06:54:00.000Z","end":"2022-05-06T06:55:00.000Z"},"country":"United Kingdom","OPM":11,"Total_sales_vol":715.1599959135056,"rate_of_return":0.0}
{"window":{"start":"2022-05-09T17:11:00.000Z","end":"2022-05-09T17:12:00.000Z"},"country":"United Kingdom","OPM":11,"Total_sales_vol":972.2199960052967,"rate_of_return":0.0}
{"window":{"start":"2022-05-10T05:59:00.000Z","end":"2022-05-10T06:00:00.000Z"},"country":"Spain","OPM":1,"Total_sales_vol":253.0,"rate_of_return":0.0}
{"window":{"start":"2022-05-10T12:30:00.000Z","end":"2022-05-10T12:31:00.000Z"},"country":"United Kingdom","OPM":8,"Total_sales_vol":1219.220001578331,"rate_of_return":0.0425531914893617}
{"window":{"start":"2022-05-08T03:47:00.000Z","end":"2022-05-08T03:48:00.000Z"},"country":"United Kingdom","OPM":11,"Total_sales_vol":417.1099941730499,"rate_of_return":0.25}
{"window":{"start":"2022-05-08T21:15:00.000Z","end":"2022-05-08T21:16:00.000Z"},"country":"United Kingdom","OPM":4,"Total_sales_vol":425.7600016593933,"rate_of_return":0.0}
