{"window":{"start":"2022-05-10T06:55:00.000Z","end":"2022-05-10T06:56:00.000Z"},"country":"Germany","OPM":1,"Total_sales_vol":25.260000228881836,"rate_of_return":0.0}
{"window":{"start":"2022-05-07T19:04:00.000Z","end":"2022-05-07T19:05:00.000Z"},"country":"Sweden","OPM":1,"Total_sales_vol":58.72999954223633,"rate_of_return":0.0}
{"window":{"start":"2022-05-10T00:20:00.000Z","end":"2022-05-10T00:21:00.000Z"},"country":"United Kingdom","OPM":8,"Total_sales_vol":667.2699908316135,"rate_of_return":0.0}
{"window":{"start":"2022-05-06T17:25:00.000Z","end":"2022-05-06T17:26:00.000Z"},"country":"Spain","OPM":1,"Total_sales_vol":24.239999294281006,"rate_of_return":0.0}
{"window":{"start":"2022-05-07T11:22:00.000Z","end":"2022-05-07T11:23:00.000Z"},"country":"Germany","OPM":1,"Total_sales_vol":482.88999649882317,"rate_of_return":0.0}
{"window":{"start":"2022-05-06T14:10:00.000Z","end":"2022-05-06T14:11:00.000Z"},"country":"United Kingdom","OPM":9,"Total_sales_vol":493.69999665021896,"rate_of_return":0.1111111111111111}
{"window":{"start":"2022-05-08T13:39:00.000Z","end":"2022-05-08T13:40:00.000Z"},"country":"Germany","OPM":1,"Total_sales_vol":5.389999866485596,"rate_of_return":0.0}
{"window":{"start":"2022-05-06T05:26:00.000Z","end":"2022-05-06T05:27:00.000Z"},"country":"Belgium","OPM":1,"Total_sales_vol":13.60999995470047,"rate_of_return":0.0}
{"window":{"start":"2022-05-09T01:56:00.000Z","end":"2022-05-09T01:57:00.000Z"},"country":"Germany","OPM":1,"Total_sales_vol":39.579999923706055,"rate_of_return":0.0}
{"window":{"start":"2022-05-10T10:49:00.000Z","end":"2022-05-10T10:50:00.000Z"},"country":"United Kingdom","OPM":9,"Total_sales_vol":1061.7299929857254,"rate_of_return":0.0}
{"window":{"start":"2022-05-06T18:19:00.000Z","end":"2022-05-06T18:20:00.000Z"},"country":"France","OPM":1,"Total_sales_vol":4.350000381469727,"rate_of_return":0.0}
{"window":{"start":"2022-05-07T09:29:00.000Z","end":"2022-05-07T09:30:00.000Z"},"country":"United Kingdom","OPM":4,"Total_sales_vol":213.22000396251678,"rate_of_return":0.0}
{"window":{"start":"2022-05-10T04:35:00.000Z","end":"2022-05-10T04:36:00.000Z"},"country":"United Kingdom","OPM":8,"Total_sales_vol":649.4700000286102,"rate_of_return":0.06666666666666667}
{"window":{"start":"2022-05-06T13:34:00.000Z","end":"2022-05-06T13:35:00.000Z"},"country":"United Kingdom","OPM":6,"Total_sales_vol":185.42999655008316,"rate_of_return":0.0}
{"window":{"start":"2022-05-08T00:17:00.000Z","end":"2022-05-08T00:18:00.000Z"},"country":"Germany","OPM":1,"Total_sales_vol":25.820000171661377,"rate_of_return":0.0}
{"window":{"start":"2022-05-06T21:14:00.000Z","end":"2022-05-06T21:15:00.000Z"},"country":"United Kingdom","OPM":12,"Total_sales_vol":392.85999596118927,"rate_of_return":0.0}
{"window":{"start":"2022-05-09T07:01:00.000Z","end":"2022-05-09T07:02:00.000Z"},"country":"Germany","OPM":1,"Total_sales_vol":10.449999809265137,"rate_of_return":0.0}
{"window":{"start":"2022-05-06T04:49:00.000Z","end":"2022-05-06T04:50:00.000Z"},"country":"United Kingdom","OPM":6,"Total_sales_vol":304.0600074529648,"rate_of_return":0.0}
{"window":{"start":"2022-05-10T12:30:00.000Z","end":"2022-05-10T12:31:00.000Z"},"country":"Germany","OPM":2,"Total_sales_vol":145.17999291419983,"rate_of_return":0.0}
{"window":{"start":"2022-05-08T19:45:00.000Z","end":"2022-05-08T19:46:00.000Z"},"country":"United Kingdom","OPM":10,"Total_sales_vol":794.3000106215477,"rate_of_return":0.25}
{"window":{"start":"2022-05-10T13:03:00.000Z","end":"2022-05-10T13:04:00.000Z"},"country":"EIRE","OPM":1,"Total_sales_vol":83.75000286102295,"rate_of_return":0.0}
{"window":{"start":"2022-05-09T03:09:00.000Z","end":"2022-05-09T03:10:00.000Z"},"country":"United Kingdom","OPM":8,"Total_sales_vol":196.62999832630157,"rate_of_return":0.32}
{"window":{"start":"2022-05-07T23:27:00.000Z","end":"2022-05-07T23:28:00.000Z"},"country":"United Kingdom","OPM":4,"Total_sales_vol":57.7299998998642,"rate_of_return":0.0}
{"window":{"start":"2022-05-08T01:49:00.000Z","end":"2022-05-08T01:50:00.000Z"},"country":"United Kingdom","OPM":12,"Total_sales_vol":692.7400126755238,"rate_of_return":0.02040816326530612}
{"window":{"start":"2022-05-05T16:49:00.000Z","end":"2022-05-05T16:50:00.000Z"},"country":"United Kingdom","OPM":9,"Total_sales_vol":230.02999877929688,"rate_of_return":0.041666666666666664}
{"window":{"start":"2022-05-08T21:44:00.000Z","end":"2022-05-08T21:45:00.000Z"},"country":"Denmark","OPM":1,"Total_sales_vol":27.869999408721924,"rate_of_return":0.0}
{"window":{"start":"2022-05-09T09:45:00.000Z","end":"2022-05-09T09:46:00.000Z"},"country":"United Kingdom","OPM":12,"Total_sales_vol":1094.309986114502,"rate_of_return":0.03333333333333333}
{"window":{"start":"2022-05-09T11:27:00.000Z","end":"2022-05-09T11:28:00.000Z"},"country":"United Kingdom","OPM":12,"Total_sales_vol":507.2900002002716,"rate_of_return":0.0}
{"window":{"start":"2022-05-08T15:18:00.000Z","end":"2022-05-08T15:19:00.000Z"},"country":"United Kingdom","OPM":13,"Total_sales_vol":-67.93001073598862,"rate_of_return":0.3783783783783784}
{"window":{"start":"2022-05-09T15:43:00.000Z","end":"2022-05-09T15:44:00.000Z"},"country":"Portugal","OPM":1,"Total_sales_vol":1.25,"rate_of_return":0.0}
{"window":{"start":"2022-05-06T07:44:00.000Z","end":"2022-05-06T07:45:00.000Z"},"country":"United Kingdom","OPM":5,"Total_sales_vol":290.6599995493889,"rate_of_return":0.0}
{"window":{"start":"2022-05-09T05:36:00.000Z","end":"2022-05-09T05:37:00.000Z"},"country":"Germany","OPM":1,"Total_sales_vol":27.040000915527344,"rate_of_return":0.0}
{"window":{"start":"2022-05-10T10:09:00.000Z","end":"2022-05-10T10:10:00.000Z"},"country":"United Kingdom","OPM":13,"Total_sales_vol":274.92999792099,"rate_of_return":0.09090909090909091}
{"window":{"start":"2022-05-10T00:29:00.000Z","end":"2022-05-10T00:30:00.000Z"},"country":"United Kingdom","OPM":8,"Total_sales_vol":261.15000236034393,"rate_of_return":0.26666666666666666}
{"window":{"start":"2022-05-06T15:04:00.000Z","end":"2022-05-06T15:05:00.000Z"},"country":"United Kingdom","OPM":8,"Total_sales_vol":298.95999854803085,"rate_of_return":0.0}
{"window":{"start":"2022-05-07T14:23:00.000Z","end":"2022-05-07T14:24:00.000Z"},"country":"United Kingdom","OPM":9,"Total_sales_vol":908.5000097155571,"rate_of_return":0.13725490196078433}
{"window":{"start":"2022-05-07T09:19:00.000Z","end":"2022-05-07T09:20:00.000Z"},"country":"United Kingdom","OPM":9,"Total_sales_vol":646.7899847626686,"rate_of_return":0.0}
{"window":{"start":"2022-05-10T12:03:00.000Z","end":"2022-05-10T12:04:00.000Z"},"country":"United Kingdom","OPM":5,"Total_sales_vol":394.3899978399277,"rate_of_return":0.0}
{"window":{"start":"2022-05-09T09:43:00.000Z","end":"2022-05-09T09:44:00.000Z"},"country":"United Kingdom","OPM":11,"Total_sales_vol":975.5299523472786,"rate_of_return":0.1724137931034483}
{"window":{"start":"2022-05-06T22:14:00.000Z","end":"2022-05-06T22:15:00.000Z"},"country":"United Kingdom","OPM":11,"Total_sales_vol":849.9900034070015,"rate_of_return":0.0}
{"window":{"start":"2022-05-06T08:56:00.000Z","end":"2022-05-06T08:57:00.000Z"},"country":"Germany","OPM":1,"Total_sales_vol":18.19000017642975,"rate_of_return":0.0}
{"window":{"start":"2022-05-09T12:06:00.000Z","end":"2022-05-09T12:07:00.000Z"},"country":"Belgium","OPM":1,"Total_sales_vol":6.730000078678131,"rate_of_return":0.0}
{"window":{"start":"2022-05-07T12:54:00.000Z","end":"2022-05-07T12:55:00.000Z"},"country":"United Kingdom","OPM":4,"Total_sales_vol":192.3500058054924,"rate_of_return":0.0}
{"window":{"start":"2022-05-07T13:20:00.000Z","end":"2022-05-07T13:21:00.000Z"},"country":"United Kingdom","OPM":5,"Total_sales_vol":480.02999472618103,"rate_of_return":0.0}
{"window":{"start":"2022-05-08T02:22:00.000Z","end":"2022-05-08T02:23:00.000Z"},"country":"United Kingdom","OPM":13,"Total_sales_vol":811.2399793863297,"rate_of_return":0.0425531914893617}
{"window":{"start":"2022-05-09T12:36:00.000Z","end":"2022-05-09T12:37:00.000Z"},"country":"United Kingdom","OPM":6,"Total_sales_vol":159.21000409126282,"rate_of_return":0.14285714285714285}
{"window":{"start":"2022-05-07T07:24:00.000Z","end":"2022-05-07T07:25:00.000Z"},"country":"United Kingdom","OPM":6,"Total_sales_vol":447.5999971628189,"rate_of_return":0.0}
{"window":{"start":"2022-05-06T21:55:00.000Z","end":"2022-05-06T21:56:00.000Z"},"country":"EIRE","OPM":2,"Total_sales_vol":194.19999933242798,"rate_of_return":0.0}
{"window":{"start":"2022-05-09T12:06:00.000Z","end":"2022-05-09T12:07:00.000Z"},"country":"Germany","OPM":1,"Total_sales_vol":136.55999648571014,"rate_of_return":0.0}
{"window":{"start":"2022-05-07T17:20:00.000Z","end":"2022-05-07T17:21:00.000Z"},"country":"France","OPM":1,"Total_sales_vol":11.460000395774841,"rate_of_return":0.0}
{"window":{"start":"2022-05-09T09:04:00.000Z","end":"2022-05-09T09:05:00.000Z"},"country":"United Kingdom","OPM":4,"Total_sales_vol":536.2599782943726,"rate_of_return":0.0}
{"window":{"start":"2022-05-10T10:37:00.000Z","end":"2022-05-10T10:38:00.000Z"},"country":"United Kingdom","OPM":6,"Total_sales_vol":883.400004863739,"rate_of_return":0.0}
{"window":{"start":"2022-05-07T15:42:00.000Z","end":"2022-05-07T15:43:00.000Z"},"country":"Australia","OPM":1,"Total_sales_vol":3.319999933242798,"rate_of_return":0.0}
{"window":{"start":"2022-05-06T22:21:00.000Z","end":"2022-05-06T22:22:00.000Z"},"country":"United Kingdom","OPM":9,"Total_sales_vol":186.93000105023384,"rate_of_return":0.0}
{"window":{"start":"2022-05-06T13:42:00.000Z","end":"2022-05-06T13:43:00.000Z"},"country":"United Kingdom","OPM":7,"Total_sales_vol":433.8099979162216,"rate_of_return":0.0}
{"window":{"start":"2022-05-06T17:55:00.000Z","end":"2022-05-06T17:56:00.000Z"},"country":"France","OPM":1,"Total_sales_vol":16.499999523162842,"rate_of_return":0.0}
{"window":{"start":"2022-05-07T03:37:00.000Z","end":"2022-05-07T03:38:00.000Z"},"country":"Germany","OPM":2,"Total_sales_vol":125.7499969303608,"rate_of_return":0.0}
{"window":{"start":"2022-05-07T07:47:00.000Z","end":"2022-05-07T07:48:00.000Z"},"country":"France","OPM":1,"Total_sales_vol":197.65000534057617,"rate_of_return":0.0}
{"window":{"start":"2022-05-06T17:39:00.000Z","end":"2022-05-06T17:40:00.000Z"},"country":"United Kingdom","OPM":6,"Total_sales_vol":2573.119996070862,"rate_of_return":0.0}
{"window":{"start":"2022-05-09T02:29:00.000Z","end":"2022-05-09T02:30:00.000Z"},"country":"United Kingdom","OPM":10,"Total_sales_vol":1009.2500160932541,"rate_of_return":0.0}
{"window":{"start":"2022-05-09T16:17:00.000Z","end":"2022-05-09T16:18:00.000Z"},"country":"United Kingdom","OPM":6,"Total_sales_vol":263.07000356912613,"rate_of_return":0.0}
{"window":{"start":"2022-05-10T12:04:00.000Z","end":"2022-05-10T12:05:00.000Z"},"country":"EIRE","OPM":1,"Total_sales_vol":64.19999885559082,"rate_of_return":0.0}
{"window":{"start":"2022-05-07T20:55:00.000Z","end":"2022-05-07T20:56:00.000Z"},"country":"United Kingdom","OPM":6,"Total_sales_vol":680.8300021886826,"rate_of_return":0.0}
{"window":{"start":"2022-05-07T20:00:00.000Z","end":"2022-05-07T20:01:00.000Z"},"country":"Israel","OPM":1,"Total_sales_vol":18.689999639987946,"rate_of_return":0.0}
{"window":{"start":"2022-05-08T09:11:00.000Z","end":"2022-05-08T09:12:00.000Z"},"country":"United Kingdom","OPM":15,"Total_sales_vol":1333.3199882507324,"rate_of_return":0.0}
{"window":{"start":"2022-05-07T03:56:00.000Z","end":"2022-05-07T03:57:00.000Z"},"country":"United Kingdom","OPM":12,"Total_sales_vol":532.7900031805038,"rate_of_return":0.08823529411764706}
{"window":{"start":"2022-05-09T15:05:00.000Z","end":"2022-05-09T15:06:00.000Z"},"country":"EIRE","OPM":1,"Total_sales_vol":37.360000133514404,"rate_of_return":0.0}
{"window":{"start":"2022-05-08T19:55:00.000Z","end":"2022-05-08T19:56:00.000Z"},"country":"France","OPM":1,"Total_sales_vol":23.600000381469727,"rate_of_return":0.0}
{"window":{"start":"2022-05-09T18:56:00.000Z","end":"2022-05-09T18:57:00.000Z"},"country":"United Kingdom","OPM":9,"Total_sales_vol":174.7000014781952,"rate_of_return":0.39285714285714285}
{"window":{"start":"2022-05-06T20:17:00.000Z","end":"2022-05-06T20:18:00.000Z"},"country":"Germany","OPM":1,"Total_sales_vol":16.5,"rate_of_return":0.0}
{"window":{"start":"2022-05-10T04:48:00.000Z","end":"2022-05-10T04:49:00.000Z"},"country":"Germany","OPM":1,"Total_sales_vol":44.709999084472656,"rate_of_return":0.0}
{"window":{"start":"2022-05-07T22:42:00.000Z","end":"2022-05-07T22:43:00.000Z"},"country":"Germany","OPM":2,"Total_sales_vol":65.44000005722046,"rate_of_return":0.0}
