{"window":{"start":"2022-05-08T16:33:00.000Z","end":"2022-05-08T16:34:00.000Z"},"country":"United Kingdom","OPM":13,"Total_sales_vol":768.3900042772293,"rate_of_return":0.13636363636363635}
{"window":{"start":"2022-05-07T19:55:00.000Z","end":"2022-05-07T19:56:00.000Z"},"country":"United Kingdom","OPM":6,"Total_sales_vol":880.9899834394455,"rate_of_return":0.0}
{"window":{"start":"2022-05-09T01:54:00.000Z","end":"2022-05-09T01:55:00.000Z"},"country":"United Kingdom","OPM":9,"Total_sales_vol":556.7199968397617,"rate_of_return":0.14285714285714285}
{"window":{"start":"2022-05-08T04:09:00.000Z","end":"2022-05-08T04:10:00.000Z"},"country":"United Kingdom","OPM":13,"Total_sales_vol":457.6699989140034,"rate_of_return":0.0}
{"window":{"start":"2022-05-08T16:26:00.000Z","end":"2022-05-08T16:27:00.000Z"},"country":"United Kingdom","OPM":1,"Total_sales_vol":13.919999986886978,"rate_of_return":0.0}
{"window":{"start":"2022-05-09T17:42:00.000Z","end":"2022-05-09T17:43:00.000Z"},"country":"EIRE","OPM":1,"Total_sales_vol":5.949999809265137,"rate_of_return":0.0}
{"window":{"start":"2022-05-10T04:32:00.000Z","end":"2022-05-10T04:33:00.000Z"},"country":"Netherlands","OPM":1,"Total_sales_vol":-2.950000047683716,"rate_of_return":1.0}
{"window":{"start":"2022-05-05T16:36:00.000Z","end":"2022-05-05T16:37:00.000Z"},"country":"France","OPM":1,"Total_sales_vol":130.32999730110168,"rate_of_return":0.0}
{"window":{"start":"2022-05-06T22:55:00.000Z","end":"2022-05-06T22:56:00.000Z"},"country":"Singapore","OPM":1,"Total_sales_vol":6.049999952316284,"rate_of_return":0.0}
{"window":{"start":"2022-05-09T03:06:00.000Z","end":"2022-05-09T03:07:00.000Z"},"country":"United Kingdom","OPM":6,"Total_sales_vol":349.48999828100204,"rate_of_return":0.0}
{"window":{"start":"2022-05-05T22:25:00.000Z","end":"2022-05-05T22:26:00.000Z"},"country":"United Kingdom","OPM":7,"Total_sales_vol":165.30999851226807,"rate_of_return":0.0}
{"window":{"start":"2022-05-06T11:31:00.000Z","end":"2022-05-06T11:32:00.000Z"},"country":"United Kingdom","OPM":9,"Total_sales_vol":854.7800084352493,"rate_of_return":0.0}
{"window":{"start":"2022-05-05T16:25:00.000Z","end":"2022-05-05T16:26:00.000Z"},"country":"France","OPM":1,"Total_sales_vol":72.50000095367432,"rate_of_return":0.0}
{"window":{"start":"2022-05-08T07:31:00.000Z","end":"2022-05-08T07:32:00.000Z"},"country":"Germany","OPM":1,"Total_sales_vol":123.9000015258789,"rate_of_return":0.0}
{"window":{"start":"2022-05-06T19:21:00.000Z","end":"2022-05-06T19:22:00.000Z"},"country":"United Kingdom","OPM":14,"Total_sales_vol":699.8899895250797,"rate_of_return":0.05454545454545454}
{"window":{"start":"2022-05-10T12:35:00.000Z","end":"2022-05-10T12:36:00.000Z"},"country":"France","OPM":1,"Total_sales_vol":46.03999996185303,"rate_of_return":0.0}
{"window":{"start":"2022-05-07T18:46:00.000Z","end":"2022-05-07T18:47:00.000Z"},"country":"Portugal","OPM":1,"Total_sales_vol":27.350000381469727,"rate_of_return":0.0}
{"window":{"start":"2022-05-08T06:03:00.000Z","end":"2022-05-08T06:04:00.000Z"},"country":"Germany","OPM":1,"Total_sales_vol":12.630000114440918,"rate_of_return":0.0}
{"window":{"start":"2022-05-08T18:22:00.000Z","end":"2022-05-08T18:23:00.000Z"},"country":"EIRE","OPM":1,"Total_sales_vol":52.989997148513794,"rate_of_return":0.0}
{"window":{"start":"2022-05-09T03:16:00.000Z","end":"2022-05-09T03:17:00.000Z"},"country":"France","OPM":1,"Total_sales_vol":121.79999923706055,"rate_of_return":0.0}
{"window":{"start":"2022-05-07T08:24:00.000Z","end":"2022-05-07T08:25:00.000Z"},"country":"United Kingdom","OPM":11,"Total_sales_vol":321.8099990785122,"rate_of_return":0.13513513513513514}
{"window":{"start":"2022-05-08T22:33:00.000Z","end":"2022-05-08T22:34:00.000Z"},"country":"United Kingdom","OPM":10,"Total_sales_vol":648.3799946308136,"rate_of_return":0.08108108108108109}
{"window":{"start":"2022-05-05T19:02:00.000Z","end":"2022-05-05T19:03:00.000Z"},"country":"United Kingdom","OPM":15,"Total_sales_vol":656.4999942183495,"rate_of_return":0.027777777777777776}
{"window":{"start":"2022-05-08T09:52:00.000Z","end":"2022-05-08T09:53:00.000Z"},"country":"France","OPM":1,"Total_sales_vol":7.5,"rate_of_return":0.0}
{"window":{"start":"2022-05-09T13:09:00.000Z","end":"2022-05-09T13:10:00.000Z"},"country":"United Kingdom","OPM":13,"Total_sales_vol":604.1600060462952,"rate_of_return":0.027777777777777776}
{"window":{"start":"2022-05-06T15:16:00.000Z","end":"2022-05-06T15:17:00.000Z"},"country":"United Kingdom","OPM":9,"Total_sales_vol":512.0400002598763,"rate_of_return":0.0}
{"window":{"start":"2022-05-07T16:44:00.000Z","end":"2022-05-07T16:45:00.000Z"},"country":"United Kingdom","OPM":11,"Total_sales_vol":317.76000142097473,"rate_of_return":0.0}
{"window":{"start":"2022-05-06T23:42:00.000Z","end":"2022-05-06T23:43:00.000Z"},"country":"United Kingdom","OPM":2,"Total_sales_vol":155.18000762164593,"rate_of_return":0.0}
{"window":{"start":"2022-05-06T09:24:00.000Z","end":"2022-05-06T09:25:00.000Z"},"country":"United Kingdom","OPM":6,"Total_sales_vol":371.3199972510338,"rate_of_return":0.0}
{"window":{"start":"2022-05-08T05:33:00.000Z","end":"2022-05-08T05:34:00.000Z"},"country":"Poland","OPM":1,"Total_sales_vol":53.81999969482422,"rate_of_return":0.0}
{"window":{"start":"2022-05-10T02:05:00.000Z","end":"2022-05-10T02:06:00.000Z"},"country":"United Kingdom","OPM":10,"Total_sales_vol":1023.3100049495697,"rate_of_return":0.0}
{"window":{"start":"2022-05-05T19:06:00.000Z","end":"2022-05-05T19:07:00.000Z"},"country":"United Kingdom","OPM":6,"Total_sales_vol":364.1700038909912,"rate_of_return":0.0}
{"window":{"start":"2022-05-07T07:59:00.000Z","end":"2022-05-07T08:00:00.000Z"},"country":"Germany","OPM":1,"Total_sales_vol":61.920000076293945,"rate_of_return":0.0}
{"window":{"start":"2022-05-08T09:17:00.000Z","end":"2022-05-08T09:18:00.000Z"},"country":"Austria","OPM":1,"Total_sales_vol":8.349999725818634,"rate_of_return":0.0}
{"window":{"start":"2022-05-09T04:20:00.000Z","end":"2022-05-09T04:21:00.000Z"},"country":"United Kingdom","OPM":15,"Total_sales_vol":953.9999697506428,"rate_of_return":0.20454545454545456}
{"window":{"start":"2022-05-08T11:05:00.000Z","end":"2022-05-08T11:06:00.000Z"},"country":"United Kingdom","OPM":11,"Total_sales_vol":787.9199931621552,"rate_of_return":0.17073170731707318}
{"window":{"start":"2022-05-07T18:31:00.000Z","end":"2022-05-07T18:32:00.000Z"},"country":"United Kingdom","OPM":10,"Total_sales_vol":578.3899915218353,"rate_of_return":0.0}
{"window":{"start":"2022-05-10T12:42:00.000Z","end":"2022-05-10T12:43:00.000Z"},"country":"United Kingdom","OPM":12,"Total_sales_vol":453.7399960756302,"rate_of_return":0.0}
{"window":{"start":"2022-05-07T20:07:00.000Z","end":"2022-05-07T20:08:00.000Z"},"country":"Belgium","OPM":1,"Total_sales_vol":-20.15999984741211,"rate_of_return":1.0}
{"window":{"start":"2022-05-06T12:12:00.000Z","end":"2022-05-06T12:13:00.000Z"},"country":"United Kingdom","OPM":9,"Total_sales_vol":919.289978146553,"rate_of_return":0.11764705882352941}
{"window":{"start":"2022-05-09T22:45:00.000Z","end":"2022-05-09T22:46:00.000Z"},"country":"United Kingdom","OPM":2,"Total_sales_vol":44.98000121116638,"rate_of_return":0.0}
{"window":{"start":"2022-05-07T10:28:00.000Z","end":"2022-05-07T10:29:00.000Z"},"country":"Germany","OPM":1,"Total_sales_vol":18.31999969482422,"rate_of_return":0.0}
{"window":{"start":"2022-05-09T19:09:00.000Z","end":"2022-05-09T19:10:00.000Z"},"country":"United Kingdom","OPM":11,"Total_sales_vol":767.1600149273872,"rate_of_return":0.07142857142857142}
{"window":{"start":"2022-05-06T20:23:00.000Z","end":"2022-05-06T20:24:00.000Z"},"country":"United Kingdom","OPM":12,"Total_sales_vol":679.020000576973,"rate_of_return":0.0}
{"window":{"start":"2022-05-07T18:41:00.000Z","end":"2022-05-07T18:42:00.000Z"},"country":"United Kingdom","OPM":11,"Total_sales_vol":709.4099886417389,"rate_of_return":0.0}
{"window":{"start":"2022-05-07T01:47:00.000Z","end":"2022-05-07T01:48:00.000Z"},"country":"United Kingdom","OPM":7,"Total_sales_vol":385.1499990224838,"rate_of_return":0.0}
{"window":{"start":"2022-05-06T08:24:00.000Z","end":"2022-05-06T08:25:00.000Z"},"country":"United Kingdom","OPM":5,"Total_sales_vol":265.72999596595764,"rate_of_return":0.0}
{"window":{"start":"2022-05-09T20:23:00.000Z","end":"2022-05-09T20:24:00.000Z"},"country":"United Kingdom","OPM":10,"Total_sales_vol":361.2300018966198,"rate_of_return":0.11538461538461539}
{"window":{"start":"2022-05-08T03:23:00.000Z","end":"2022-05-08T03:24:00.000Z"},"country":"Italy","OPM":1,"Total_sales_vol":6.799999952316284,"rate_of_return":0.0}
{"window":{"start":"2022-05-09T16:46:00.000Z","end":"2022-05-09T16:47:00.000Z"},"country":"Switzerland","OPM":1,"Total_sales_vol":35.679999351501465,"rate_of_return":0.0}
{"window":{"start":"2022-05-06T18:39:00.000Z","end":"2022-05-06T18:40:00.000Z"},"country":"United Kingdom","OPM":12,"Total_sales_vol":1205.029995083809,"rate_of_return":0.0}
{"window":{"start":"2022-05-06T13:36:00.000Z","end":"2022-05-06T13:37:00.000Z"},"country":"Germany","OPM":1,"Total_sales_vol":52.12999737262726,"rate_of_return":0.0}
{"window":{"start":"2022-05-05T19:39:00.000Z","end":"2022-05-05T19:40:00.000Z"},"country":"United Kingdom","OPM":9,"Total_sales_vol":1129.120042681694,"rate_of_return":0.0}
{"window":{"start":"2022-05-10T00:32:00.000Z","end":"2022-05-10T00:33:00.000Z"},"country":"United Kingdom","OPM":10,"Total_sales_vol":828.2800054550171,"rate_of_return":0.0}
{"window":{"start":"2022-05-06T05:15:00.000Z","end":"2022-05-06T05:16:00.000Z"},"country":"Switzerland","OPM":1,"Total_sales_vol":19.799999237060547,"rate_of_return":0.0}
{"window":{"start":"2022-05-09T13:46:00.000Z","end":"2022-05-09T13:47:00.000Z"},"country":"United Kingdom","OPM":5,"Total_sales_vol":430.59999990463257,"rate_of_return":0.0}
{"window":{"start":"2022-05-08T22:47:00.000Z","end":"2022-05-08T22:48:00.000Z"},"country":"France","OPM":1,"Total_sales_vol":19.799999237060547,"rate_of_return":0.0}
{"window":{"start":"2022-05-09T12:44:00.000Z","end":"2022-05-09T12:45:00.000Z"},"country":"Norway","OPM":1,"Total_sales_vol":43.86000061035156,"rate_of_return":0.0}
{"window":{"start":"2022-05-06T04:41:00.000Z","end":"2022-05-06T04:42:00.000Z"},"country":"Portugal","OPM":1,"Total_sales_vol":12.75,"rate_of_return":0.0}
{"window":{"start":"2022-05-08T04:05:00.000Z","end":"2022-05-08T04:06:00.000Z"},"country":"Switzerland","OPM":1,"Total_sales_vol":33.86999988555908,"rate_of_return":0.0}
{"window":{"start":"2022-05-10T05:02:00.000Z","end":"2022-05-10T05:03:00.000Z"},"country":"United Kingdom","OPM":8,"Total_sales_vol":442.45999908447266,"rate_of_return":0.0}
{"window":{"start":"2022-05-06T05:51:00.000Z","end":"2022-05-06T05:52:00.000Z"},"country":"Spain","OPM":1,"Total_sales_vol":89.68999820947647,"rate_of_return":0.0}
{"window":{"start":"2022-05-09T05:33:00.000Z","end":"2022-05-09T05:34:00.000Z"},"country":"Belgium","OPM":1,"Total_sales_vol":22.299999237060547,"rate_of_return":0.0}
{"window":{"start":"2022-05-09T23:07:00.000Z","end":"2022-05-09T23:08:00.000Z"},"country":"Germany","OPM":1,"Total_sales_vol":13.5600004196167,"rate_of_return":0.0}
{"window":{"start":"2022-05-07T00:10:00.000Z","end":"2022-05-07T00:11:00.000Z"},"country":"EIRE","OPM":1,"Total_sales_vol":37.859999775886536,"rate_of_return":0.0}
{"window":{"start":"2022-05-07T10:10:00.000Z","end":"2022-05-07T10:11:00.000Z"},"country":"Germany","OPM":1,"Total_sales_vol":2.950000047683716,"rate_of_return":0.0}
{"window":{"start":"2022-05-08T23:02:00.000Z","end":"2022-05-08T23:03:00.000Z"},"country":"United Kingdom","OPM":11,"Total_sales_vol":693.4799986481667,"rate_of_return":0.0}
{"window":{"start":"2022-05-08T17:46:00.000Z","end":"2022-05-08T17:47:00.000Z"},"country":"France","OPM":1,"Total_sales_vol":156.60000133514404,"rate_of_return":0.0}
{"window":{"start":"2022-05-07T07:26:00.000Z","end":"2022-05-07T07:27:00.000Z"},"country":"France","OPM":1,"Total_sales_vol":10.149999558925629,"rate_of_return":0.0}
{"window":{"start":"2022-05-09T16:52:00.000Z","end":"2022-05-09T16:53:00.000Z"},"country":"EIRE","OPM":1,"Total_sales_vol":22.799999713897705,"rate_of_return":0.0}
