{"window":{"start":"2022-05-10T11:28:00.000Z","end":"2022-05-10T11:29:00.000Z"},"country":"United Kingdom","OPM":6,"Total_sales_vol":349.9799980521202,"rate_of_return":0.0}
{"window":{"start":"2022-05-06T11:10:00.000Z","end":"2022-05-06T11:11:00.000Z"},"country":"United Kingdom","OPM":6,"Total_sales_vol":319.4999989271164,"rate_of_return":0.05555555555555555}
{"window":{"start":"2022-05-06T06:08:00.000Z","end":"2022-05-06T06:09:00.000Z"},"country":"Spain","OPM":1,"Total_sales_vol":2.5,"rate_of_return":0.0}
{"window":{"start":"2022-05-07T19:19:00.000Z","end":"2022-05-07T19:20:00.000Z"},"country":"Finland","OPM":1,"Total_sales_vol":2.0799999237060547,"rate_of_return":0.0}
{"window":{"start":"2022-05-08T11:32:00.000Z","end":"2022-05-08T11:33:00.000Z"},"country":"EIRE","OPM":1,"Total_sales_vol":36.760000228881836,"rate_of_return":0.0}
{"window":{"start":"2022-05-10T06:58:00.000Z","end":"2022-05-10T06:59:00.000Z"},"country":"Germany","OPM":2,"Total_sales_vol":120.67999958992004,"rate_of_return":0.0}
{"window":{"start":"2022-05-07T05:47:00.000Z","end":"2022-05-07T05:48:00.000Z"},"country":"United Kingdom","OPM":6,"Total_sales_vol":309.84999656677246,"rate_of_return":0.0}
{"window":{"start":"2022-05-09T01:37:00.000Z","end":"2022-05-09T01:38:00.000Z"},"country":"Netherlands","OPM":1,"Total_sales_vol":42.900001525878906,"rate_of_return":0.0}
{"window":{"start":"2022-05-06T22:08:00.000Z","end":"2022-05-06T22:09:00.000Z"},"country":"Norway","OPM":1,"Total_sales_vol":7.529999881982803,"rate_of_return":0.0}
{"window":{"start":"2022-05-06T18:19:00.000Z","end":"2022-05-06T18:20:00.000Z"},"country":"United Kingdom","OPM":5,"Total_sales_vol":58.87999987602234,"rate_of_return":0.18181818181818182}
{"window":{"start":"2022-05-10T04:40:00.000Z","end":"2022-05-10T04:41:00.000Z"},"country":"Hong Kong","OPM":1,"Total_sales_vol":12.449999809265137,"rate_of_return":0.0}
{"window":{"start":"2022-05-07T11:37:00.000Z","end":"2022-05-07T11:38:00.000Z"},"country":"United Kingdom","OPM":15,"Total_sales_vol":888.9899879693985,"rate_of_return":0.0}
{"window":{"start":"2022-05-09T06:07:00.000Z","end":"2022-05-09T06:08:00.000Z"},"country":"EIRE","OPM":1,"Total_sales_vol":29.749999523162842,"rate_of_return":0.0}
{"window":{"start":"2022-05-09T00:04:00.000Z","end":"2022-05-09T00:05:00.000Z"},"country":"Germany","OPM":1,"Total_sales_vol":59.05000114440918,"rate_of_return":0.0}
{"window":{"start":"2022-05-09T15:03:00.000Z","end":"2022-05-09T15:04:00.000Z"},"country":"United Kingdom","OPM":8,"Total_sales_vol":452.4499864578247,"rate_of_return":0.0}
{"window":{"start":"2022-05-07T03:54:00.000Z","end":"2022-05-07T03:55:00.000Z"},"country":"United Kingdom","OPM":7,"Total_sales_vol":442.26000505685806,"rate_of_return":0.0}
{"window":{"start":"2022-05-09T00:24:00.000Z","end":"2022-05-09T00:25:00.000Z"},"country":"United Kingdom","OPM":6,"Total_sales_vol":487.0099866390228,"rate_of_return":0.0}
{"window":{"start":"2022-05-08T02:56:00.000Z","end":"2022-05-08T02:57:00.000Z"},"country":"EIRE","OPM":1,"Total_sales_vol":3.75,"rate_of_return":0.0}
{"window":{"start":"2022-05-07T07:13:00.000Z","end":"2022-05-07T07:14:00.000Z"},"country":"United Kingdom","OPM":7,"Total_sales_vol":271.50999730825424,"rate_of_return":0.0}
{"window":{"start":"2022-05-07T08:55:00.000Z","end":"2022-05-07T08:56:00.000Z"},"country":"United Kingdom","OPM":11,"Total_sales_vol":1320.5899808704853,"rate_of_return":0.0}
{"window":{"start":"2022-05-07T04:59:00.000Z","end":"2022-05-07T05:00:00.000Z"},"country":"Cyprus","OPM":1,"Total_sales_vol":61.19999694824219,"rate_of_return":0.0}
{"window":{"start":"2022-05-09T19:24:00.000Z","end":"2022-05-09T19:25:00.000Z"},"country":"United Kingdom","OPM":3,"Total_sales_vol":461.4699877798557,"rate_of_return":0.0}
{"window":{"start":"2022-05-09T11:49:00.000Z","end":"2022-05-09T11:50:00.000Z"},"country":"United Kingdom","OPM":7,"Total_sales_vol":380.75000074505806,"rate_of_return":0.0}
{"window":{"start":"2022-05-09T12:01:00.000Z","end":"2022-05-09T12:02:00.000Z"},"country":"United Kingdom","OPM":15,"Total_sales_vol":712.2099966406822,"rate_of_return":0.03508771929824561}
{"window":{"start":"2022-05-05T18:53:00.000Z","end":"2022-05-05T18:54:00.000Z"},"country":"France","OPM":1,"Total_sales_vol":1.25,"rate_of_return":0.0}
{"window":{"start":"2022-05-05T20:50:00.000Z","end":"2022-05-05T20:51:00.000Z"},"country":"Netherlands","OPM":2,"Total_sales_vol":15.389999985694885,"rate_of_return":0.0}
{"window":{"start":"2022-05-08T14:31:00.000Z","end":"2022-05-08T14:32:00.000Z"},"country":"Belgium","OPM":1,"Total_sales_vol":22.25999927520752,"rate_of_return":0.0}
{"window":{"start":"2022-05-06T09:14:00.000Z","end":"2022-05-06T09:15:00.000Z"},"country":"Germany","OPM":1,"Total_sales_vol":30.25,"rate_of_return":0.0}
{"window":{"start":"2022-05-06T15:24:00.000Z","end":"2022-05-06T15:25:00.000Z"},"country":"United Kingdom","OPM":4,"Total_sales_vol":133.45999574661255,"rate_of_return":0.0}
{"window":{"start":"2022-05-07T21:18:00.000Z","end":"2022-05-07T21:19:00.000Z"},"country":"United Kingdom","OPM":11,"Total_sales_vol":988.7600095868111,"rate_of_return":0.0}
{"window":{"start":"2022-05-10T01:10:00.000Z","end":"2022-05-10T01:11:00.000Z"},"country":"EIRE","OPM":1,"Total_sales_vol":24.549999237060547,"rate_of_return":0.0}
{"window":{"start":"2022-05-09T23:28:00.000Z","end":"2022-05-09T23:29:00.000Z"},"country":"Germany","OPM":1,"Total_sales_vol":8.260000228881836,"rate_of_return":0.0}
{"window":{"start":"2022-05-06T08:00:00.000Z","end":"2022-05-06T08:01:00.000Z"},"country":"United Kingdom","OPM":16,"Total_sales_vol":881.1699979007244,"rate_of_return":0.0}
{"window":{"start":"2022-05-09T20:22:00.000Z","end":"2022-05-09T20:23:00.000Z"},"country":"Spain","OPM":1,"Total_sales_vol":33.64999866485596,"rate_of_return":0.0}
{"window":{"start":"2022-05-09T16:09:00.000Z","end":"2022-05-09T16:10:00.000Z"},"country":"United Kingdom","OPM":11,"Total_sales_vol":1470.559983253479,"rate_of_return":0.0}
{"window":{"start":"2022-05-07T15:15:00.000Z","end":"2022-05-07T15:16:00.000Z"},"country":"France","OPM":2,"Total_sales_vol":-1775.5499764978886,"rate_of_return":0.47368421052631576}
{"window":{"start":"2022-05-08T16:07:00.000Z","end":"2022-05-08T16:08:00.000Z"},"country":"EIRE","OPM":2,"Total_sales_vol":-155.45999956130981,"rate_of_return":0.6666666666666666}
{"window":{"start":"2022-05-07T08:33:00.000Z","end":"2022-05-07T08:34:00.000Z"},"country":"Netherlands","OPM":1,"Total_sales_vol":58.86000072956085,"rate_of_return":0.0}
{"window":{"start":"2022-05-08T22:53:00.000Z","end":"2022-05-08T22:54:00.000Z"},"country":"United Kingdom","OPM":9,"Total_sales_vol":522.9699979424477,"rate_of_return":0.0}
{"window":{"start":"2022-05-08T09:54:00.000Z","end":"2022-05-08T09:55:00.000Z"},"country":"Germany","OPM":1,"Total_sales_vol":163.38000011444092,"rate_of_return":0.0}
{"window":{"start":"2022-05-06T06:59:00.000Z","end":"2022-05-06T07:00:00.000Z"},"country":"United Kingdom","OPM":8,"Total_sales_vol":-933.8300128281116,"rate_of_return":0.12}
{"window":{"start":"2022-05-07T23:04:00.000Z","end":"2022-05-07T23:05:00.000Z"},"country":"Belgium","OPM":1,"Total_sales_vol":34.5,"rate_of_return":0.0}
{"window":{"start":"2022-05-07T19:36:00.000Z","end":"2022-05-07T19:37:00.000Z"},"country":"Germany","OPM":1,"Total_sales_vol":1.25,"rate_of_return":0.0}
{"window":{"start":"2022-05-09T19:08:00.000Z","end":"2022-05-09T19:09:00.000Z"},"country":"EIRE","OPM":1,"Total_sales_vol":32.44999945163727,"rate_of_return":0.0}
{"window":{"start":"2022-05-08T14:00:00.000Z","end":"2022-05-08T14:01:00.000Z"},"country":"Germany","OPM":1,"Total_sales_vol":33.84999904036522,"rate_of_return":0.0}
{"window":{"start":"2022-05-08T12:38:00.000Z","end":"2022-05-08T12:39:00.000Z"},"country":"United Kingdom","OPM":10,"Total_sales_vol":407.78000167012215,"rate_of_return":0.0}
{"window":{"start":"2022-05-08T02:52:00.000Z","end":"2022-05-08T02:53:00.000Z"},"country":"United Kingdom","OPM":7,"Total_sales_vol":509.45999813079834,"rate_of_return":0.0}
{"window":{"start":"2022-05-09T07:30:00.000Z","end":"2022-05-09T07:31:00.000Z"},"country":"United Kingdom","OPM":8,"Total_sales_vol":586.7399923801422,"rate_of_return":0.0}
{"window":{"start":"2022-05-07T07:23:00.000Z","end":"2022-05-07T07:24:00.000Z"},"country":"France","OPM":1,"Total_sales_vol":48.96000123023987,"rate_of_return":0.0}
{"window":{"start":"2022-05-06T01:27:00.000Z","end":"2022-05-06T01:28:00.000Z"},"country":"United Kingdom","OPM":7,"Total_sales_vol":163.89000391960144,"rate_of_return":0.3333333333333333}
{"window":{"start":"2022-05-08T15:42:00.000Z","end":"2022-05-08T15:43:00.000Z"},"country":"United Kingdom","OPM":10,"Total_sales_vol":545.1299986243248,"rate_of_return":0.0}
{"window":{"start":"2022-05-09T00:16:00.000Z","end":"2022-05-09T00:17:00.000Z"},"country":"United Kingdom","OPM":4,"Total_sales_vol":85.1299979686737,"rate_of_return":0.1111111111111111}
{"window":{"start":"2022-05-09T06:08:00.000Z","end":"2022-05-09T06:09:00.000Z"},"country":"Netherlands","OPM":1,"Total_sales_vol":-192.4500036239624,"rate_of_return":1.0}
{"window":{"start":"2022-05-07T16:36:00.000Z","end":"2022-05-07T16:37:00.000Z"},"country":"United Kingdom","OPM":8,"Total_sales_vol":1750.459980070591,"rate_of_return":0.0}
{"window":{"start":"2022-05-08T01:24:00.000Z","end":"2022-05-08T01:25:00.000Z"},"country":"Norway","OPM":2,"Total_sales_vol":45.6699994802475,"rate_of_return":0.0}
{"window":{"start":"2022-05-08T09:20:00.000Z","end":"2022-05-08T09:21:00.000Z"},"country":"United Kingdom","OPM":7,"Total_sales_vol":2773.8900141119957,"rate_of_return":0.0}
{"window":{"start":"2022-05-06T02:30:00.000Z","end":"2022-05-06T02:31:00.000Z"},"country":"EIRE","OPM":1,"Total_sales_vol":15.299999237060547,"rate_of_return":0.0}
{"window":{"start":"2022-05-09T08:53:00.000Z","end":"2022-05-09T08:54:00.000Z"},"country":"United Kingdom","OPM":14,"Total_sales_vol":545.1499981284142,"rate_of_return":0.18032786885245902}
{"window":{"start":"2022-05-08T01:38:00.000Z","end":"2022-05-08T01:39:00.000Z"},"country":"Spain","OPM":1,"Total_sales_vol":468.05001550912857,"rate_of_return":0.0}
{"window":{"start":"2022-05-10T00:31:00.000Z","end":"2022-05-10T00:32:00.000Z"},"country":"United Kingdom","OPM":9,"Total_sales_vol":187.63999605178833,"rate_of_return":0.32}
{"window":{"start":"2022-05-08T17:57:00.000Z","end":"2022-05-08T17:58:00.000Z"},"country":"United Kingdom","OPM":12,"Total_sales_vol":292.35000082850456,"rate_of_return":0.0}
