{"window":{"start":"2022-05-10T10:06:00.000Z","end":"2022-05-10T10:07:00.000Z"},"country":"Belgium","OPM":1,"Total_sales_vol":1.6699999868869781,"rate_of_return":0.0}
{"window":{"start":"2022-05-07T15:25:00.000Z","end":"2022-05-07T15:26:00.000Z"},"country":"United Kingdom","OPM":7,"Total_sales_vol":607.0400121212006,"rate_of_return":0.21621621621621623}
{"window":{"start":"2022-05-09T11:39:00.000Z","end":"2022-05-09T11:40:00.000Z"},"country":"EIRE","OPM":1,"Total_sales_vol":32.78999996185303,"rate_of_return":0.0}
{"window":{"start":"2022-05-09T06:23:00.000Z","end":"2022-05-09T06:24:00.000Z"},"country":"France","OPM":1,"Total_sales_vol":369.7799929380417,"rate_of_return":0.0}
{"window":{"start":"2022-05-09T23:18:00.000Z","end":"2022-05-09T23:19:00.000Z"},"country":"United Kingdom","OPM":6,"Total_sales_vol":474.28999838232994,"rate_of_return":0.09090909090909091}
{"window":{"start":"2022-05-10T02:13:00.000Z","end":"2022-05-10T02:14:00.000Z"},"country":"United Kingdom","OPM":9,"Total_sales_vol":704.9700154662132,"rate_of_return":0.0}
{"window":{"start":"2022-05-07T12:24:00.000Z","end":"2022-05-07T12:25:00.000Z"},"country":"United Kingdom","OPM":5,"Total_sales_vol":461.5399980545044,"rate_of_return":0.0}
{"window":{"start":"2022-05-08T19:22:00.000Z","end":"2022-05-08T19:23:00.000Z"},"country":"Belgium","OPM":1,"Total_sales_vol":5.099999904632568,"rate_of_return":0.0}
{"window":{"start":"2022-05-05T17:55:00.000Z","end":"2022-05-05T17:56:00.000Z"},"country":"Netherlands","OPM":1,"Total_sales_vol":-173.77999782562256,"rate_of_return":1.0}
{"window":{"start":"2022-05-09T13:25:00.000Z","end":"2022-05-09T13:26:00.000Z"},"country":"Germany","OPM":1,"Total_sales_vol":54.79999923706055,"rate_of_return":0.0}
{"window":{"start":"2022-05-06T19:38:00.000Z","end":"2022-05-06T19:39:00.000Z"},"country":"France","OPM":1,"Total_sales_vol":45.54999828338623,"rate_of_return":0.0}
{"window":{"start":"2022-05-06T14:55:00.000Z","end":"2022-05-06T14:56:00.000Z"},"country":"EIRE","OPM":1,"Total_sales_vol":74.33000159263611,"rate_of_return":0.0}
{"window":{"start":"2022-05-07T00:51:00.000Z","end":"2022-05-07T00:52:00.000Z"},"country":"France","OPM":1,"Total_sales_vol":40.5,"rate_of_return":0.0}
{"window":{"start":"2022-05-09T03:31:00.000Z","end":"2022-05-09T03:32:00.000Z"},"country":"Finland","OPM":1,"Total_sales_vol":76.19999694824219,"rate_of_return":0.0}
{"window":{"start":"2022-05-07T18:44:00.000Z","end":"2022-05-07T18:45:00.000Z"},"country":"Netherlands","OPM":1,"Total_sales_vol":14.84999942779541,"rate_of_return":0.0}
{"window":{"start":"2022-05-08T17:43:00.000Z","end":"2022-05-08T17:44:00.000Z"},"country":"United Kingdom","OPM":8,"Total_sales_vol":146.67000380158424,"rate_of_return":0.125}
{"window":{"start":"2022-05-10T04:32:00.000Z","end":"2022-05-10T04:33:00.000Z"},"country":"France","OPM":1,"Total_sales_vol":29.100000143051147,"rate_of_return":0.0}
{"window":{"start":"2022-05-08T14:16:00.000Z","end":"2022-05-08T14:17:00.000Z"},"country":"Cyprus","OPM":1,"Total_sales_vol":-77.55999946594238,"rate_of_return":1.0}
{"window":{"start":"2022-05-07T23:09:00.000Z","end":"2022-05-07T23:10:00.000Z"},"country":"United Kingdom","OPM":12,"Total_sales_vol":620.869992017746,"rate_of_return":0.0}
{"window":{"start":"2022-05-09T08:54:00.000Z","end":"2022-05-09T08:55:00.000Z"},"country":"Belgium","OPM":1,"Total_sales_vol":5.900000095367432,"rate_of_return":0.0}
{"window":{"start":"2022-05-06T22:06:00.000Z","end":"2022-05-06T22:07:00.000Z"},"country":"United Kingdom","OPM":16,"Total_sales_vol":815.4199983179569,"rate_of_return":0.0}
{"window":{"start":"2022-05-05T16:26:00.000Z","end":"2022-05-05T16:27:00.000Z"},"country":"Netherlands","OPM":1,"Total_sales_vol":4.949999809265137,"rate_of_return":0.0}
{"window":{"start":"2022-05-09T06:45:00.000Z","end":"2022-05-09T06:46:00.000Z"},"country":"United Kingdom","OPM":15,"Total_sales_vol":881.6799985468388,"rate_of_return":0.0}
{"window":{"start":"2022-05-07T02:08:00.000Z","end":"2022-05-07T02:09:00.000Z"},"country":"United Kingdom","OPM":11,"Total_sales_vol":361.00000178813934,"rate_of_return":0.0}
{"window":{"start":"2022-05-05T23:10:00.000Z","end":"2022-05-05T23:11:00.000Z"},"country":"United Kingdom","OPM":11,"Total_sales_vol":798.2400022745132,"rate_of_return":0.0}
{"window":{"start":"2022-05-06T03:26:00.000Z","end":"2022-05-06T03:27:00.000Z"},"country":"Sweden","OPM":1,"Total_sales_vol":57.61999988555908,"rate_of_return":0.0}
{"window":{"start":"2022-05-06T18:08:00.000Z","end":"2022-05-06T18:09:00.000Z"},"country":"Germany","OPM":1,"Total_sales_vol":5.039999961853027,"rate_of_return":0.0}
{"window":{"start":"2022-05-09T13:51:00.000Z","end":"2022-05-09T13:52:00.000Z"},"country":"United Kingdom","OPM":6,"Total_sales_vol":245.80999970436096,"rate_of_return":0.125}
{"window":{"start":"2022-05-07T18:53:00.000Z","end":"2022-05-07T18:54:00.000Z"},"country":"United Kingdom","OPM":7,"Total_sales_vol":475.9499945640564,"rate_of_return":0.0}
{"window":{"start":"2022-05-08T00:05:00.000Z","end":"2022-05-08T00:06:00.000Z"},"country":"United Kingdom","OPM":12,"Total_sales_vol":-1063.6600038409233,"rate_of_return":0.2}
{"window":{"start":"2022-05-10T10:26:00.000Z","end":"2022-05-10T10:27:00.000Z"},"country":"United Kingdom","OPM":8,"Total_sales_vol":280.7300032377243,"rate_of_return":0.0}
{"window":{"start":"2022-05-09T00:59:00.000Z","end":"2022-05-09T01:00:00.000Z"},"country":"United Kingdom","OPM":5,"Total_sales_vol":203.6499986052513,"rate_of_return":0.0}
{"window":{"start":"2022-05-10T02:09:00.000Z","end":"2022-05-10T02:10:00.000Z"},"country":"United Kingdom","OPM":4,"Total_sales_vol":476.92000579833984,"rate_of_return":0.0}
{"window":{"start":"2022-05-09T20:20:00.000Z","end":"2022-05-09T20:21:00.000Z"},"country":"France","OPM":1,"Total_sales_vol":51.62999951839447,"rate_of_return":0.0}
{"window":{"start":"2022-05-10T06:48:00.000Z","end":"2022-05-10T06:49:00.000Z"},"country":"United Kingdom","OPM":6,"Total_sales_vol":419.6099900007248,"rate_of_return":0.041666666666666664}
{"window":{"start":"2022-05-07T22:30:00.000Z","end":"2022-05-07T22:31:00.000Z"},"country":"Switzerland","OPM":2,"Total_sales_vol":68.50999909639359,"rate_of_return":0.0}
{"window":{"start":"2022-05-05T22:27:00.000Z","end":"2022-05-05T22:28:00.000Z"},"country":"France","OPM":1,"Total_sales_vol":21.139999389648438,"rate_of_return":0.0}
{"window":{"start":"2022-05-10T02:34:00.000Z","end":"2022-05-10T02:35:00.000Z"},"country":"Hong Kong","OPM":1,"Total_sales_vol":12.47000002861023,"rate_of_return":0.0}
{"window":{"start":"2022-05-10T04:22:00.000Z","end":"2022-05-10T04:23:00.000Z"},"country":"United Kingdom","OPM":8,"Total_sales_vol":371.6599842309952,"rate_of_return":0.2}
{"window":{"start":"2022-05-08T13:53:00.000Z","end":"2022-05-08T13:54:00.000Z"},"country":"United Kingdom","OPM":5,"Total_sales_vol":223.28000116348267,"rate_of_return":0.0}
{"window":{"start":"2022-05-08T12:28:00.000Z","end":"2022-05-08T12:29:00.000Z"},"country":"United Kingdom","OPM":6,"Total_sales_vol":337.33999979496,"rate_of_return":0.0}
{"window":{"start":"2022-05-06T01:56:00.000Z","end":"2022-05-06T01:57:00.000Z"},"country":"United Kingdom","OPM":12,"Total_sales_vol":730.6099843680859,"rate_of_return":0.12195121951219512}
{"window":{"start":"2022-05-08T06:30:00.000Z","end":"2022-05-08T06:31:00.000Z"},"country":"United Kingdom","OPM":11,"Total_sales_vol":441.99000149965286,"rate_of_return":0.0}
{"window":{"start":"2022-05-07T02:07:00.000Z","end":"2022-05-07T02:08:00.000Z"},"country":"France","OPM":1,"Total_sales_vol":10.970000267028809,"rate_of_return":0.0}
{"window":{"start":"2022-05-07T09:05:00.000Z","end":"2022-05-07T09:06:00.000Z"},"country":"United Kingdom","OPM":14,"Total_sales_vol":1625.4299948364496,"rate_of_return":0.17391304347826086}
{"window":{"start":"2022-05-07T14:31:00.000Z","end":"2022-05-07T14:32:00.000Z"},"country":"United Kingdom","OPM":7,"Total_sales_vol":379.82999980449677,"rate_of_return":0.0}
{"window":{"start":"2022-05-08T10:04:00.000Z","end":"2022-05-08T10:05:00.000Z"},"country":"United Kingdom","OPM":12,"Total_sales_vol":504.4800048172474,"rate_of_return":0.10344827586206896}
{"window":{"start":"2022-05-10T13:05:00.000Z","end":"2022-05-10T13:06:00.000Z"},"country":"France","OPM":1,"Total_sales_vol":312.32999086380005,"rate_of_return":0.0}
{"window":{"start":"2022-05-06T12:07:00.000Z","end":"2022-05-06T12:08:00.000Z"},"country":"United Kingdom","OPM":13,"Total_sales_vol":403.48999908566475,"rate_of_return":0.18181818181818182}
{"window":{"start":"2022-05-07T00:56:00.000Z","end":"2022-05-07T00:57:00.000Z"},"country":"United Kingdom","OPM":7,"Total_sales_vol":193.7299997806549,"rate_of_return":0.0}
{"window":{"start":"2022-05-08T00:24:00.000Z","end":"2022-05-08T00:25:00.000Z"},"country":"United Kingdom","OPM":10,"Total_sales_vol":505.4300047159195,"rate_of_return":0.16666666666666666}
{"window":{"start":"2022-05-06T03:47:00.000Z","end":"2022-05-06T03:48:00.000Z"},"country":"United Kingdom","OPM":11,"Total_sales_vol":479.61998462677,"rate_of_return":0.12121212121212122}
{"window":{"start":"2022-05-07T11:07:00.000Z","end":"2022-05-07T11:08:00.000Z"},"country":"United Kingdom","OPM":5,"Total_sales_vol":127.77000224590302,"rate_of_return":0.13333333333333333}
{"window":{"start":"2022-05-10T03:25:00.000Z","end":"2022-05-10T03:26:00.000Z"},"country":"United Kingdom","OPM":9,"Total_sales_vol":877.62000644207,"rate_of_return":0.0}
{"window":{"start":"2022-05-09T09:41:00.000Z","end":"2022-05-09T09:42:00.000Z"},"country":"Italy","OPM":1,"Total_sales_vol":185.99999618530273,"rate_of_return":0.0}
{"window":{"start":"2022-05-09T19:33:00.000Z","end":"2022-05-09T19:34:00.000Z"},"country":"United Kingdom","OPM":10,"Total_sales_vol":80.3600005209446,"rate_of_return":0.21875}
{"window":{"start":"2022-05-05T22:43:00.000Z","end":"2022-05-05T22:44:00.000Z"},"country":"United Kingdom","OPM":11,"Total_sales_vol":435.77999767661095,"rate_of_return":0.0}
