{"window":{"start":"2022-05-08T01:36:00.000Z","end":"2022-05-08T01:37:00.000Z"},"country":"Germany","OPM":1,"Total_sales_vol":26.030000686645508,"rate_of_return":0.0}
{"window":{"start":"2022-05-10T02:52:00.000Z","end":"2022-05-10T02:53:00.000Z"},"country":"United Kingdom","OPM":6,"Total_sales_vol":206.08000087738037,"rate_of_return":0.0}
{"window":{"start":"2022-05-06T19:51:00.000Z","end":"2022-05-06T19:52:00.000Z"},"country":"United Kingdom","OPM":13,"Total_sales_vol":578.7499954104424,"rate_of_return":0.14285714285714285}
{"window":{"start":"2022-05-07T16:35:00.000Z","end":"2022-05-07T16:36:00.000Z"},"country":"Unspecified","OPM":1,"Total_sales_vol":16.600000381469727,"rate_of_return":0.0}
{"window":{"start":"2022-05-09T17:27:00.000Z","end":"2022-05-09T17:28:00.000Z"},"country":"Germany","OPM":1,"Total_sales_vol":1597.35009765625,"rate_of_return":0.0}
{"window":{"start":"2022-05-09T00:43:00.000Z","end":"2022-05-09T00:44:00.000Z"},"country":"EIRE","OPM":2,"Total_sales_vol":107.62999725341797,"rate_of_return":0.0}
{"window":{"start":"2022-05-09T14:47:00.000Z","end":"2022-05-09T14:48:00.000Z"},"country":"France","OPM":1,"Total_sales_vol":137.01999819278717,"rate_of_return":0.0}
{"window":{"start":"2022-05-09T05:16:00.000Z","end":"2022-05-09T05:17:00.000Z"},"country":"Germany","OPM":1,"Total_sales_vol":43.83999967575073,"rate_of_return":0.0}
{"window":{"start":"2022-05-06T11:25:00.000Z","end":"2022-05-06T11:26:00.000Z"},"country":"EIRE","OPM":1,"Total_sales_vol":11.899999618530273,"rate_of_return":0.0}
{"window":{"start":"2022-05-08T18:34:00.000Z","end":"2022-05-08T18:35:00.000Z"},"country":"Austria","OPM":1,"Total_sales_vol":76.20000171661377,"rate_of_return":0.0}
{"window":{"start":"2022-05-06T13:13:00.000Z","end":"2022-05-06T13:14:00.000Z"},"country":"Germany","OPM":1,"Total_sales_vol":119.74000155925751,"rate_of_return":0.0}
{"window":{"start":"2022-05-10T06:29:00.000Z","end":"2022-05-10T06:30:00.000Z"},"country":"United Kingdom","OPM":21,"Total_sales_vol":1324.169988155365,"rate_of_return":0.05714285714285714}
{"window":{"start":"2022-05-08T04:49:00.000Z","end":"2022-05-08T04:50:00.000Z"},"country":"Germany","OPM":1,"Total_sales_vol":54.160000801086426,"rate_of_return":0.0}
{"window":{"start":"2022-05-08T11:41:00.000Z","end":"2022-05-08T11:42:00.000Z"},"country":"United Kingdom","OPM":4,"Total_sales_vol":105.60999655723572,"rate_of_return":0.0}
{"window":{"start":"2022-05-10T06:01:00.000Z","end":"2022-05-10T06:02:00.000Z"},"country":"United Kingdom","OPM":6,"Total_sales_vol":417.2700015604496,"rate_of_return":0.0}
{"window":{"start":"2022-05-06T07:56:00.000Z","end":"2022-05-06T07:57:00.000Z"},"country":"Italy","OPM":1,"Total_sales_vol":30.0,"rate_of_return":0.0}
{"window":{"start":"2022-05-07T13:03:00.000Z","end":"2022-05-07T13:04:00.000Z"},"country":"United Kingdom","OPM":13,"Total_sales_vol":1149.7799956798553,"rate_of_return":0.043478260869565216}
{"window":{"start":"2022-05-09T06:53:00.000Z","end":"2022-05-09T06:54:00.000Z"},"country":"Channel Islands","OPM":1,"Total_sales_vol":36.04999923706055,"rate_of_return":0.0}
{"window":{"start":"2022-05-06T20:13:00.000Z","end":"2022-05-06T20:14:00.000Z"},"country":"Switzerland","OPM":1,"Total_sales_vol":9.559999942779541,"rate_of_return":0.0}
{"window":{"start":"2022-05-08T17:33:00.000Z","end":"2022-05-08T17:34:00.000Z"},"country":"France","OPM":1,"Total_sales_vol":26.500000834465027,"rate_of_return":0.0}
{"window":{"start":"2022-05-06T22:17:00.000Z","end":"2022-05-06T22:18:00.000Z"},"country":"France","OPM":1,"Total_sales_vol":6.25,"rate_of_return":0.0}
{"window":{"start":"2022-05-08T08:29:00.000Z","end":"2022-05-08T08:30:00.000Z"},"country":"Greece","OPM":1,"Total_sales_vol":-74.13000014424324,"rate_of_return":1.0}
{"window":{"start":"2022-05-08T20:42:00.000Z","end":"2022-05-08T20:43:00.000Z"},"country":"United Kingdom","OPM":6,"Total_sales_vol":246.00999900698662,"rate_of_return":0.0}
{"window":{"start":"2022-05-06T00:14:00.000Z","end":"2022-05-06T00:15:00.000Z"},"country":"United Kingdom","OPM":8,"Total_sales_vol":283.06999975442886,"rate_of_return":0.0}
{"window":{"start":"2022-05-10T12:53:00.000Z","end":"2022-05-10T12:54:00.000Z"},"country":"United Kingdom","OPM":11,"Total_sales_vol":535.1300060153008,"rate_of_return":0.21212121212121213}
{"window":{"start":"2022-05-06T02:23:00.000Z","end":"2022-05-06T02:24:00.000Z"},"country":"United Kingdom","OPM":8,"Total_sales_vol":414.450000166893,"rate_of_return":0.03333333333333333}
{"window":{"start":"2022-05-06T00:24:00.000Z","end":"2022-05-06T00:25:00.000Z"},"country":"United Kingdom","OPM":9,"Total_sales_vol":1986.6500908136368,"rate_of_return":0.0}
{"window":{"start":"2022-05-09T08:07:00.000Z","end":"2022-05-09T08:08:00.000Z"},"country":"Italy","OPM":1,"Total_sales_vol":20.199999451637268,"rate_of_return":0.0}
{"window":{"start":"2022-05-07T02:13:00.000Z","end":"2022-05-07T02:14:00.000Z"},"country":"United Kingdom","OPM":8,"Total_sales_vol":596.7099997401237,"rate_of_return":0.0}
{"window":{"start":"2022-05-08T19:04:00.000Z","end":"2022-05-08T19:05:00.000Z"},"country":"United Kingdom","OPM":8,"Total_sales_vol":682.8100031614304,"rate_of_return":0.034482758620689655}
{"window":{"start":"2022-05-07T18:16:00.000Z","end":"2022-05-07T18:17:00.000Z"},"country":"Germany","OPM":1,"Total_sales_vol":35.950000286102295,"rate_of_return":0.0}
{"window":{"start":"2022-05-05T21:52:00.000Z","end":"2022-05-05T21:53:00.000Z"},"country":"United Kingdom","OPM":9,"Total_sales_vol":480.2300071120262,"rate_of_return":0.0}
{"window":{"start":"2022-05-09T08:49:00.000Z","end":"2022-05-09T08:50:00.000Z"},"country":"United Kingdom","OPM":5,"Total_sales_vol":563.3700090646744,"rate_of_return":0.0}
{"window":{"start":"2022-05-10T09:58:00.000Z","end":"2022-05-10T09:59:00.000Z"},"country":"United Kingdom","OPM":4,"Total_sales_vol":96.31999814510345,"rate_of_return":0.0}
{"window":{"start":"2022-05-08T17:01:00.000Z","end":"2022-05-08T17:02:00.000Z"},"country":"Iceland","OPM":1,"Total_sales_vol":249.0,"rate_of_return":0.0}
{"window":{"start":"2022-05-10T06:13:00.000Z","end":"2022-05-10T06:14:00.000Z"},"country":"United Kingdom","OPM":14,"Total_sales_vol":1013.2700007557869,"rate_of_return":0.024390243902439025}
{"window":{"start":"2022-05-09T05:56:00.000Z","end":"2022-05-09T05:57:00.000Z"},"country":"EIRE","OPM":1,"Total_sales_vol":3.7800000309944153,"rate_of_return":0.0}
{"window":{"start":"2022-05-09T14:38:00.000Z","end":"2022-05-09T14:39:00.000Z"},"country":"United Kingdom","OPM":9,"Total_sales_vol":1553.9499932527542,"rate_of_return":0.1282051282051282}
{"window":{"start":"2022-05-06T02:29:00.000Z","end":"2022-05-06T02:30:00.000Z"},"country":"United Kingdom","OPM":13,"Total_sales_vol":-3786.5699948072433,"rate_of_return":0.01694915254237288}
{"window":{"start":"2022-05-10T01:03:00.000Z","end":"2022-05-10T01:04:00.000Z"},"country":"United Kingdom","OPM":10,"Total_sales_vol":325.48000448942184,"rate_of_return":0.0}
{"window":{"start":"2022-05-06T11:19:00.000Z","end":"2022-05-06T11:20:00.000Z"},"country":"Norway","OPM":1,"Total_sales_vol":75.27999877929688,"rate_of_return":0.0}
{"window":{"start":"2022-05-07T22:49:00.000Z","end":"2022-05-07T22:50:00.000Z"},"country":"United Kingdom","OPM":3,"Total_sales_vol":65.82000017166138,"rate_of_return":0.0}
{"window":{"start":"2022-05-08T19:04:00.000Z","end":"2022-05-08T19:05:00.000Z"},"country":"Netherlands","OPM":1,"Total_sales_vol":25.999999046325684,"rate_of_return":0.0}
{"window":{"start":"2022-05-08T19:57:00.000Z","end":"2022-05-08T19:58:00.000Z"},"country":"Belgium","OPM":1,"Total_sales_vol":56.109999656677246,"rate_of_return":0.0}
{"window":{"start":"2022-05-08T22:38:00.000Z","end":"2022-05-08T22:39:00.000Z"},"country":"United Kingdom","OPM":10,"Total_sales_vol":706.7100148797035,"rate_of_return":0.0}
{"window":{"start":"2022-05-07T06:06:00.000Z","end":"2022-05-07T06:07:00.000Z"},"country":"United Kingdom","OPM":9,"Total_sales_vol":685.9999967217445,"rate_of_return":0.0}
{"window":{"start":"2022-05-06T16:59:00.000Z","end":"2022-05-06T17:00:00.000Z"},"country":"United Kingdom","OPM":5,"Total_sales_vol":150.07000142335892,"rate_of_return":0.0}
{"window":{"start":"2022-05-08T10:52:00.000Z","end":"2022-05-08T10:53:00.000Z"},"country":"United Kingdom","OPM":4,"Total_sales_vol":404.92000246047974,"rate_of_return":0.0}
{"window":{"start":"2022-05-06T20:06:00.000Z","end":"2022-05-06T20:07:00.000Z"},"country":"Netherlands","OPM":1,"Total_sales_vol":5902.18017578125,"rate_of_return":0.0}
{"window":{"start":"2022-05-07T00:42:00.000Z","end":"2022-05-07T00:43:00.000Z"},"country":"France","OPM":1,"Total_sales_vol":14.630000054836273,"rate_of_return":0.0}
{"window":{"start":"2022-05-07T00:38:00.000Z","end":"2022-05-07T00:39:00.000Z"},"country":"France","OPM":1,"Total_sales_vol":60.78999900817871,"rate_of_return":0.0}
{"window":{"start":"2022-05-09T09:37:00.000Z","end":"2022-05-09T09:38:00.000Z"},"country":"Netherlands","OPM":1,"Total_sales_vol":17.260000348091125,"rate_of_return":0.0}
{"window":{"start":"2022-05-07T02:39:00.000Z","end":"2022-05-07T02:40:00.000Z"},"country":"Cyprus","OPM":1,"Total_sales_vol":244.95000544190407,"rate_of_return":0.0}
{"window":{"start":"2022-05-07T17:43:00.000Z","end":"2022-05-07T17:44:00.000Z"},"country":"United Kingdom","OPM":8,"Total_sales_vol":482.4500024318695,"rate_of_return":0.0}
{"window":{"start":"2022-05-06T04:47:00.000Z","end":"2022-05-06T04:48:00.000Z"},"country":"Portugal","OPM":1,"Total_sales_vol":53.400001525878906,"rate_of_return":0.0}
{"window":{"start":"2022-05-06T18:06:00.000Z","end":"2022-05-06T18:07:00.000Z"},"country":"United Kingdom","OPM":12,"Total_sales_vol":955.5699936747551,"rate_of_return":0.02857142857142857}
{"window":{"start":"2022-05-08T11:20:00.000Z","end":"2022-05-08T11:21:00.000Z"},"country":"EIRE","OPM":1,"Total_sales_vol":32.450000047683716,"rate_of_return":0.0}
{"window":{"start":"2022-05-10T07:09:00.000Z","end":"2022-05-10T07:10:00.000Z"},"country":"United Kingdom","OPM":7,"Total_sales_vol":665.3300013542175,"rate_of_return":0.1111111111111111}
{"window":{"start":"2022-05-07T18:56:00.000Z","end":"2022-05-07T18:57:00.000Z"},"country":"United Kingdom","OPM":10,"Total_sales_vol":890.1600010693073,"rate_of_return":0.0}
{"window":{"start":"2022-05-10T10:08:00.000Z","end":"2022-05-10T10:09:00.000Z"},"country":"Portugal","OPM":1,"Total_sales_vol":180.67000126838684,"rate_of_return":0.0}
{"window":{"start":"2022-05-08T08:04:00.000Z","end":"2022-05-08T08:05:00.000Z"},"country":"United Kingdom","OPM":10,"Total_sales_vol":405.15999829769135,"rate_of_return":0.0}
{"window":{"start":"2022-05-09T00:12:00.000Z","end":"2022-05-09T00:13:00.000Z"},"country":"United Kingdom","OPM":11,"Total_sales_vol":491.0900000333786,"rate_of_return":0.10526315789473684}
{"window":{"start":"2022-05-09T18:09:00.000Z","end":"2022-05-09T18:10:00.000Z"},"country":"Spain","OPM":1,"Total_sales_vol":41.56999945640564,"rate_of_return":0.0}
{"window":{"start":"2022-05-08T10:27:00.000Z","end":"2022-05-08T10:28:00.000Z"},"country":"Cyprus","OPM":1,"Total_sales_vol":43.19999814033508,"rate_of_return":0.0}
