{"window":{"start":"2022-05-10T08:42:00.000Z","end":"2022-05-10T08:43:00.000Z"},"country":"United Kingdom","OPM":11,"Total_sales_vol":1129.579998075962,"rate_of_return":0.06976744186046512}
{"window":{"start":"2022-05-08T08:53:00.000Z","end":"2022-05-08T08:54:00.000Z"},"country":"United Kingdom","OPM":8,"Total_sales_vol":99.12000167369843,"rate_of_return":0.15}
{"window":{"start":"2022-05-06T14:11:00.000Z","end":"2022-05-06T14:12:00.000Z"},"country":"United Kingdom","OPM":8,"Total_sales_vol":999.4299920201302,"rate_of_return":0.0}
{"window":{"start":"2022-05-08T18:30:00.000Z","end":"2022-05-08T18:31:00.000Z"},"country":"France","OPM":1,"Total_sales_vol":35.80000019073486,"rate_of_return":0.0}
{"window":{"start":"2022-05-05T22:00:00.000Z","end":"2022-05-05T22:01:00.000Z"},"country":"Germany","OPM":1,"Total_sales_vol":15.9399995803833,"rate_of_return":0.0}
{"window":{"start":"2022-05-08T03:41:00.000Z","end":"2022-05-08T03:42:00.000Z"},"country":"United Kingdom","OPM":13,"Total_sales_vol":1268.4299991130829,"rate_of_return":0.045454545454545456}
{"window":{"start":"2022-05-10T05:47:00.000Z","end":"2022-05-10T05:48:00.000Z"},"country":"United Kingdom","OPM":11,"Total_sales_vol":1457.8300087451935,"rate_of_return":0.0}
{"window":{"start":"2022-05-05T16:42:00.000Z","end":"2022-05-05T16:43:00.000Z"},"country":"United Kingdom","OPM":9,"Total_sales_vol":956.7999773025513,"rate_of_return":0.0}
{"window":{"start":"2022-05-09T17:01:00.000Z","end":"2022-05-09T17:02:00.000Z"},"country":"Spain","OPM":1,"Total_sales_vol":21.68000030517578,"rate_of_return":0.0}
{"window":{"start":"2022-05-09T14:07:00.000Z","end":"2022-05-09T14:08:00.000Z"},"country":"Japan","OPM":1,"Total_sales_vol":12.449999928474426,"rate_of_return":0.0}
{"window":{"start":"2022-05-09T04:41:00.000Z","end":"2022-05-09T04:42:00.000Z"},"country":"United Kingdom","OPM":3,"Total_sales_vol":200.7599948644638,"rate_of_return":0.0}
{"window":{"start":"2022-05-07T22:41:00.000Z","end":"2022-05-07T22:42:00.000Z"},"country":"United Kingdom","OPM":11,"Total_sales_vol":550.8400121480227,"rate_of_return":0.0}
{"window":{"start":"2022-05-06T04:58:00.000Z","end":"2022-05-06T04:59:00.000Z"},"country":"United Kingdom","OPM":9,"Total_sales_vol":1158.8800057768822,"rate_of_return":0.0}
{"window":{"start":"2022-05-08T01:46:00.000Z","end":"2022-05-08T01:47:00.000Z"},"country":"United Kingdom","OPM":16,"Total_sales_vol":1276.149996817112,"rate_of_return":0.0392156862745098}
{"window":{"start":"2022-05-09T14:01:00.000Z","end":"2022-05-09T14:02:00.000Z"},"country":"Germany","OPM":2,"Total_sales_vol":558.1399795413017,"rate_of_return":0.0}
{"window":{"start":"2022-05-07T21:58:00.000Z","end":"2022-05-07T21:59:00.000Z"},"country":"United Kingdom","OPM":4,"Total_sales_vol":117.24000024795532,"rate_of_return":0.4230769230769231}
{"window":{"start":"2022-05-07T20:58:00.000Z","end":"2022-05-07T20:59:00.000Z"},"country":"Cyprus","OPM":1,"Total_sales_vol":15.769999742507935,"rate_of_return":0.0}
{"window":{"start":"2022-05-08T17:41:00.000Z","end":"2022-05-08T17:42:00.000Z"},"country":"United Kingdom","OPM":8,"Total_sales_vol":305.37999749183655,"rate_of_return":0.0}
{"window":{"start":"2022-05-07T02:50:00.000Z","end":"2022-05-07T02:51:00.000Z"},"country":"United Kingdom","OPM":13,"Total_sales_vol":756.5599992573261,"rate_of_return":0.0}
{"window":{"start":"2022-05-08T18:19:00.000Z","end":"2022-05-08T18:20:00.000Z"},"country":"Italy","OPM":1,"Total_sales_vol":30.459999084472656,"rate_of_return":0.0}
{"window":{"start":"2022-05-08T22:18:00.000Z","end":"2022-05-08T22:19:00.000Z"},"country":"Netherlands","OPM":1,"Total_sales_vol":18.34999978542328,"rate_of_return":0.0}
{"window":{"start":"2022-05-08T15:15:00.000Z","end":"2022-05-08T15:16:00.000Z"},"country":"United Kingdom","OPM":12,"Total_sales_vol":1069.500002503395,"rate_of_return":0.045454545454545456}
{"window":{"start":"2022-05-10T05:07:00.000Z","end":"2022-05-10T05:08:00.000Z"},"country":"Germany","OPM":2,"Total_sales_vol":14.490000009536743,"rate_of_return":0.0}
{"window":{"start":"2022-05-06T01:11:00.000Z","end":"2022-05-06T01:12:00.000Z"},"country":"United Kingdom","OPM":13,"Total_sales_vol":921.5600025355816,"rate_of_return":0.07142857142857142}
{"window":{"start":"2022-05-06T04:39:00.000Z","end":"2022-05-06T04:40:00.000Z"},"country":"France","OPM":1,"Total_sales_vol":3.299999952316284,"rate_of_return":0.0}
{"window":{"start":"2022-05-07T11:51:00.000Z","end":"2022-05-07T11:52:00.000Z"},"country":"United Kingdom","OPM":7,"Total_sales_vol":544.2599871754646,"rate_of_return":0.0}
{"window":{"start":"2022-05-08T08:21:00.000Z","end":"2022-05-08T08:22:00.000Z"},"country":"Hong Kong","OPM":1,"Total_sales_vol":1301.5099996328354,"rate_of_return":0.0}
{"window":{"start":"2022-05-10T11:50:00.000Z","end":"2022-05-10T11:51:00.000Z"},"country":"United Kingdom","OPM":6,"Total_sales_vol":368.5900102853775,"rate_of_return":0.36363636363636365}
{"window":{"start":"2022-05-07T06:58:00.000Z","end":"2022-05-07T06:59:00.000Z"},"country":"United Kingdom","OPM":12,"Total_sales_vol":49.45999985933304,"rate_of_return":0.1111111111111111}
{"window":{"start":"2022-05-05T20:55:00.000Z","end":"2022-05-05T20:56:00.000Z"},"country":"United Kingdom","OPM":16,"Total_sales_vol":939.6899873912334,"rate_of_return":0.03636363636363636}
{"window":{"start":"2022-05-06T08:54:00.000Z","end":"2022-05-06T08:55:00.000Z"},"country":"EIRE","OPM":1,"Total_sales_vol":59.22000026702881,"rate_of_return":0.0}
{"window":{"start":"2022-05-07T10:07:00.000Z","end":"2022-05-07T10:08:00.000Z"},"country":"United Kingdom","OPM":7,"Total_sales_vol":289.7399983406067,"rate_of_return":0.08333333333333333}
{"window":{"start":"2022-05-10T07:15:00.000Z","end":"2022-05-10T07:16:00.000Z"},"country":"United Kingdom","OPM":6,"Total_sales_vol":701.0599988698959,"rate_of_return":0.0}
{"window":{"start":"2022-05-05T17:19:00.000Z","end":"2022-05-05T17:20:00.000Z"},"country":"Germany","OPM":1,"Total_sales_vol":43.34999990463257,"rate_of_return":0.0}
{"window":{"start":"2022-05-09T04:26:00.000Z","end":"2022-05-09T04:27:00.000Z"},"country":"France","OPM":2,"Total_sales_vol":42.679999351501465,"rate_of_return":0.0}
{"window":{"start":"2022-05-06T02:43:00.000Z","end":"2022-05-06T02:44:00.000Z"},"country":"France","OPM":2,"Total_sales_vol":23.350000143051147,"rate_of_return":0.0}
{"window":{"start":"2022-05-08T05:40:00.000Z","end":"2022-05-08T05:41:00.000Z"},"country":"United Kingdom","OPM":9,"Total_sales_vol":236.9299968779087,"rate_of_return":0.0}
{"window":{"start":"2022-05-08T14:34:00.000Z","end":"2022-05-08T14:35:00.000Z"},"country":"EIRE","OPM":1,"Total_sales_vol":13.180000305175781,"rate_of_return":0.0}
{"window":{"start":"2022-05-07T07:20:00.000Z","end":"2022-05-07T07:21:00.000Z"},"country":"United Kingdom","OPM":10,"Total_sales_vol":783.0100065469742,"rate_of_return":0.0}
{"window":{"start":"2022-05-07T04:02:00.000Z","end":"2022-05-07T04:03:00.000Z"},"country":"Germany","OPM":1,"Total_sales_vol":634.2000513076782,"rate_of_return":0.0}
{"window":{"start":"2022-05-07T12:06:00.000Z","end":"2022-05-07T12:07:00.000Z"},"country":"Cyprus","OPM":1,"Total_sales_vol":348.9900040626526,"rate_of_return":0.0}
{"window":{"start":"2022-05-09T07:16:00.000Z","end":"2022-05-09T07:17:00.000Z"},"country":"France","OPM":1,"Total_sales_vol":39.36000061035156,"rate_of_return":0.0}
{"window":{"start":"2022-05-09T17:39:00.000Z","end":"2022-05-09T17:40:00.000Z"},"country":"Spain","OPM":1,"Total_sales_vol":33.599998474121094,"rate_of_return":0.0}
{"window":{"start":"2022-05-07T03:16:00.000Z","end":"2022-05-07T03:17:00.000Z"},"country":"United Kingdom","OPM":5,"Total_sales_vol":72.29001462459564,"rate_of_return":0.4583333333333333}
{"window":{"start":"2022-05-08T17:13:00.000Z","end":"2022-05-08T17:14:00.000Z"},"country":"United Kingdom","OPM":16,"Total_sales_vol":1087.8999966979027,"rate_of_return":0.0}
{"window":{"start":"2022-05-06T14:23:00.000Z","end":"2022-05-06T14:24:00.000Z"},"country":"United Kingdom","OPM":11,"Total_sales_vol":557.509999871254,"rate_of_return":0.11428571428571428}
{"window":{"start":"2022-05-10T04:59:00.000Z","end":"2022-05-10T05:00:00.000Z"},"country":"United Kingdom","OPM":13,"Total_sales_vol":1081.7200201451778,"rate_of_return":0.0}
{"window":{"start":"2022-05-07T17:49:00.000Z","end":"2022-05-07T17:50:00.000Z"},"country":"United Kingdom","OPM":11,"Total_sales_vol":930.1299928724766,"rate_of_return":0.0}
{"window":{"start":"2022-05-09T18:20:00.000Z","end":"2022-05-09T18:21:00.000Z"},"country":"United Kingdom","OPM":8,"Total_sales_vol":376.9199995994568,"rate_of_return":0.0}
{"window":{"start":"2022-05-06T10:14:00.000Z","end":"2022-05-06T10:15:00.000Z"},"country":"Switzerland","OPM":1,"Total_sales_vol":-9.960000038146973,"rate_of_return":1.0}
{"window":{"start":"2022-05-08T09:20:00.000Z","end":"2022-05-08T09:21:00.000Z"},"country":"Germany","OPM":1,"Total_sales_vol":23.980000734329224,"rate_of_return":0.0}
{"window":{"start":"2022-05-08T10:16:00.000Z","end":"2022-05-08T10:17:00.000Z"},"country":"United Kingdom","OPM":10,"Total_sales_vol":651.2399973273277,"rate_of_return":0.0}
{"window":{"start":"2022-05-09T05:35:00.000Z","end":"2022-05-09T05:36:00.000Z"},"country":"United Kingdom","OPM":8,"Total_sales_vol":229.90000158548355,"rate_of_return":0.1111111111111111}
{"window":{"start":"2022-05-09T15:22:00.000Z","end":"2022-05-09T15:23:00.000Z"},"country":"EIRE","OPM":1,"Total_sales_vol":4.960000038146973,"rate_of_return":0.0}
{"window":{"start":"2022-05-07T19:54:00.000Z","end":"2022-05-07T19:55:00.000Z"},"country":"United Kingdom","OPM":11,"Total_sales_vol":551.6599900722504,"rate_of_return":0.06060606060606061}
{"window":{"start":"2022-05-05T20:32:00.000Z","end":"2022-05-05T20:33:00.000Z"},"country":"Cyprus","OPM":1,"Total_sales_vol":157.289995521307,"rate_of_return":0.0}
{"window":{"start":"2022-05-06T04:06:00.000Z","end":"2022-05-06T04:07:00.000Z"},"country":"Netherlands","OPM":1,"Total_sales_vol":43.820001006126404,"rate_of_return":0.0}
{"window":{"start":"2022-05-09T00:27:00.000Z","end":"2022-05-09T00:28:00.000Z"},"country":"United Kingdom","OPM":5,"Total_sales_vol":171.26999884843826,"rate_of_return":0.0}
{"window":{"start":"2022-05-07T23:34:00.000Z","end":"2022-05-07T23:35:00.000Z"},"country":"EIRE","OPM":1,"Total_sales_vol":31.750000715255737,"rate_of_return":0.0}
{"window":{"start":"2022-05-06T15:17:00.000Z","end":"2022-05-06T15:18:00.000Z"},"country":"France","OPM":1,"Total_sales_vol":49.560001373291016,"rate_of_return":0.0}
{"window":{"start":"2022-05-07T15:08:00.000Z","end":"2022-05-07T15:09:00.000Z"},"country":"United Kingdom","OPM":7,"Total_sales_vol":245.54999285936356,"rate_of_return":0.0}
{"window":{"start":"2022-05-06T01:21:00.000Z","end":"2022-05-06T01:22:00.000Z"},"country":"United Kingdom","OPM":14,"Total_sales_vol":1065.8999811708927,"rate_of_return":0.09090909090909091}
{"window":{"start":"2022-05-10T13:11:00.000Z","end":"2022-05-10T13:12:00.000Z"},"country":"United Kingdom","OPM":4,"Total_sales_vol":516.8899998664856,"rate_of_return":0.0}
{"window":{"start":"2022-05-09T12:11:00.000Z","end":"2022-05-09T12:12:00.000Z"},"country":"United Kingdom","OPM":5,"Total_sales_vol":870.8700193166733,"rate_of_return":0.0}
{"window":{"start":"2022-05-09T19:48:00.000Z","end":"2022-05-09T19:49:00.000Z"},"country":"United Kingdom","OPM":14,"Total_sales_vol":-146.9500041604042,"rate_of_return":0.23255813953488372}
{"window":{"start":"2022-05-07T12:48:00.000Z","end":"2022-05-07T12:49:00.000Z"},"country":"United Kingdom","OPM":14,"Total_sales_vol":2557.920046031475,"rate_of_return":0.0}
{"window":{"start":"2022-05-09T11:17:00.000Z","end":"2022-05-09T11:18:00.000Z"},"country":"United Kingdom","OPM":5,"Total_sales_vol":504.58999997377396,"rate_of_return":0.0}
{"window":{"start":"2022-05-06T17:58:00.000Z","end":"2022-05-06T17:59:00.000Z"},"country":"United Kingdom","OPM":11,"Total_sales_vol":537.6199998557568,"rate_of_return":0.0}
