{"window":{"start":"2022-05-07T13:16:00.000Z","end":"2022-05-07T13:17:00.000Z"},"country":"United Kingdom","OPM":5,"Total_sales_vol":332.4900024831295,"rate_of_return":0.0}
{"window":{"start":"2022-05-08T02:06:00.000Z","end":"2022-05-08T02:07:00.000Z"},"country":"United Kingdom","OPM":4,"Total_sales_vol":71.98000127077103,"rate_of_return":0.0}
{"window":{"start":"2022-05-08T08:41:00.000Z","end":"2022-05-08T08:42:00.000Z"},"country":"Germany","OPM":1,"Total_sales_vol":58.75000047683716,"rate_of_return":0.0}
{"window":{"start":"2022-05-09T21:51:00.000Z","end":"2022-05-09T21:52:00.000Z"},"country":"United Kingdom","OPM":9,"Total_sales_vol":1431.0100186765194,"rate_of_return":0.0}
{"window":{"start":"2022-05-10T02:12:00.000Z","end":"2022-05-10T02:13:00.000Z"},"country":"Germany","OPM":1,"Total_sales_vol":37.44000053405762,"rate_of_return":0.0}
{"window":{"start":"2022-05-08T06:26:00.000Z","end":"2022-05-08T06:27:00.000Z"},"country":"United Kingdom","OPM":8,"Total_sales_vol":107.9299989938736,"rate_of_return":0.25}
{"window":{"start":"2022-05-06T17:20:00.000Z","end":"2022-05-06T17:21:00.000Z"},"country":"EIRE","OPM":1,"Total_sales_vol":1.25,"rate_of_return":0.0}
{"window":{"start":"2022-05-09T04:01:00.000Z","end":"2022-05-09T04:02:00.000Z"},"country":"United Kingdom","OPM":7,"Total_sales_vol":505.8899964094162,"rate_of_return":0.0}
{"window":{"start":"2022-05-09T10:28:00.000Z","end":"2022-05-09T10:29:00.000Z"},"country":"France","OPM":1,"Total_sales_vol":13.039999961853027,"rate_of_return":0.0}
{"window":{"start":"2022-05-09T16:25:00.000Z","end":"2022-05-09T16:26:00.000Z"},"country":"United Kingdom","OPM":5,"Total_sales_vol":175.2499994635582,"rate_of_return":0.05555555555555555}
{"window":{"start":"2022-05-09T17:44:00.000Z","end":"2022-05-09T17:45:00.000Z"},"country":"EIRE","OPM":1,"Total_sales_vol":83.79000127315521,"rate_of_return":0.0}
{"window":{"start":"2022-05-06T03:27:00.000Z","end":"2022-05-06T03:28:00.000Z"},"country":"United Kingdom","OPM":7,"Total_sales_vol":192.14000129699707,"rate_of_return":0.13636363636363635}
{"window":{"start":"2022-05-08T10:04:00.000Z","end":"2022-05-08T10:05:00.000Z"},"country":"Germany","OPM":1,"Total_sales_vol":58.68000030517578,"rate_of_return":0.0}
{"window":{"start":"2022-05-06T15:48:00.000Z","end":"2022-05-06T15:49:00.000Z"},"country":"United Kingdom","OPM":8,"Total_sales_vol":440.4399991631508,"rate_of_return":0.0}
{"window":{"start":"2022-05-08T05:11:00.000Z","end":"2022-05-08T05:12:00.000Z"},"country":"United Kingdom","OPM":8,"Total_sales_vol":364.96000611782074,"rate_of_return":0.0}
{"window":{"start":"2022-05-08T16:33:00.000Z","end":"2022-05-08T16:34:00.000Z"},"country":"EIRE","OPM":1,"Total_sales_vol":14.84999942779541,"rate_of_return":0.0}
{"window":{"start":"2022-05-10T02:45:00.000Z","end":"2022-05-10T02:46:00.000Z"},"country":"United Kingdom","OPM":13,"Total_sales_vol":937.4399962425232,"rate_of_return":0.0}
{"window":{"start":"2022-05-08T12:10:00.000Z","end":"2022-05-08T12:11:00.000Z"},"country":"United Kingdom","OPM":13,"Total_sales_vol":1183.6499989330769,"rate_of_return":0.0}
{"window":{"start":"2022-05-06T12:17:00.000Z","end":"2022-05-06T12:18:00.000Z"},"country":"EIRE","OPM":1,"Total_sales_vol":36.31999969482422,"rate_of_return":0.0}
{"window":{"start":"2022-05-05T22:04:00.000Z","end":"2022-05-05T22:05:00.000Z"},"country":"United Kingdom","OPM":11,"Total_sales_vol":571.4999957084656,"rate_of_return":0.0}
{"window":{"start":"2022-05-08T16:56:00.000Z","end":"2022-05-08T16:57:00.000Z"},"country":"Cyprus","OPM":1,"Total_sales_vol":33.64999997615814,"rate_of_return":0.0}
{"window":{"start":"2022-05-06T21:33:00.000Z","end":"2022-05-06T21:34:00.000Z"},"country":"United Kingdom","OPM":11,"Total_sales_vol":551.8799962997437,"rate_of_return":0.0}
{"window":{"start":"2022-05-08T08:47:00.000Z","end":"2022-05-08T08:48:00.000Z"},"country":"United Kingdom","OPM":10,"Total_sales_vol":588.7199918329716,"rate_of_return":0.225}
{"window":{"start":"2022-05-07T03:10:00.000Z","end":"2022-05-07T03:11:00.000Z"},"country":"United Kingdom","OPM":13,"Total_sales_vol":543.369995623827,"rate_of_return":0.05}
{"window":{"start":"2022-05-06T11:07:00.000Z","end":"2022-05-06T11:08:00.000Z"},"country":"EIRE","OPM":1,"Total_sales_vol":16.5,"rate_of_return":0.0}
{"window":{"start":"2022-05-07T07:09:00.000Z","end":"2022-05-07T07:10:00.000Z"},"country":"United Kingdom","OPM":8,"Total_sales_vol":1909.9599986672401,"rate_of_return":0.08}
{"window":{"start":"2022-05-07T15:17:00.000Z","end":"2022-05-07T15:18:00.000Z"},"country":"Canada","OPM":1,"Total_sales_vol":17.700000762939453,"rate_of_return":0.0}
{"window":{"start":"2022-05-09T01:20:00.000Z","end":"2022-05-09T01:21:00.000Z"},"country":"United Kingdom","OPM":11,"Total_sales_vol":723.3699997663498,"rate_of_return":0.0}
{"window":{"start":"2022-05-05T22:47:00.000Z","end":"2022-05-05T22:48:00.000Z"},"country":"EIRE","OPM":1,"Total_sales_vol":40.79999923706055,"rate_of_return":0.0}
{"window":{"start":"2022-05-07T17:12:00.000Z","end":"2022-05-07T17:13:00.000Z"},"country":"United Kingdom","OPM":9,"Total_sales_vol":346.3900077342987,"rate_of_return":0.0}
{"window":{"start":"2022-05-09T16:01:00.000Z","end":"2022-05-09T16:02:00.000Z"},"country":"Italy","OPM":1,"Total_sales_vol":26.12999999523163,"rate_of_return":0.0}
{"window":{"start":"2022-05-08T23:04:00.000Z","end":"2022-05-08T23:05:00.000Z"},"country":"United Kingdom","OPM":18,"Total_sales_vol":1551.2299958467484,"rate_of_return":0.01818181818181818}
{"window":{"start":"2022-05-10T08:10:00.000Z","end":"2022-05-10T08:11:00.000Z"},"country":"Italy","OPM":1,"Total_sales_vol":52.0,"rate_of_return":0.0}
{"window":{"start":"2022-05-08T21:24:00.000Z","end":"2022-05-08T21:25:00.000Z"},"country":"United Kingdom","OPM":3,"Total_sales_vol":102.58999645709991,"rate_of_return":0.0}
{"window":{"start":"2022-05-08T22:13:00.000Z","end":"2022-05-08T22:14:00.000Z"},"country":"EIRE","OPM":1,"Total_sales_vol":276.8000030517578,"rate_of_return":0.0}
{"window":{"start":"2022-05-09T01:19:00.000Z","end":"2022-05-09T01:20:00.000Z"},"country":"United Kingdom","OPM":11,"Total_sales_vol":264.88000240921974,"rate_of_return":0.07407407407407407}
{"window":{"start":"2022-05-10T03:45:00.000Z","end":"2022-05-10T03:46:00.000Z"},"country":"EIRE","OPM":2,"Total_sales_vol":288.4999986886978,"rate_of_return":0.0}
{"window":{"start":"2022-05-08T21:57:00.000Z","end":"2022-05-08T21:58:00.000Z"},"country":"United Kingdom","OPM":7,"Total_sales_vol":326.26999789476395,"rate_of_return":0.0}
{"window":{"start":"2022-05-09T08:18:00.000Z","end":"2022-05-09T08:19:00.000Z"},"country":"EIRE","OPM":1,"Total_sales_vol":94.07999992370605,"rate_of_return":0.0}
{"window":{"start":"2022-05-09T21:49:00.000Z","end":"2022-05-09T21:50:00.000Z"},"country":"United Kingdom","OPM":3,"Total_sales_vol":129.67000222206116,"rate_of_return":0.0}
{"window":{"start":"2022-05-07T17:53:00.000Z","end":"2022-05-07T17:54:00.000Z"},"country":"United Kingdom","OPM":10,"Total_sales_vol":344.85999596118927,"rate_of_return":0.2857142857142857}
{"window":{"start":"2022-05-06T05:31:00.000Z","end":"2022-05-06T05:32:00.000Z"},"country":"United Kingdom","OPM":6,"Total_sales_vol":251.86000418663025,"rate_of_return":0.07692307692307693}
{"window":{"start":"2022-05-08T23:19:00.000Z","end":"2022-05-08T23:20:00.000Z"},"country":"Sweden","OPM":1,"Total_sales_vol":4.949999809265137,"rate_of_return":0.0}
{"window":{"start":"2022-05-09T18:29:00.000Z","end":"2022-05-09T18:30:00.000Z"},"country":"United Kingdom","OPM":7,"Total_sales_vol":409.47999942302704,"rate_of_return":0.2727272727272727}
{"window":{"start":"2022-05-07T09:00:00.000Z","end":"2022-05-07T09:01:00.000Z"},"country":"United Kingdom","OPM":7,"Total_sales_vol":584.6999980211258,"rate_of_return":0.0}
{"window":{"start":"2022-05-09T19:27:00.000Z","end":"2022-05-09T19:28:00.000Z"},"country":"United Kingdom","OPM":15,"Total_sales_vol":1350.020008891821,"rate_of_return":0.1111111111111111}
{"window":{"start":"2022-05-10T06:53:00.000Z","end":"2022-05-10T06:54:00.000Z"},"country":"France","OPM":1,"Total_sales_vol":55.97999954223633,"rate_of_return":0.0}
{"window":{"start":"2022-05-09T07:35:00.000Z","end":"2022-05-09T07:36:00.000Z"},"country":"United Kingdom","OPM":12,"Total_sales_vol":374.1000075340271,"rate_of_return":0.15625}
{"window":{"start":"2022-05-06T07:45:00.000Z","end":"2022-05-06T07:46:00.000Z"},"country":"Germany","OPM":1,"Total_sales_vol":145.60999828577042,"rate_of_return":0.0}
{"window":{"start":"2022-05-07T15:36:00.000Z","end":"2022-05-07T15:37:00.000Z"},"country":"United Kingdom","OPM":18,"Total_sales_vol":1452.1800054311752,"rate_of_return":0.0}
{"window":{"start":"2022-05-09T23:31:00.000Z","end":"2022-05-09T23:32:00.000Z"},"country":"Germany","OPM":1,"Total_sales_vol":1.659999966621399,"rate_of_return":0.0}
{"window":{"start":"2022-05-05T21:44:00.000Z","end":"2022-05-05T21:45:00.000Z"},"country":"Spain","OPM":1,"Total_sales_vol":64.29000091552734,"rate_of_return":0.0}
{"window":{"start":"2022-05-07T11:55:00.000Z","end":"2022-05-07T11:56:00.000Z"},"country":"Germany","OPM":1,"Total_sales_vol":54.47999954223633,"rate_of_return":0.0}
{"window":{"start":"2022-05-06T01:32:00.000Z","end":"2022-05-06T01:33:00.000Z"},"country":"Netherlands","OPM":1,"Total_sales_vol":47.220000863075256,"rate_of_return":0.0}
{"window":{"start":"2022-05-06T02:01:00.000Z","end":"2022-05-06T02:02:00.000Z"},"country":"United Kingdom","OPM":15,"Total_sales_vol":704.0900012254715,"rate_of_return":0.0}
{"window":{"start":"2022-05-06T04:41:00.000Z","end":"2022-05-06T04:42:00.000Z"},"country":"United Kingdom","OPM":8,"Total_sales_vol":509.159991979599,"rate_of_return":0.0}
{"window":{"start":"2022-05-08T22:03:00.000Z","end":"2022-05-08T22:04:00.000Z"},"country":"United Kingdom","OPM":9,"Total_sales_vol":573.6399982571602,"rate_of_return":0.0}
{"window":{"start":"2022-05-06T12:22:00.000Z","end":"2022-05-06T12:23:00.000Z"},"country":"United Kingdom","OPM":14,"Total_sales_vol":606.0199904441833,"rate_of_return":0.0}
{"window":{"start":"2022-05-06T00:58:00.000Z","end":"2022-05-06T00:59:00.000Z"},"country":"United Kingdom","OPM":4,"Total_sales_vol":328.2899981737137,"rate_of_return":0.0}
{"window":{"start":"2022-05-07T01:18:00.000Z","end":"2022-05-07T01:19:00.000Z"},"country":"Spain","OPM":1,"Total_sales_vol":-8.450000762939453,"rate_of_return":1.0}
{"window":{"start":"2022-05-10T13:02:00.000Z","end":"2022-05-10T13:03:00.000Z"},"country":"United Kingdom","OPM":9,"Total_sales_vol":467.95999443531036,"rate_of_return":0.0}
{"window":{"start":"2022-05-09T17:36:00.000Z","end":"2022-05-09T17:37:00.000Z"},"country":"United Kingdom","OPM":11,"Total_sales_vol":474.47999358177185,"rate_of_return":0.0}
{"window":{"start":"2022-05-07T04:59:00.000Z","end":"2022-05-07T05:00:00.000Z"},"country":"Israel","OPM":1,"Total_sales_vol":41.690001487731934,"rate_of_return":0.0}
{"window":{"start":"2022-05-09T01:19:00.000Z","end":"2022-05-09T01:20:00.000Z"},"country":"EIRE","OPM":1,"Total_sales_vol":1.6299999952316284,"rate_of_return":0.0}
{"window":{"start":"2022-05-10T07:28:00.000Z","end":"2022-05-10T07:29:00.000Z"},"country":"United Kingdom","OPM":6,"Total_sales_vol":192.6800011396408,"rate_of_return":0.0}
{"window":{"start":"2022-05-05T20:08:00.000Z","end":"2022-05-05T20:09:00.000Z"},"country":"Italy","OPM":1,"Total_sales_vol":27.050000190734863,"rate_of_return":0.0}
{"window":{"start":"2022-05-09T09:52:00.000Z","end":"2022-05-09T09:53:00.000Z"},"country":"United Kingdom","OPM":8,"Total_sales_vol":892.3499740362167,"rate_of_return":0.0}
{"window":{"start":"2022-05-05T19:56:00.000Z","end":"2022-05-05T19:57:00.000Z"},"country":"United Kingdom","OPM":7,"Total_sales_vol":449.21000826358795,"rate_of_return":0.0}
{"window":{"start":"2022-05-10T12:04:00.000Z","end":"2022-05-10T12:05:00.000Z"},"country":"Norway","OPM":1,"Total_sales_vol":239.90999126434326,"rate_of_return":0.0}
{"window":{"start":"2022-05-06T18:58:00.000Z","end":"2022-05-06T18:59:00.000Z"},"country":"United Kingdom","OPM":9,"Total_sales_vol":408.3800072669983,"rate_of_return":0.0}
{"window":{"start":"2022-05-06T16:12:00.000Z","end":"2022-05-06T16:13:00.000Z"},"country":"Germany","OPM":1,"Total_sales_vol":0.41999998688697815,"rate_of_return":0.0}
