{"window":{"start":"2022-05-06T09:37:00.000Z","end":"2022-05-06T09:38:00.000Z"},"country":"United Kingdom","OPM":12,"Total_sales_vol":934.3399865031242,"rate_of_return":0.0}
{"window":{"start":"2022-05-07T19:15:00.000Z","end":"2022-05-07T19:16:00.000Z"},"country":"Germany","OPM":1,"Total_sales_vol":51.35999870300293,"rate_of_return":0.0}
{"window":{"start":"2022-05-09T14:16:00.000Z","end":"2022-05-09T14:17:00.000Z"},"country":"United Kingdom","OPM":11,"Total_sales_vol":764.7500256150961,"rate_of_return":0.05128205128205128}
{"window":{"start":"2022-05-08T07:46:00.000Z","end":"2022-05-08T07:47:00.000Z"},"country":"EIRE","OPM":1,"Total_sales_vol":1.649999976158142,"rate_of_return":0.0}
{"window":{"start":"2022-05-07T10:45:00.000Z","end":"2022-05-07T10:46:00.000Z"},"country":"United Kingdom","OPM":7,"Total_sales_vol":214.14999842643738,"rate_of_return":0.0}
{"window":{"start":"2022-05-08T00:40:00.000Z","end":"2022-05-08T00:41:00.000Z"},"country":"Channel Islands","OPM":1,"Total_sales_vol":-16.699999809265137,"rate_of_return":1.0}
{"window":{"start":"2022-05-07T02:56:00.000Z","end":"2022-05-07T02:57:00.000Z"},"country":"United Kingdom","OPM":11,"Total_sales_vol":893.1800015866756,"rate_of_return":0.0}
{"window":{"start":"2022-05-07T01:28:00.000Z","end":"2022-05-07T01:29:00.000Z"},"country":"Germany","OPM":1,"Total_sales_vol":12.039999961853027,"rate_of_return":0.0}
{"window":{"start":"2022-05-10T02:36:00.000Z","end":"2022-05-10T02:37:00.000Z"},"country":"Germany","OPM":1,"Total_sales_vol":15.67999941110611,"rate_of_return":0.0}
{"window":{"start":"2022-05-06T09:06:00.000Z","end":"2022-05-06T09:07:00.000Z"},"country":"France","OPM":1,"Total_sales_vol":130.870001912117,"rate_of_return":0.0}
{"window":{"start":"2022-05-06T17:03:00.000Z","end":"2022-05-06T17:04:00.000Z"},"country":"United Kingdom","OPM":8,"Total_sales_vol":531.3899940550327,"rate_of_return":0.0}
{"window":{"start":"2022-05-08T02:51:00.000Z","end":"2022-05-08T02:52:00.000Z"},"country":"United Kingdom","OPM":8,"Total_sales_vol":195.25999879837036,"rate_of_return":0.25}
{"window":{"start":"2022-05-07T05:50:00.000Z","end":"2022-05-07T05:51:00.000Z"},"country":"France","OPM":1,"Total_sales_vol":51.480000495910645,"rate_of_return":0.0}
{"window":{"start":"2022-05-08T08:32:00.000Z","end":"2022-05-08T08:33:00.000Z"},"country":"EIRE","OPM":2,"Total_sales_vol":-33.1199996471405,"rate_of_return":0.3}
{"window":{"start":"2022-05-10T00:39:00.000Z","end":"2022-05-10T00:40:00.000Z"},"country":"Germany","OPM":1,"Total_sales_vol":112.6800000667572,"rate_of_return":0.0}
{"window":{"start":"2022-05-07T00:23:00.000Z","end":"2022-05-07T00:24:00.000Z"},"country":"France","OPM":1,"Total_sales_vol":33.0,"rate_of_return":0.0}
{"window":{"start":"2022-05-07T07:28:00.000Z","end":"2022-05-07T07:29:00.000Z"},"country":"Netherlands","OPM":1,"Total_sales_vol":-160.25000381469727,"rate_of_return":1.0}
{"window":{"start":"2022-05-09T07:07:00.000Z","end":"2022-05-09T07:08:00.000Z"},"country":"United Kingdom","OPM":8,"Total_sales_vol":402.2700002193451,"rate_of_return":0.0}
{"window":{"start":"2022-05-07T16:45:00.000Z","end":"2022-05-07T16:46:00.000Z"},"country":"France","OPM":1,"Total_sales_vol":16.84999942779541,"rate_of_return":0.0}
{"window":{"start":"2022-05-09T02:49:00.000Z","end":"2022-05-09T02:50:00.000Z"},"country":"United Kingdom","OPM":11,"Total_sales_vol":162.3399955034256,"rate_of_return":0.37142857142857144}
{"window":{"start":"2022-05-07T15:00:00.000Z","end":"2022-05-07T15:01:00.000Z"},"country":"United Kingdom","OPM":5,"Total_sales_vol":104.72000032663345,"rate_of_return":0.0}
{"window":{"start":"2022-05-10T09:34:00.000Z","end":"2022-05-10T09:35:00.000Z"},"country":"United Kingdom","OPM":10,"Total_sales_vol":527.6399908363819,"rate_of_return":0.21818181818181817}
{"window":{"start":"2022-05-09T18:01:00.000Z","end":"2022-05-09T18:02:00.000Z"},"country":"Belgium","OPM":1,"Total_sales_vol":16.73000045120716,"rate_of_return":0.0}
{"window":{"start":"2022-05-06T20:02:00.000Z","end":"2022-05-06T20:03:00.000Z"},"country":"United Kingdom","OPM":8,"Total_sales_vol":370.16999462246895,"rate_of_return":0.0}
{"window":{"start":"2022-05-06T02:51:00.000Z","end":"2022-05-06T02:52:00.000Z"},"country":"Germany","OPM":2,"Total_sales_vol":297.1899960041046,"rate_of_return":0.0}
{"window":{"start":"2022-05-09T05:58:00.000Z","end":"2022-05-09T05:59:00.000Z"},"country":"United Kingdom","OPM":15,"Total_sales_vol":905.1700067520142,"rate_of_return":0.021739130434782608}
{"window":{"start":"2022-05-06T00:05:00.000Z","end":"2022-05-06T00:06:00.000Z"},"country":"France","OPM":1,"Total_sales_vol":-59.52000045776367,"rate_of_return":1.0}
{"window":{"start":"2022-05-10T03:09:00.000Z","end":"2022-05-10T03:10:00.000Z"},"country":"United Kingdom","OPM":5,"Total_sales_vol":155.84999811649323,"rate_of_return":0.0}
{"window":{"start":"2022-05-09T17:50:00.000Z","end":"2022-05-09T17:51:00.000Z"},"country":"Germany","OPM":1,"Total_sales_vol":32.27999997138977,"rate_of_return":0.0}
{"window":{"start":"2022-05-10T05:23:00.000Z","end":"2022-05-10T05:24:00.000Z"},"country":"Germany","OPM":1,"Total_sales_vol":98.84999930858612,"rate_of_return":0.0}
{"window":{"start":"2022-05-09T09:59:00.000Z","end":"2022-05-09T10:00:00.000Z"},"country":"United Kingdom","OPM":9,"Total_sales_vol":1060.4099957942963,"rate_of_return":0.0}
{"window":{"start":"2022-05-10T02:34:00.000Z","end":"2022-05-10T02:35:00.000Z"},"country":"United Kingdom","OPM":6,"Total_sales_vol":926.2600084543228,"rate_of_return":0.0}
{"window":{"start":"2022-05-09T18:36:00.000Z","end":"2022-05-09T18:37:00.000Z"},"country":"Germany","OPM":1,"Total_sales_vol":46.709996938705444,"rate_of_return":0.0}
{"window":{"start":"2022-05-06T05:07:00.000Z","end":"2022-05-06T05:08:00.000Z"},"country":"United Kingdom","OPM":12,"Total_sales_vol":742.1099979877472,"rate_of_return":0.0}
{"window":{"start":"2022-05-10T10:18:00.000Z","end":"2022-05-10T10:19:00.000Z"},"country":"Spain","OPM":1,"Total_sales_vol":916.2499389648438,"rate_of_return":0.0}
{"window":{"start":"2022-05-07T05:42:00.000Z","end":"2022-05-07T05:43:00.000Z"},"country":"United Kingdom","OPM":13,"Total_sales_vol":751.2499991059303,"rate_of_return":0.01694915254237288}
{"window":{"start":"2022-05-05T17:45:00.000Z","end":"2022-05-05T17:46:00.000Z"},"country":"United Kingdom","OPM":8,"Total_sales_vol":357.0200003385544,"rate_of_return":0.125}
{"window":{"start":"2022-05-06T05:59:00.000Z","end":"2022-05-06T06:00:00.000Z"},"country":"United Kingdom","OPM":8,"Total_sales_vol":218.09999909996986,"rate_of_return":0.058823529411764705}
{"window":{"start":"2022-05-09T06:56:00.000Z","end":"2022-05-09T06:57:00.000Z"},"country":"United Kingdom","OPM":3,"Total_sales_vol":95.6300008893013,"rate_of_return":0.0}
{"window":{"start":"2022-05-05T22:32:00.000Z","end":"2022-05-05T22:33:00.000Z"},"country":"Channel Islands","OPM":1,"Total_sales_vol":19.380000472068787,"rate_of_return":0.0}
{"window":{"start":"2022-05-07T08:18:00.000Z","end":"2022-05-07T08:19:00.000Z"},"country":"United Kingdom","OPM":7,"Total_sales_vol":847.5500073432922,"rate_of_return":0.0}
{"window":{"start":"2022-05-07T17:53:00.000Z","end":"2022-05-07T17:54:00.000Z"},"country":"France","OPM":2,"Total_sales_vol":40.00000023841858,"rate_of_return":0.0}
{"window":{"start":"2022-05-05T19:42:00.000Z","end":"2022-05-05T19:43:00.000Z"},"country":"Germany","OPM":1,"Total_sales_vol":2.9299999475479126,"rate_of_return":0.0}
{"window":{"start":"2022-05-08T14:52:00.000Z","end":"2022-05-08T14:53:00.000Z"},"country":"United Kingdom","OPM":3,"Total_sales_vol":86.79999732971191,"rate_of_return":0.0}
{"window":{"start":"2022-05-10T05:21:00.000Z","end":"2022-05-10T05:22:00.000Z"},"country":"Portugal","OPM":1,"Total_sales_vol":11.700000286102295,"rate_of_return":0.0}
{"window":{"start":"2022-05-08T18:16:00.000Z","end":"2022-05-08T18:17:00.000Z"},"country":"United Kingdom","OPM":9,"Total_sales_vol":657.9000066518784,"rate_of_return":0.0}
{"window":{"start":"2022-05-07T03:18:00.000Z","end":"2022-05-07T03:19:00.000Z"},"country":"Spain","OPM":1,"Total_sales_vol":40.52000045776367,"rate_of_return":0.0}
{"window":{"start":"2022-05-06T16:47:00.000Z","end":"2022-05-06T16:48:00.000Z"},"country":"France","OPM":1,"Total_sales_vol":133.739999294281,"rate_of_return":0.0}
{"window":{"start":"2022-05-05T23:30:00.000Z","end":"2022-05-05T23:31:00.000Z"},"country":"United Kingdom","OPM":6,"Total_sales_vol":454.9300047159195,"rate_of_return":0.0}
{"window":{"start":"2022-05-05T20:28:00.000Z","end":"2022-05-05T20:29:00.000Z"},"country":"United Kingdom","OPM":6,"Total_sales_vol":1989.6699328422546,"rate_of_return":0.0}
{"window":{"start":"2022-05-06T12:25:00.000Z","end":"2022-05-06T12:26:00.000Z"},"country":"Portugal","OPM":1,"Total_sales_vol":184.45000207424164,"rate_of_return":0.0}
{"window":{"start":"2022-05-06T05:47:00.000Z","end":"2022-05-06T05:48:00.000Z"},"country":"United Kingdom","OPM":5,"Total_sales_vol":172.43000066280365,"rate_of_return":0.0625}
{"window":{"start":"2022-05-07T19:30:00.000Z","end":"2022-05-07T19:31:00.000Z"},"country":"United Kingdom","OPM":6,"Total_sales_vol":334.6000009775162,"rate_of_return":0.047619047619047616}
{"window":{"start":"2022-05-07T10:59:00.000Z","end":"2022-05-07T11:00:00.000Z"},"country":"United Kingdom","OPM":13,"Total_sales_vol":970.539984703064,"rate_of_return":0.0}
{"window":{"start":"2022-05-07T04:30:00.000Z","end":"2022-05-07T04:31:00.000Z"},"country":"United Kingdom","OPM":13,"Total_sales_vol":481.5800020098686,"rate_of_return":0.047619047619047616}
{"window":{"start":"2022-05-08T18:58:00.000Z","end":"2022-05-08T18:59:00.000Z"},"country":"United Kingdom","OPM":9,"Total_sales_vol":563.4399834871292,"rate_of_return":0.08}
{"window":{"start":"2022-05-09T22:32:00.000Z","end":"2022-05-09T22:33:00.000Z"},"country":"Germany","OPM":1,"Total_sales_vol":146.8799986243248,"rate_of_return":0.0}
{"window":{"start":"2022-05-09T09:01:00.000Z","end":"2022-05-09T09:02:00.000Z"},"country":"Belgium","OPM":1,"Total_sales_vol":31.449999809265137,"rate_of_return":0.0}
{"window":{"start":"2022-05-06T01:04:00.000Z","end":"2022-05-06T01:05:00.000Z"},"country":"United Kingdom","OPM":13,"Total_sales_vol":463.9200057685375,"rate_of_return":0.04}
{"window":{"start":"2022-05-06T02:54:00.000Z","end":"2022-05-06T02:55:00.000Z"},"country":"United Kingdom","OPM":5,"Total_sales_vol":1017.619990170002,"rate_of_return":0.0}
{"window":{"start":"2022-05-05T17:53:00.000Z","end":"2022-05-05T17:54:00.000Z"},"country":"Unspecified","OPM":1,"Total_sales_vol":49.599998474121094,"rate_of_return":0.0}
{"window":{"start":"2022-05-05T18:45:00.000Z","end":"2022-05-05T18:46:00.000Z"},"country":"United Kingdom","OPM":10,"Total_sales_vol":380.7200007736683,"rate_of_return":0.13636363636363635}
{"window":{"start":"2022-05-09T08:36:00.000Z","end":"2022-05-09T08:37:00.000Z"},"country":"Sweden","OPM":1,"Total_sales_vol":14.749999523162842,"rate_of_return":0.0}
{"window":{"start":"2022-05-09T14:33:00.000Z","end":"2022-05-09T14:34:00.000Z"},"country":"Italy","OPM":1,"Total_sales_vol":27.32000023126602,"rate_of_return":0.0}
{"window":{"start":"2022-05-06T03:14:00.000Z","end":"2022-05-06T03:15:00.000Z"},"country":"Channel Islands","OPM":1,"Total_sales_vol":3.7300000190734863,"rate_of_return":0.0}
