{"window":{"start":"2022-05-09T17:16:00.000Z","end":"2022-05-09T17:17:00.000Z"},"country":"United Kingdom","OPM":14,"Total_sales_vol":479.1199964284897,"rate_of_return":0.07692307692307693}
{"window":{"start":"2022-05-10T04:12:00.000Z","end":"2022-05-10T04:13:00.000Z"},"country":"EIRE","OPM":1,"Total_sales_vol":4.130000114440918,"rate_of_return":0.0}
{"window":{"start":"2022-05-07T15:28:00.000Z","end":"2022-05-07T15:29:00.000Z"},"country":"United Kingdom","OPM":8,"Total_sales_vol":458.1599839925766,"rate_of_return":0.0}
{"window":{"start":"2022-05-10T06:56:00.000Z","end":"2022-05-10T06:57:00.000Z"},"country":"United Kingdom","OPM":5,"Total_sales_vol":581.4899995326996,"rate_of_return":0.3333333333333333}
{"window":{"start":"2022-05-09T20:46:00.000Z","end":"2022-05-09T20:47:00.000Z"},"country":"United Kingdom","OPM":6,"Total_sales_vol":275.12000048160553,"rate_of_return":0.21428571428571427}
{"window":{"start":"2022-05-07T05:27:00.000Z","end":"2022-05-07T05:28:00.000Z"},"country":"United Kingdom","OPM":8,"Total_sales_vol":432.64000104367733,"rate_of_return":0.0}
{"window":{"start":"2022-05-05T19:35:00.000Z","end":"2022-05-05T19:36:00.000Z"},"country":"United Kingdom","OPM":13,"Total_sales_vol":988.1699972450733,"rate_of_return":0.0}
{"window":{"start":"2022-05-08T03:58:00.000Z","end":"2022-05-08T03:59:00.000Z"},"country":"United Kingdom","OPM":10,"Total_sales_vol":658.4799963831902,"rate_of_return":0.0}
{"window":{"start":"2022-05-08T03:45:00.000Z","end":"2022-05-08T03:46:00.000Z"},"country":"United Kingdom","OPM":12,"Total_sales_vol":1239.5299654006958,"rate_of_return":0.0}
{"window":{"start":"2022-05-10T10:00:00.000Z","end":"2022-05-10T10:01:00.000Z"},"country":"Austria","OPM":1,"Total_sales_vol":46.37999999523163,"rate_of_return":0.0}
{"window":{"start":"2022-05-06T19:22:00.000Z","end":"2022-05-06T19:23:00.000Z"},"country":"United Kingdom","OPM":14,"Total_sales_vol":454.58999890089035,"rate_of_return":0.0}
{"window":{"start":"2022-05-09T03:18:00.000Z","end":"2022-05-09T03:19:00.000Z"},"country":"EIRE","OPM":1,"Total_sales_vol":112.76999950408936,"rate_of_return":0.0}
{"window":{"start":"2022-05-07T22:11:00.000Z","end":"2022-05-07T22:12:00.000Z"},"country":"Hong Kong","OPM":1,"Total_sales_vol":2.490000009536743,"rate_of_return":0.0}
{"window":{"start":"2022-05-09T10:27:00.000Z","end":"2022-05-09T10:28:00.000Z"},"country":"United Kingdom","OPM":10,"Total_sales_vol":446.31000131368637,"rate_of_return":0.0}
{"window":{"start":"2022-05-07T01:26:00.000Z","end":"2022-05-07T01:27:00.000Z"},"country":"United Kingdom","OPM":13,"Total_sales_vol":477.74999356269836,"rate_of_return":0.02702702702702703}
{"window":{"start":"2022-05-07T16:37:00.000Z","end":"2022-05-07T16:38:00.000Z"},"country":"United Kingdom","OPM":10,"Total_sales_vol":455.09000408649445,"rate_of_return":0.4117647058823529}
{"window":{"start":"2022-05-07T07:11:00.000Z","end":"2022-05-07T07:12:00.000Z"},"country":"Netherlands","OPM":1,"Total_sales_vol":145.69000232219696,"rate_of_return":0.0}
{"window":{"start":"2022-05-06T14:45:00.000Z","end":"2022-05-06T14:46:00.000Z"},"country":"Netherlands","OPM":1,"Total_sales_vol":6.3099998235702515,"rate_of_return":0.0}
{"window":{"start":"2022-05-09T18:53:00.000Z","end":"2022-05-09T18:54:00.000Z"},"country":"Germany","OPM":1,"Total_sales_vol":5.900000095367432,"rate_of_return":0.0}
{"window":{"start":"2022-05-06T21:24:00.000Z","end":"2022-05-06T21:25:00.000Z"},"country":"United Kingdom","OPM":12,"Total_sales_vol":685.9000009298325,"rate_of_return":0.09803921568627451}
{"window":{"start":"2022-05-07T06:43:00.000Z","end":"2022-05-07T06:44:00.000Z"},"country":"Netherlands","OPM":1,"Total_sales_vol":60.10000014305115,"rate_of_return":0.0}
{"window":{"start":"2022-05-08T08:44:00.000Z","end":"2022-05-08T08:45:00.000Z"},"country":"Germany","OPM":1,"Total_sales_vol":-6.75,"rate_of_return":1.0}
{"window":{"start":"2022-05-06T08:06:00.000Z","end":"2022-05-06T08:07:00.000Z"},"country":"United Kingdom","OPM":13,"Total_sales_vol":1096.0199856460094,"rate_of_return":0.0}
{"window":{"start":"2022-05-06T05:40:00.000Z","end":"2022-05-06T05:41:00.000Z"},"country":"Germany","OPM":1,"Total_sales_vol":389.50998282432556,"rate_of_return":0.0}
{"window":{"start":"2022-05-08T18:55:00.000Z","end":"2022-05-08T18:56:00.000Z"},"country":"EIRE","OPM":1,"Total_sales_vol":-92.919997215271,"rate_of_return":1.0}
{"window":{"start":"2022-05-09T18:35:00.000Z","end":"2022-05-09T18:36:00.000Z"},"country":"Belgium","OPM":1,"Total_sales_vol":-10.200000762939453,"rate_of_return":1.0}
{"window":{"start":"2022-05-09T18:34:00.000Z","end":"2022-05-09T18:35:00.000Z"},"country":"United Kingdom","OPM":6,"Total_sales_vol":132.49999606609344,"rate_of_return":0.0}
{"window":{"start":"2022-05-08T01:40:00.000Z","end":"2022-05-08T01:41:00.000Z"},"country":"United Kingdom","OPM":8,"Total_sales_vol":175.97999596595764,"rate_of_return":0.05263157894736842}
{"window":{"start":"2022-05-09T23:45:00.000Z","end":"2022-05-09T23:46:00.000Z"},"country":"United Kingdom","OPM":9,"Total_sales_vol":177.15999776124954,"rate_of_return":0.1}
{"window":{"start":"2022-05-06T09:42:00.000Z","end":"2022-05-06T09:43:00.000Z"},"country":"United Kingdom","OPM":10,"Total_sales_vol":208.77998065948486,"rate_of_return":0.25806451612903225}
{"window":{"start":"2022-05-09T13:03:00.000Z","end":"2022-05-09T13:04:00.000Z"},"country":"United Kingdom","OPM":10,"Total_sales_vol":172.38000267744064,"rate_of_return":0.3684210526315789}
{"window":{"start":"2022-05-06T02:57:00.000Z","end":"2022-05-06T02:58:00.000Z"},"country":"United Kingdom","OPM":8,"Total_sales_vol":1168.050039112568,"rate_of_return":0.0}
{"window":{"start":"2022-05-07T22:56:00.000Z","end":"2022-05-07T22:57:00.000Z"},"country":"Portugal","OPM":1,"Total_sales_vol":66.99999803304672,"rate_of_return":0.0}
{"window":{"start":"2022-05-09T04:50:00.000Z","end":"2022-05-09T04:51:00.000Z"},"country":"Channel Islands","OPM":1,"Total_sales_vol":17.849998474121094,"rate_of_return":0.0}
{"window":{"start":"2022-05-06T09:44:00.000Z","end":"2022-05-06T09:45:00.000Z"},"country":"EIRE","OPM":1,"Total_sales_vol":91.29999995231628,"rate_of_return":0.0}
{"window":{"start":"2022-05-09T07:52:00.000Z","end":"2022-05-09T07:53:00.000Z"},"country":"France","OPM":1,"Total_sales_vol":7.619999885559082,"rate_of_return":0.0}
{"window":{"start":"2022-05-09T23:38:00.000Z","end":"2022-05-09T23:39:00.000Z"},"country":"United Kingdom","OPM":5,"Total_sales_vol":946.6400421857834,"rate_of_return":0.0}
{"window":{"start":"2022-05-09T08:59:00.000Z","end":"2022-05-09T09:00:00.000Z"},"country":"United Kingdom","OPM":11,"Total_sales_vol":997.29000172019,"rate_of_return":0.0}
{"window":{"start":"2022-05-05T23:43:00.000Z","end":"2022-05-05T23:44:00.000Z"},"country":"United Kingdom","OPM":8,"Total_sales_vol":156.04000234603882,"rate_of_return":0.36363636363636365}
{"window":{"start":"2022-05-10T08:54:00.000Z","end":"2022-05-10T08:55:00.000Z"},"country":"United Kingdom","OPM":7,"Total_sales_vol":586.8299953639507,"rate_of_return":0.0}
{"window":{"start":"2022-05-05T22:32:00.000Z","end":"2022-05-05T22:33:00.000Z"},"country":"United Kingdom","OPM":13,"Total_sales_vol":1210.029987514019,"rate_of_return":0.0425531914893617}
{"window":{"start":"2022-05-10T07:36:00.000Z","end":"2022-05-10T07:37:00.000Z"},"country":"Germany","OPM":1,"Total_sales_vol":462.6999999284744,"rate_of_return":0.0}
{"window":{"start":"2022-05-09T23:13:00.000Z","end":"2022-05-09T23:14:00.000Z"},"country":"United Kingdom","OPM":11,"Total_sales_vol":491.44001093506813,"rate_of_return":0.0}
{"window":{"start":"2022-05-05T17:33:00.000Z","end":"2022-05-05T17:34:00.000Z"},"country":"United Kingdom","OPM":9,"Total_sales_vol":745.530001282692,"rate_of_return":0.0}
{"window":{"start":"2022-05-06T19:17:00.000Z","end":"2022-05-06T19:18:00.000Z"},"country":"United Kingdom","OPM":14,"Total_sales_vol":1480.2199964523315,"rate_of_return":0.0}
{"window":{"start":"2022-05-06T14:26:00.000Z","end":"2022-05-06T14:27:00.000Z"},"country":"United Kingdom","OPM":12,"Total_sales_vol":727.4499807953835,"rate_of_return":0.05714285714285714}
{"window":{"start":"2022-05-07T12:20:00.000Z","end":"2022-05-07T12:21:00.000Z"},"country":"Cyprus","OPM":1,"Total_sales_vol":636.6199821233749,"rate_of_return":0.0}
{"window":{"start":"2022-05-06T04:36:00.000Z","end":"2022-05-06T04:37:00.000Z"},"country":"United Kingdom","OPM":11,"Total_sales_vol":451.73999321460724,"rate_of_return":0.14285714285714285}
{"window":{"start":"2022-05-07T08:41:00.000Z","end":"2022-05-07T08:42:00.000Z"},"country":"United Kingdom","OPM":5,"Total_sales_vol":58.650002002716064,"rate_of_return":0.21428571428571427}
{"window":{"start":"2022-05-06T01:43:00.000Z","end":"2022-05-06T01:44:00.000Z"},"country":"EIRE","OPM":1,"Total_sales_vol":8.670000076293945,"rate_of_return":0.0}
{"window":{"start":"2022-05-08T01:23:00.000Z","end":"2022-05-08T01:24:00.000Z"},"country":"United Kingdom","OPM":4,"Total_sales_vol":278.5799953043461,"rate_of_return":0.0}
{"window":{"start":"2022-05-08T08:11:00.000Z","end":"2022-05-08T08:12:00.000Z"},"country":"United Kingdom","OPM":2,"Total_sales_vol":43.349999487400055,"rate_of_return":0.0}
{"window":{"start":"2022-05-05T17:33:00.000Z","end":"2022-05-05T17:34:00.000Z"},"country":"Switzerland","OPM":1,"Total_sales_vol":170.38000106811523,"rate_of_return":0.0}
{"window":{"start":"2022-05-07T00:32:00.000Z","end":"2022-05-07T00:33:00.000Z"},"country":"United Kingdom","OPM":11,"Total_sales_vol":481.28999906778336,"rate_of_return":0.14285714285714285}
{"window":{"start":"2022-05-06T23:04:00.000Z","end":"2022-05-06T23:05:00.000Z"},"country":"EIRE","OPM":1,"Total_sales_vol":4.4499998688697815,"rate_of_return":0.0}
{"window":{"start":"2022-05-09T10:46:00.000Z","end":"2022-05-09T10:47:00.000Z"},"country":"United Kingdom","OPM":14,"Total_sales_vol":372.1499966084957,"rate_of_return":0.15625}
{"window":{"start":"2022-05-08T08:22:00.000Z","end":"2022-05-08T08:23:00.000Z"},"country":"Finland","OPM":1,"Total_sales_vol":73.38999557495117,"rate_of_return":0.0}
{"window":{"start":"2022-05-09T23:01:00.000Z","end":"2022-05-09T23:02:00.000Z"},"country":"United Kingdom","OPM":4,"Total_sales_vol":200.62000012397766,"rate_of_return":0.0}
{"window":{"start":"2022-05-05T19:22:00.000Z","end":"2022-05-05T19:23:00.000Z"},"country":"Germany","OPM":1,"Total_sales_vol":37.030001521110535,"rate_of_return":0.0}
{"window":{"start":"2022-05-09T18:44:00.000Z","end":"2022-05-09T18:45:00.000Z"},"country":"France","OPM":1,"Total_sales_vol":-5.099999904632568,"rate_of_return":1.0}
{"window":{"start":"2022-05-08T18:47:00.000Z","end":"2022-05-08T18:48:00.000Z"},"country":"EIRE","OPM":1,"Total_sales_vol":3.8500001430511475,"rate_of_return":0.0}
{"window":{"start":"2022-05-06T00:05:00.000Z","end":"2022-05-06T00:06:00.000Z"},"country":"United Kingdom","OPM":6,"Total_sales_vol":502.9000009596348,"rate_of_return":0.0}
{"window":{"start":"2022-05-07T03:51:00.000Z","end":"2022-05-07T03:52:00.000Z"},"country":"France","OPM":1,"Total_sales_vol":125.53999900817871,"rate_of_return":0.0}
{"window":{"start":"2022-05-10T08:07:00.000Z","end":"2022-05-10T08:08:00.000Z"},"country":"United Kingdom","OPM":11,"Total_sales_vol":369.9000025987625,"rate_of_return":0.1794871794871795}
