{"window":{"start":"2022-05-09T04:53:00.000Z","end":"2022-05-09T04:54:00.000Z"},"country":"United Kingdom","OPM":14,"Total_sales_vol":444.73999270796776,"rate_of_return":0.17777777777777778}
{"window":{"start":"2022-05-06T23:22:00.000Z","end":"2022-05-06T23:23:00.000Z"},"country":"Germany","OPM":1,"Total_sales_vol":-26.420000076293945,"rate_of_return":1.0}
{"window":{"start":"2022-05-05T23:20:00.000Z","end":"2022-05-05T23:21:00.000Z"},"country":"Germany","OPM":1,"Total_sales_vol":34.44000053405762,"rate_of_return":0.0}
{"window":{"start":"2022-05-09T17:30:00.000Z","end":"2022-05-09T17:31:00.000Z"},"country":"United Kingdom","OPM":16,"Total_sales_vol":1138.199997574091,"rate_of_return":0.07272727272727272}
{"window":{"start":"2022-05-06T15:32:00.000Z","end":"2022-05-06T15:33:00.000Z"},"country":"USA","OPM":1,"Total_sales_vol":30.37999975681305,"rate_of_return":0.0}
{"window":{"start":"2022-05-09T12:13:00.000Z","end":"2022-05-09T12:14:00.000Z"},"country":"France","OPM":1,"Total_sales_vol":101.2099997997284,"rate_of_return":0.0}
{"window":{"start":"2022-05-08T19:28:00.000Z","end":"2022-05-08T19:29:00.000Z"},"country":"United Kingdom","OPM":5,"Total_sales_vol":424.2100297808647,"rate_of_return":0.0}
{"window":{"start":"2022-05-08T05:57:00.000Z","end":"2022-05-08T05:58:00.000Z"},"country":"United Kingdom","OPM":8,"Total_sales_vol":369.7299942970276,"rate_of_return":0.07142857142857142}
{"window":{"start":"2022-05-05T19:07:00.000Z","end":"2022-05-05T19:08:00.000Z"},"country":"United Kingdom","OPM":9,"Total_sales_vol":613.4999870061874,"rate_of_return":0.0}
{"window":{"start":"2022-05-08T03:19:00.000Z","end":"2022-05-08T03:20:00.000Z"},"country":"United Kingdom","OPM":9,"Total_sales_vol":651.470004349947,"rate_of_return":0.0}
{"window":{"start":"2022-05-09T10:05:00.000Z","end":"2022-05-09T10:06:00.000Z"},"country":"Sweden","OPM":1,"Total_sales_vol":21.210000038146973,"rate_of_return":0.0}
{"window":{"start":"2022-05-06T22:36:00.000Z","end":"2022-05-06T22:37:00.000Z"},"country":"EIRE","OPM":1,"Total_sales_vol":102.26999831199646,"rate_of_return":0.0}
{"window":{"start":"2022-05-05T17:53:00.000Z","end":"2022-05-05T17:54:00.000Z"},"country":"Channel Islands","OPM":1,"Total_sales_vol":377.1199978888035,"rate_of_return":0.0}
{"window":{"start":"2022-05-07T04:56:00.000Z","end":"2022-05-07T04:57:00.000Z"},"country":"United Kingdom","OPM":11,"Total_sales_vol":792.1599935889244,"rate_of_return":0.0}
{"window":{"start":"2022-05-05T21:28:00.000Z","end":"2022-05-05T21:29:00.000Z"},"country":"United Kingdom","OPM":9,"Total_sales_vol":281.56999975442886,"rate_of_return":0.0}
{"window":{"start":"2022-05-06T10:37:00.000Z","end":"2022-05-06T10:38:00.000Z"},"country":"Germany","OPM":1,"Total_sales_vol":10.079999923706055,"rate_of_return":0.0}
{"window":{"start":"2022-05-07T04:12:00.000Z","end":"2022-05-07T04:13:00.000Z"},"country":"United Kingdom","OPM":8,"Total_sales_vol":650.9500004053116,"rate_of_return":0.23809523809523808}
{"window":{"start":"2022-05-07T22:02:00.000Z","end":"2022-05-07T22:03:00.000Z"},"country":"France","OPM":1,"Total_sales_vol":1.9500000476837158,"rate_of_return":0.0}
{"window":{"start":"2022-05-07T09:20:00.000Z","end":"2022-05-07T09:21:00.000Z"},"country":"Poland","OPM":1,"Total_sales_vol":19.200000047683716,"rate_of_return":0.0}
{"window":{"start":"2022-05-07T20:37:00.000Z","end":"2022-05-07T20:38:00.000Z"},"country":"United Kingdom","OPM":14,"Total_sales_vol":1621.1699916273355,"rate_of_return":0.0}
{"window":{"start":"2022-05-05T21:35:00.000Z","end":"2022-05-05T21:36:00.000Z"},"country":"United Kingdom","OPM":9,"Total_sales_vol":481.78000646829605,"rate_of_return":0.11428571428571428}
{"window":{"start":"2022-05-07T04:23:00.000Z","end":"2022-05-07T04:24:00.000Z"},"country":"Cyprus","OPM":1,"Total_sales_vol":72.94999694824219,"rate_of_return":0.0}
{"window":{"start":"2022-05-09T21:56:00.000Z","end":"2022-05-09T21:57:00.000Z"},"country":"United Kingdom","OPM":7,"Total_sales_vol":758.0400076508522,"rate_of_return":0.0}
{"window":{"start":"2022-05-07T05:09:00.000Z","end":"2022-05-07T05:10:00.000Z"},"country":"United Kingdom","OPM":7,"Total_sales_vol":241.87999895215034,"rate_of_return":0.0625}
{"window":{"start":"2022-05-08T14:36:00.000Z","end":"2022-05-08T14:37:00.000Z"},"country":"Netherlands","OPM":1,"Total_sales_vol":59.31999969482422,"rate_of_return":0.0}
{"window":{"start":"2022-05-08T04:00:00.000Z","end":"2022-05-08T04:01:00.000Z"},"country":"Belgium","OPM":1,"Total_sales_vol":0.7200000286102295,"rate_of_return":0.0}
{"window":{"start":"2022-05-07T04:39:00.000Z","end":"2022-05-07T04:40:00.000Z"},"country":"EIRE","OPM":1,"Total_sales_vol":28.350001454353333,"rate_of_return":0.0}
{"window":{"start":"2022-05-09T05:57:00.000Z","end":"2022-05-09T05:58:00.000Z"},"country":"Germany","OPM":1,"Total_sales_vol":32.47000026702881,"rate_of_return":0.0}
{"window":{"start":"2022-05-06T01:57:00.000Z","end":"2022-05-06T01:58:00.000Z"},"country":"United Kingdom","OPM":10,"Total_sales_vol":431.86000287532806,"rate_of_return":0.0}
{"window":{"start":"2022-05-06T19:10:00.000Z","end":"2022-05-06T19:11:00.000Z"},"country":"Germany","OPM":1,"Total_sales_vol":22.040000915527344,"rate_of_return":0.0}
{"window":{"start":"2022-05-07T03:25:00.000Z","end":"2022-05-07T03:26:00.000Z"},"country":"Unspecified","OPM":1,"Total_sales_vol":1.649999976158142,"rate_of_return":0.0}
{"window":{"start":"2022-05-07T02:49:00.000Z","end":"2022-05-07T02:50:00.000Z"},"country":"United Kingdom","OPM":13,"Total_sales_vol":1009.6099925041199,"rate_of_return":0.0}
{"window":{"start":"2022-05-08T09:37:00.000Z","end":"2022-05-08T09:38:00.000Z"},"country":"United Kingdom","OPM":9,"Total_sales_vol":709.4800122380257,"rate_of_return":0.0}
{"window":{"start":"2022-05-09T17:46:00.000Z","end":"2022-05-09T17:47:00.000Z"},"country":"Japan","OPM":1,"Total_sales_vol":24.119999885559082,"rate_of_return":0.0}
{"window":{"start":"2022-05-08T00:53:00.000Z","end":"2022-05-08T00:54:00.000Z"},"country":"EIRE","OPM":1,"Total_sales_vol":19.58999991416931,"rate_of_return":0.0}
{"window":{"start":"2022-05-07T02:09:00.000Z","end":"2022-05-07T02:10:00.000Z"},"country":"Singapore","OPM":1,"Total_sales_vol":13.120000839233398,"rate_of_return":0.0}
{"window":{"start":"2022-05-09T22:31:00.000Z","end":"2022-05-09T22:32:00.000Z"},"country":"United Kingdom","OPM":8,"Total_sales_vol":270.3499972820282,"rate_of_return":0.07142857142857142}
{"window":{"start":"2022-05-06T07:38:00.000Z","end":"2022-05-06T07:39:00.000Z"},"country":"United Kingdom","OPM":9,"Total_sales_vol":200.3400021791458,"rate_of_return":0.0}
{"window":{"start":"2022-05-08T12:52:00.000Z","end":"2022-05-08T12:53:00.000Z"},"country":"United Kingdom","OPM":5,"Total_sales_vol":397.6200028657913,"rate_of_return":0.1111111111111111}
{"window":{"start":"2022-05-07T13:07:00.000Z","end":"2022-05-07T13:08:00.000Z"},"country":"United Kingdom","OPM":2,"Total_sales_vol":10.809999704360962,"rate_of_return":0.0}
{"window":{"start":"2022-05-09T08:40:00.000Z","end":"2022-05-09T08:41:00.000Z"},"country":"United Kingdom","OPM":8,"Total_sales_vol":123.10999965667725,"rate_of_return":0.0}
{"window":{"start":"2022-05-07T00:37:00.000Z","end":"2022-05-07T00:38:00.000Z"},"country":"Australia","OPM":1,"Total_sales_vol":-2.0999999046325684,"rate_of_return":1.0}
{"window":{"start":"2022-05-10T02:39:00.000Z","end":"2022-05-10T02:40:00.000Z"},"country":"United Kingdom","OPM":8,"Total_sales_vol":1160.0300026535988,"rate_of_return":0.0}
{"window":{"start":"2022-05-07T13:00:00.000Z","end":"2022-05-07T13:01:00.000Z"},"country":"United Kingdom","OPM":4,"Total_sales_vol":166.21999764442444,"rate_of_return":0.0}
{"window":{"start":"2022-05-06T00:16:00.000Z","end":"2022-05-06T00:17:00.000Z"},"country":"France","OPM":1,"Total_sales_vol":13.670000076293945,"rate_of_return":0.0}
{"window":{"start":"2022-05-08T05:24:00.000Z","end":"2022-05-08T05:25:00.000Z"},"country":"Netherlands","OPM":1,"Total_sales_vol":96.4599996805191,"rate_of_return":0.0}
{"window":{"start":"2022-05-07T22:05:00.000Z","end":"2022-05-07T22:06:00.000Z"},"country":"United Kingdom","OPM":4,"Total_sales_vol":430.21999621391296,"rate_of_return":0.0}
{"window":{"start":"2022-05-08T03:02:00.000Z","end":"2022-05-08T03:03:00.000Z"},"country":"RSA","OPM":1,"Total_sales_vol":2.5,"rate_of_return":0.0}
{"window":{"start":"2022-05-08T02:15:00.000Z","end":"2022-05-08T02:16:00.000Z"},"country":"Singapore","OPM":1,"Total_sales_vol":208.8299999833107,"rate_of_return":0.0}
{"window":{"start":"2022-05-07T03:35:00.000Z","end":"2022-05-07T03:36:00.000Z"},"country":"United Kingdom","OPM":6,"Total_sales_vol":226.3500016927719,"rate_of_return":0.0}
{"window":{"start":"2022-05-07T20:51:00.000Z","end":"2022-05-07T20:52:00.000Z"},"country":"Cyprus","OPM":1,"Total_sales_vol":29.119998931884766,"rate_of_return":0.0}
{"window":{"start":"2022-05-10T13:33:00.000Z","end":"2022-05-10T13:34:00.000Z"},"country":"Germany","OPM":1,"Total_sales_vol":5.0,"rate_of_return":0.0}
{"window":{"start":"2022-05-08T08:37:00.000Z","end":"2022-05-08T08:38:00.000Z"},"country":"Channel Islands","OPM":1,"Total_sales_vol":25.140000343322754,"rate_of_return":0.0}
{"window":{"start":"2022-05-10T09:04:00.000Z","end":"2022-05-10T09:05:00.000Z"},"country":"United Kingdom","OPM":4,"Total_sales_vol":303.01999431848526,"rate_of_return":0.0}
{"window":{"start":"2022-05-08T02:38:00.000Z","end":"2022-05-08T02:39:00.000Z"},"country":"Portugal","OPM":1,"Total_sales_vol":23.400001525878906,"rate_of_return":0.0}
{"window":{"start":"2022-05-10T01:34:00.000Z","end":"2022-05-10T01:35:00.000Z"},"country":"United Kingdom","OPM":7,"Total_sales_vol":177.30999344587326,"rate_of_return":0.0}
{"window":{"start":"2022-05-08T22:26:00.000Z","end":"2022-05-08T22:27:00.000Z"},"country":"United Kingdom","OPM":6,"Total_sales_vol":389.57999873161316,"rate_of_return":0.0}
{"window":{"start":"2022-05-09T13:38:00.000Z","end":"2022-05-09T13:39:00.000Z"},"country":"United Kingdom","OPM":9,"Total_sales_vol":367.4599903821945,"rate_of_return":0.25}
