{"window":{"start":"2022-05-08T01:37:00.000Z","end":"2022-05-08T01:38:00.000Z"},"country":"Netherlands","OPM":1,"Total_sales_vol":9.849999897181988,"rate_of_return":0.0}
{"window":{"start":"2022-05-07T21:05:00.000Z","end":"2022-05-07T21:06:00.000Z"},"country":"United Kingdom","OPM":13,"Total_sales_vol":890.2399924844503,"rate_of_return":0.07894736842105263}
{"window":{"start":"2022-05-10T00:17:00.000Z","end":"2022-05-10T00:18:00.000Z"},"country":"United Kingdom","OPM":17,"Total_sales_vol":1378.489990234375,"rate_of_return":0.0}
{"window":{"start":"2022-05-05T21:05:00.000Z","end":"2022-05-05T21:06:00.000Z"},"country":"France","OPM":1,"Total_sales_vol":7.069999694824219,"rate_of_return":0.0}
{"window":{"start":"2022-05-06T01:59:00.000Z","end":"2022-05-06T02:00:00.000Z"},"country":"United Kingdom","OPM":9,"Total_sales_vol":353.8699950873852,"rate_of_return":0.047619047619047616}
{"window":{"start":"2022-05-08T21:19:00.000Z","end":"2022-05-08T21:20:00.000Z"},"country":"United Kingdom","OPM":9,"Total_sales_vol":607.3700102567673,"rate_of_return":0.17391304347826086}
{"window":{"start":"2022-05-06T01:03:00.000Z","end":"2022-05-06T01:04:00.000Z"},"country":"United Kingdom","OPM":9,"Total_sales_vol":493.48000824451447,"rate_of_return":0.0}
{"window":{"start":"2022-05-06T08:38:00.000Z","end":"2022-05-06T08:39:00.000Z"},"country":"United Kingdom","OPM":16,"Total_sales_vol":2630.339983344078,"rate_of_return":0.0425531914893617}
{"window":{"start":"2022-05-09T08:27:00.000Z","end":"2022-05-09T08:28:00.000Z"},"country":"United Kingdom","OPM":6,"Total_sales_vol":285.8399978876114,"rate_of_return":0.0}
{"window":{"start":"2022-05-05T21:25:00.000Z","end":"2022-05-05T21:26:00.000Z"},"country":"France","OPM":1,"Total_sales_vol":24.56000018119812,"rate_of_return":0.0}
{"window":{"start":"2022-05-10T10:29:00.000Z","end":"2022-05-10T10:30:00.000Z"},"country":"Belgium","OPM":1,"Total_sales_vol":8.699999809265137,"rate_of_return":0.0}
{"window":{"start":"2022-05-09T07:37:00.000Z","end":"2022-05-09T07:38:00.000Z"},"country":"Australia","OPM":1,"Total_sales_vol":-338.45999708771706,"rate_of_return":1.0}
{"window":{"start":"2022-05-07T22:11:00.000Z","end":"2022-05-07T22:12:00.000Z"},"country":"United Kingdom","OPM":9,"Total_sales_vol":372.1199954152107,"rate_of_return":0.08}
{"window":{"start":"2022-05-06T20:46:00.000Z","end":"2022-05-06T20:47:00.000Z"},"country":"EIRE","OPM":2,"Total_sales_vol":141.13999927043915,"rate_of_return":0.0}
{"window":{"start":"2022-05-09T22:21:00.000Z","end":"2022-05-09T22:22:00.000Z"},"country":"United Kingdom","OPM":12,"Total_sales_vol":276.67999905347824,"rate_of_return":0.08823529411764706}
{"window":{"start":"2022-05-08T04:58:00.000Z","end":"2022-05-08T04:59:00.000Z"},"country":"Germany","OPM":2,"Total_sales_vol":221.68000292778015,"rate_of_return":0.0}
{"window":{"start":"2022-05-09T21:37:00.000Z","end":"2022-05-09T21:38:00.000Z"},"country":"France","OPM":1,"Total_sales_vol":38.25,"rate_of_return":0.0}
{"window":{"start":"2022-05-09T21:12:00.000Z","end":"2022-05-09T21:13:00.000Z"},"country":"United Kingdom","OPM":12,"Total_sales_vol":697.7199999690056,"rate_of_return":0.021739130434782608}
{"window":{"start":"2022-05-08T11:13:00.000Z","end":"2022-05-08T11:14:00.000Z"},"country":"United Kingdom","OPM":10,"Total_sales_vol":431.36999690532684,"rate_of_return":0.0}
{"window":{"start":"2022-05-07T07:38:00.000Z","end":"2022-05-07T07:39:00.000Z"},"country":"France","OPM":1,"Total_sales_vol":42.40999889373779,"rate_of_return":0.0}
{"window":{"start":"2022-05-07T18:21:00.000Z","end":"2022-05-07T18:22:00.000Z"},"country":"United Kingdom","OPM":8,"Total_sales_vol":567.2499983608723,"rate_of_return":0.0}
{"window":{"start":"2022-05-09T19:13:00.000Z","end":"2022-05-09T19:14:00.000Z"},"country":"France","OPM":1,"Total_sales_vol":251.09999084472656,"rate_of_return":0.0}
{"window":{"start":"2022-05-08T11:52:00.000Z","end":"2022-05-08T11:53:00.000Z"},"country":"United Kingdom","OPM":5,"Total_sales_vol":316.26999819278717,"rate_of_return":0.0}
{"window":{"start":"2022-05-08T12:40:00.000Z","end":"2022-05-08T12:41:00.000Z"},"country":"United Kingdom","OPM":6,"Total_sales_vol":160.29000356793404,"rate_of_return":0.16666666666666666}
{"window":{"start":"2022-05-08T11:26:00.000Z","end":"2022-05-08T11:27:00.000Z"},"country":"EIRE","OPM":1,"Total_sales_vol":26.98000144958496,"rate_of_return":0.0}
{"window":{"start":"2022-05-07T16:57:00.000Z","end":"2022-05-07T16:58:00.000Z"},"country":"Norway","OPM":1,"Total_sales_vol":-0.8500000238418579,"rate_of_return":1.0}
{"window":{"start":"2022-05-08T03:43:00.000Z","end":"2022-05-08T03:44:00.000Z"},"country":"United Kingdom","OPM":6,"Total_sales_vol":500.0399953722954,"rate_of_return":0.0}
{"window":{"start":"2022-05-08T07:14:00.000Z","end":"2022-05-08T07:15:00.000Z"},"country":"United Kingdom","OPM":11,"Total_sales_vol":472.91999888420105,"rate_of_return":0.17857142857142858}
{"window":{"start":"2022-05-05T22:23:00.000Z","end":"2022-05-05T22:24:00.000Z"},"country":"United Kingdom","OPM":4,"Total_sales_vol":170.01999855041504,"rate_of_return":0.0}
{"window":{"start":"2022-05-09T12:22:00.000Z","end":"2022-05-09T12:23:00.000Z"},"country":"United Kingdom","OPM":9,"Total_sales_vol":695.1199986040592,"rate_of_return":0.0}
{"window":{"start":"2022-05-09T12:18:00.000Z","end":"2022-05-09T12:19:00.000Z"},"country":"Belgium","OPM":1,"Total_sales_vol":-60.39999842643738,"rate_of_return":1.0}
{"window":{"start":"2022-05-09T01:26:00.000Z","end":"2022-05-09T01:27:00.000Z"},"country":"United Kingdom","OPM":13,"Total_sales_vol":748.2599978148937,"rate_of_return":0.0}
{"window":{"start":"2022-05-08T04:28:00.000Z","end":"2022-05-08T04:29:00.000Z"},"country":"United Kingdom","OPM":13,"Total_sales_vol":374.15001368522644,"rate_of_return":0.07142857142857142}
{"window":{"start":"2022-05-06T12:15:00.000Z","end":"2022-05-06T12:16:00.000Z"},"country":"United Kingdom","OPM":16,"Total_sales_vol":671.180013179779,"rate_of_return":0.12280701754385964}
{"window":{"start":"2022-05-09T07:29:00.000Z","end":"2022-05-09T07:30:00.000Z"},"country":"EIRE","OPM":1,"Total_sales_vol":34.04999923706055,"rate_of_return":0.0}
{"window":{"start":"2022-05-08T22:20:00.000Z","end":"2022-05-08T22:21:00.000Z"},"country":"Spain","OPM":1,"Total_sales_vol":87.26999652385712,"rate_of_return":0.0}
{"window":{"start":"2022-05-09T18:38:00.000Z","end":"2022-05-09T18:39:00.000Z"},"country":"Portugal","OPM":1,"Total_sales_vol":31.209999322891235,"rate_of_return":0.0}
{"window":{"start":"2022-05-07T22:41:00.000Z","end":"2022-05-07T22:42:00.000Z"},"country":"Israel","OPM":1,"Total_sales_vol":17.34000015258789,"rate_of_return":0.0}
{"window":{"start":"2022-05-10T12:09:00.000Z","end":"2022-05-10T12:10:00.000Z"},"country":"United Kingdom","OPM":9,"Total_sales_vol":412.3099977374077,"rate_of_return":0.1875}
{"window":{"start":"2022-05-08T01:43:00.000Z","end":"2022-05-08T01:44:00.000Z"},"country":"EIRE","OPM":2,"Total_sales_vol":184.75000524520874,"rate_of_return":0.0}
{"window":{"start":"2022-05-07T03:57:00.000Z","end":"2022-05-07T03:58:00.000Z"},"country":"Switzerland","OPM":1,"Total_sales_vol":-174.5100024342537,"rate_of_return":1.0}
{"window":{"start":"2022-05-10T13:05:00.000Z","end":"2022-05-10T13:06:00.000Z"},"country":"United Kingdom","OPM":4,"Total_sales_vol":118.30999827384949,"rate_of_return":0.0}
{"window":{"start":"2022-05-09T08:56:00.000Z","end":"2022-05-09T08:57:00.000Z"},"country":"EIRE","OPM":1,"Total_sales_vol":73.13999983668327,"rate_of_return":0.0}
{"window":{"start":"2022-05-06T07:02:00.000Z","end":"2022-05-06T07:03:00.000Z"},"country":"United Kingdom","OPM":10,"Total_sales_vol":-1090.6799751520157,"rate_of_return":0.23076923076923078}
{"window":{"start":"2022-05-08T11:00:00.000Z","end":"2022-05-08T11:01:00.000Z"},"country":"United Kingdom","OPM":13,"Total_sales_vol":638.2599997520447,"rate_of_return":0.0}
{"window":{"start":"2022-05-08T01:42:00.000Z","end":"2022-05-08T01:43:00.000Z"},"country":"Germany","OPM":1,"Total_sales_vol":16.950000762939453,"rate_of_return":0.0}
{"window":{"start":"2022-05-06T09:16:00.000Z","end":"2022-05-06T09:17:00.000Z"},"country":"Germany","OPM":1,"Total_sales_vol":224.42999720573425,"rate_of_return":0.0}
{"window":{"start":"2022-05-06T11:01:00.000Z","end":"2022-05-06T11:02:00.000Z"},"country":"United Kingdom","OPM":7,"Total_sales_vol":643.9099899828434,"rate_of_return":0.0}
{"window":{"start":"2022-05-08T09:40:00.000Z","end":"2022-05-08T09:41:00.000Z"},"country":"France","OPM":1,"Total_sales_vol":10.609999656677246,"rate_of_return":0.0}
{"window":{"start":"2022-05-06T13:10:00.000Z","end":"2022-05-06T13:11:00.000Z"},"country":"EIRE","OPM":1,"Total_sales_vol":18.56999969482422,"rate_of_return":0.0}
{"window":{"start":"2022-05-07T09:31:00.000Z","end":"2022-05-07T09:32:00.000Z"},"country":"United Kingdom","OPM":3,"Total_sales_vol":251.86999881267548,"rate_of_return":0.0}
{"window":{"start":"2022-05-06T22:29:00.000Z","end":"2022-05-06T22:30:00.000Z"},"country":"United Kingdom","OPM":9,"Total_sales_vol":510.25000154972076,"rate_of_return":0.07407407407407407}
{"window":{"start":"2022-05-08T14:19:00.000Z","end":"2022-05-08T14:20:00.000Z"},"country":"Spain","OPM":1,"Total_sales_vol":1.25,"rate_of_return":0.0}
{"window":{"start":"2022-05-08T15:40:00.000Z","end":"2022-05-08T15:41:00.000Z"},"country":"United Kingdom","OPM":7,"Total_sales_vol":252.47999393939972,"rate_of_return":0.0}
