{"window":{"start":"2022-05-10T09:17:00.000Z","end":"2022-05-10T09:18:00.000Z"},"country":"United Kingdom","OPM":13,"Total_sales_vol":1577.0299954414368,"rate_of_return":0.0}
{"window":{"start":"2022-05-08T14:53:00.000Z","end":"2022-05-08T14:54:00.000Z"},"country":"United Kingdom","OPM":7,"Total_sales_vol":105.57000231742859,"rate_of_return":0.1111111111111111}
{"window":{"start":"2022-05-05T21:58:00.000Z","end":"2022-05-05T21:59:00.000Z"},"country":"EIRE","OPM":1,"Total_sales_vol":4.920000076293945,"rate_of_return":0.0}
{"window":{"start":"2022-05-09T12:07:00.000Z","end":"2022-05-09T12:08:00.000Z"},"country":"Portugal","OPM":1,"Total_sales_vol":141.58000004291534,"rate_of_return":0.0}
{"window":{"start":"2022-05-06T13:22:00.000Z","end":"2022-05-06T13:23:00.000Z"},"country":"United Kingdom","OPM":9,"Total_sales_vol":501.1599999964237,"rate_of_return":0.043478260869565216}
{"window":{"start":"2022-05-08T16:02:00.000Z","end":"2022-05-08T16:03:00.000Z"},"country":"United Kingdom","OPM":8,"Total_sales_vol":223.17000284790993,"rate_of_return":0.10526315789473684}
{"window":{"start":"2022-05-06T05:49:00.000Z","end":"2022-05-06T05:50:00.000Z"},"country":"United Kingdom","OPM":11,"Total_sales_vol":909.56999579072,"rate_of_return":0.0}
{"window":{"start":"2022-05-06T17:17:00.000Z","end":"2022-05-06T17:18:00.000Z"},"country":"United Kingdom","OPM":9,"Total_sales_vol":396.48000091314316,"rate_of_return":0.0}
{"window":{"start":"2022-05-08T05:21:00.000Z","end":"2022-05-08T05:22:00.000Z"},"country":"France","OPM":1,"Total_sales_vol":62.289997816085815,"rate_of_return":0.0}
{"window":{"start":"2022-05-09T11:30:00.000Z","end":"2022-05-09T11:31:00.000Z"},"country":"United Kingdom","OPM":4,"Total_sales_vol":214.47999674081802,"rate_of_return":0.0}
{"window":{"start":"2022-05-06T05:56:00.000Z","end":"2022-05-06T05:57:00.000Z"},"country":"United Kingdom","OPM":16,"Total_sales_vol":647.5799885094166,"rate_of_return":0.21818181818181817}
{"window":{"start":"2022-05-07T05:50:00.000Z","end":"2022-05-07T05:51:00.000Z"},"country":"EIRE","OPM":1,"Total_sales_vol":39.81999897956848,"rate_of_return":0.0}
{"window":{"start":"2022-05-06T21:50:00.000Z","end":"2022-05-06T21:51:00.000Z"},"country":"Unspecified","OPM":1,"Total_sales_vol":42.89999961853027,"rate_of_return":0.0}
{"window":{"start":"2022-05-05T17:07:00.000Z","end":"2022-05-05T17:08:00.000Z"},"country":"Spain","OPM":1,"Total_sales_vol":4.490000128746033,"rate_of_return":0.0}
{"window":{"start":"2022-05-06T00:03:00.000Z","end":"2022-05-06T00:04:00.000Z"},"country":"Japan","OPM":1,"Total_sales_vol":109.3200044631958,"rate_of_return":0.0}
{"window":{"start":"2022-05-08T15:46:00.000Z","end":"2022-05-08T15:47:00.000Z"},"country":"Norway","OPM":1,"Total_sales_vol":74.30000305175781,"rate_of_return":0.0}
{"window":{"start":"2022-05-07T13:05:00.000Z","end":"2022-05-07T13:06:00.000Z"},"country":"EIRE","OPM":1,"Total_sales_vol":9.599999904632568,"rate_of_return":0.0}
{"window":{"start":"2022-05-08T15:12:00.000Z","end":"2022-05-08T15:13:00.000Z"},"country":"United Kingdom","OPM":6,"Total_sales_vol":93.97000053524971,"rate_of_return":0.0}
{"window":{"start":"2022-05-09T21:19:00.000Z","end":"2022-05-09T21:20:00.000Z"},"country":"United Kingdom","OPM":8,"Total_sales_vol":264.27000081539154,"rate_of_return":0.0}
{"window":{"start":"2022-05-06T14:29:00.000Z","end":"2022-05-06T14:30:00.000Z"},"country":"United Kingdom","OPM":12,"Total_sales_vol":550.6299979090691,"rate_of_return":0.0}
{"window":{"start":"2022-05-09T12:00:00.000Z","end":"2022-05-09T12:01:00.000Z"},"country":"United Kingdom","OPM":12,"Total_sales_vol":576.630005300045,"rate_of_return":0.0}
{"window":{"start":"2022-05-10T11:01:00.000Z","end":"2022-05-10T11:02:00.000Z"},"country":"EIRE","OPM":1,"Total_sales_vol":3.75,"rate_of_return":0.0}
{"window":{"start":"2022-05-07T18:24:00.000Z","end":"2022-05-07T18:25:00.000Z"},"country":"Saudi Arabia","OPM":1,"Total_sales_vol":39.480000495910645,"rate_of_return":0.0}
{"window":{"start":"2022-05-06T17:36:00.000Z","end":"2022-05-06T17:37:00.000Z"},"country":"United Kingdom","OPM":16,"Total_sales_vol":940.4900018572807,"rate_of_return":0.0}
{"window":{"start":"2022-05-10T13:10:00.000Z","end":"2022-05-10T13:11:00.000Z"},"country":"Denmark","OPM":1,"Total_sales_vol":46.99000084400177,"rate_of_return":0.0}
{"window":{"start":"2022-05-08T17:21:00.000Z","end":"2022-05-08T17:22:00.000Z"},"country":"United Kingdom","OPM":9,"Total_sales_vol":196.19999906420708,"rate_of_return":0.0}
{"window":{"start":"2022-05-06T19:57:00.000Z","end":"2022-05-06T19:58:00.000Z"},"country":"United Kingdom","OPM":7,"Total_sales_vol":1338.9400172233582,"rate_of_return":0.0}
{"window":{"start":"2022-05-10T05:39:00.000Z","end":"2022-05-10T05:40:00.000Z"},"country":"United Kingdom","OPM":11,"Total_sales_vol":250.6599961221218,"rate_of_return":0.03571428571428571}
{"window":{"start":"2022-05-07T14:53:00.000Z","end":"2022-05-07T14:54:00.000Z"},"country":"Australia","OPM":1,"Total_sales_vol":2.549999952316284,"rate_of_return":0.0}
{"window":{"start":"2022-05-10T05:25:00.000Z","end":"2022-05-10T05:26:00.000Z"},"country":"United Kingdom","OPM":6,"Total_sales_vol":98.04999873042107,"rate_of_return":0.125}
{"window":{"start":"2022-05-09T14:21:00.000Z","end":"2022-05-09T14:22:00.000Z"},"country":"United Kingdom","OPM":13,"Total_sales_vol":849.5299901366234,"rate_of_return":0.03125}
{"window":{"start":"2022-05-10T09:50:00.000Z","end":"2022-05-10T09:51:00.000Z"},"country":"United Kingdom","OPM":15,"Total_sales_vol":2053.3700037896633,"rate_of_return":0.0}
{"window":{"start":"2022-05-07T06:09:00.000Z","end":"2022-05-07T06:10:00.000Z"},"country":"United Kingdom","OPM":9,"Total_sales_vol":398.97000619769096,"rate_of_return":0.25925925925925924}
{"window":{"start":"2022-05-09T20:26:00.000Z","end":"2022-05-09T20:27:00.000Z"},"country":"Finland","OPM":1,"Total_sales_vol":179.9199978709221,"rate_of_return":0.0}
{"window":{"start":"2022-05-10T00:27:00.000Z","end":"2022-05-10T00:28:00.000Z"},"country":"Germany","OPM":1,"Total_sales_vol":25.949999570846558,"rate_of_return":0.0}
{"window":{"start":"2022-05-05T19:30:00.000Z","end":"2022-05-05T19:31:00.000Z"},"country":"United Kingdom","OPM":8,"Total_sales_vol":364.5399949848652,"rate_of_return":0.0}
{"window":{"start":"2022-05-07T12:46:00.000Z","end":"2022-05-07T12:47:00.000Z"},"country":"Norway","OPM":1,"Total_sales_vol":54.71999931335449,"rate_of_return":0.0}
{"window":{"start":"2022-05-07T04:34:00.000Z","end":"2022-05-07T04:35:00.000Z"},"country":"United Kingdom","OPM":13,"Total_sales_vol":1103.230001270771,"rate_of_return":0.0}
{"window":{"start":"2022-05-07T19:46:00.000Z","end":"2022-05-07T19:47:00.000Z"},"country":"Spain","OPM":1,"Total_sales_vol":43.1700005531311,"rate_of_return":0.0}
{"window":{"start":"2022-05-07T13:55:00.000Z","end":"2022-05-07T13:56:00.000Z"},"country":"Austria","OPM":1,"Total_sales_vol":193.40000653266907,"rate_of_return":0.0}
{"window":{"start":"2022-05-07T08:20:00.000Z","end":"2022-05-07T08:21:00.000Z"},"country":"United Kingdom","OPM":7,"Total_sales_vol":401.5899940729141,"rate_of_return":0.0}
{"window":{"start":"2022-05-09T00:20:00.000Z","end":"2022-05-09T00:21:00.000Z"},"country":"EIRE","OPM":1,"Total_sales_vol":49.560001373291016,"rate_of_return":0.0}
{"window":{"start":"2022-05-07T10:33:00.000Z","end":"2022-05-07T10:34:00.000Z"},"country":"Germany","OPM":1,"Total_sales_vol":29.03999900817871,"rate_of_return":0.0}
{"window":{"start":"2022-05-08T13:44:00.000Z","end":"2022-05-08T13:45:00.000Z"},"country":"United Kingdom","OPM":8,"Total_sales_vol":322.10000467300415,"rate_of_return":0.0}
{"window":{"start":"2022-05-08T09:18:00.000Z","end":"2022-05-08T09:19:00.000Z"},"country":"United Kingdom","OPM":8,"Total_sales_vol":232.61999374628067,"rate_of_return":0.08}
{"window":{"start":"2022-05-08T10:59:00.000Z","end":"2022-05-08T11:00:00.000Z"},"country":"Iceland","OPM":1,"Total_sales_vol":79.83000135421753,"rate_of_return":0.0}
{"window":{"start":"2022-05-10T05:17:00.000Z","end":"2022-05-10T05:18:00.000Z"},"country":"United Kingdom","OPM":10,"Total_sales_vol":246.80999606847763,"rate_of_return":0.0}
{"window":{"start":"2022-05-09T17:08:00.000Z","end":"2022-05-09T17:09:00.000Z"},"country":"Portugal","OPM":1,"Total_sales_vol":475.4099826812744,"rate_of_return":0.0}
{"window":{"start":"2022-05-09T18:07:00.000Z","end":"2022-05-09T18:08:00.000Z"},"country":"United Kingdom","OPM":5,"Total_sales_vol":224.92999663949013,"rate_of_return":0.0}
{"window":{"start":"2022-05-09T06:22:00.000Z","end":"2022-05-09T06:23:00.000Z"},"country":"France","OPM":1,"Total_sales_vol":231.74999916553497,"rate_of_return":0.0}
