{"window":{"start":"2022-05-09T02:59:00.000Z","end":"2022-05-09T03:00:00.000Z"},"country":"United Kingdom","OPM":4,"Total_sales_vol":512.2799846529961,"rate_of_return":0.0}
{"window":{"start":"2022-05-07T13:02:00.000Z","end":"2022-05-07T13:03:00.000Z"},"country":"United Kingdom","OPM":9,"Total_sales_vol":2092.7299880087376,"rate_of_return":0.0}
{"window":{"start":"2022-05-09T12:48:00.000Z","end":"2022-05-09T12:49:00.000Z"},"country":"United Kingdom","OPM":7,"Total_sales_vol":256.3300054073334,"rate_of_return":0.0}
{"window":{"start":"2022-05-07T13:37:00.000Z","end":"2022-05-07T13:38:00.000Z"},"country":"United Kingdom","OPM":13,"Total_sales_vol":1165.5199972391129,"rate_of_return":0.0}
{"window":{"start":"2022-05-08T10:14:00.000Z","end":"2022-05-08T10:15:00.000Z"},"country":"United Kingdom","OPM":9,"Total_sales_vol":339.3000005185604,"rate_of_return":0.0}
{"window":{"start":"2022-05-08T02:16:00.000Z","end":"2022-05-08T02:17:00.000Z"},"country":"Switzerland","OPM":1,"Total_sales_vol":20.799999237060547,"rate_of_return":0.0}
{"window":{"start":"2022-05-10T09:46:00.000Z","end":"2022-05-10T09:47:00.000Z"},"country":"United Kingdom","OPM":8,"Total_sales_vol":138.56000143289566,"rate_of_return":0.3157894736842105}
{"window":{"start":"2022-05-09T20:50:00.000Z","end":"2022-05-09T20:51:00.000Z"},"country":"EIRE","OPM":1,"Total_sales_vol":38.56999981403351,"rate_of_return":0.0}
{"window":{"start":"2022-05-10T01:00:00.000Z","end":"2022-05-10T01:01:00.000Z"},"country":"United Kingdom","OPM":10,"Total_sales_vol":552.4699903130531,"rate_of_return":0.0}
{"window":{"start":"2022-05-05T23:00:00.000Z","end":"2022-05-05T23:01:00.000Z"},"country":"EIRE","OPM":1,"Total_sales_vol":126.33999633789062,"rate_of_return":0.0}
{"window":{"start":"2022-05-08T07:02:00.000Z","end":"2022-05-08T07:03:00.000Z"},"country":"Portugal","OPM":1,"Total_sales_vol":1.25,"rate_of_return":0.0}
{"window":{"start":"2022-05-06T07:13:00.000Z","end":"2022-05-06T07:14:00.000Z"},"country":"Germany","OPM":1,"Total_sales_vol":215.68999028205872,"rate_of_return":0.0}
{"window":{"start":"2022-05-06T14:57:00.000Z","end":"2022-05-06T14:58:00.000Z"},"country":"United Kingdom","OPM":7,"Total_sales_vol":246.37000021338463,"rate_of_return":0.0}
{"window":{"start":"2022-05-08T16:45:00.000Z","end":"2022-05-08T16:46:00.000Z"},"country":"USA","OPM":1,"Total_sales_vol":149.9299994111061,"rate_of_return":0.0}
{"window":{"start":"2022-05-05T17:09:00.000Z","end":"2022-05-05T17:10:00.000Z"},"country":"United Kingdom","OPM":7,"Total_sales_vol":305.49000680446625,"rate_of_return":0.0}
{"window":{"start":"2022-05-06T09:07:00.000Z","end":"2022-05-06T09:08:00.000Z"},"country":"United Kingdom","OPM":5,"Total_sales_vol":469.05999329686165,"rate_of_return":0.0}
{"window":{"start":"2022-05-10T03:16:00.000Z","end":"2022-05-10T03:17:00.000Z"},"country":"EIRE","OPM":1,"Total_sales_vol":10.860000133514404,"rate_of_return":0.0}
{"window":{"start":"2022-05-07T07:26:00.000Z","end":"2022-05-07T07:27:00.000Z"},"country":"United Kingdom","OPM":8,"Total_sales_vol":805.3200026750565,"rate_of_return":0.0}
{"window":{"start":"2022-05-06T22:02:00.000Z","end":"2022-05-06T22:03:00.000Z"},"country":"Spain","OPM":1,"Total_sales_vol":31.399998664855957,"rate_of_return":0.0}
{"window":{"start":"2022-05-07T14:46:00.000Z","end":"2022-05-07T14:47:00.000Z"},"country":"Switzerland","OPM":1,"Total_sales_vol":34.6800012588501,"rate_of_return":0.0}
{"window":{"start":"2022-05-07T01:07:00.000Z","end":"2022-05-07T01:08:00.000Z"},"country":"Portugal","OPM":1,"Total_sales_vol":2.549999952316284,"rate_of_return":0.0}
{"window":{"start":"2022-05-07T06:11:00.000Z","end":"2022-05-07T06:12:00.000Z"},"country":"Japan","OPM":1,"Total_sales_vol":25.330000400543213,"rate_of_return":0.0}
{"window":{"start":"2022-05-05T20:09:00.000Z","end":"2022-05-05T20:10:00.000Z"},"country":"United Kingdom","OPM":15,"Total_sales_vol":546.2200044989586,"rate_of_return":0.0}
{"window":{"start":"2022-05-07T13:08:00.000Z","end":"2022-05-07T13:09:00.000Z"},"country":"United Kingdom","OPM":8,"Total_sales_vol":201.6300022304058,"rate_of_return":0.0}
{"window":{"start":"2022-05-07T02:15:00.000Z","end":"2022-05-07T02:16:00.000Z"},"country":"USA","OPM":1,"Total_sales_vol":39.47999954223633,"rate_of_return":0.0}
{"window":{"start":"2022-05-09T06:28:00.000Z","end":"2022-05-09T06:29:00.000Z"},"country":"United Kingdom","OPM":13,"Total_sales_vol":610.4599956870079,"rate_of_return":0.0}
{"window":{"start":"2022-05-06T10:48:00.000Z","end":"2022-05-06T10:49:00.000Z"},"country":"United Kingdom","OPM":7,"Total_sales_vol":246.2899995148182,"rate_of_return":0.0}
{"window":{"start":"2022-05-07T06:04:00.000Z","end":"2022-05-07T06:05:00.000Z"},"country":"United Kingdom","OPM":7,"Total_sales_vol":268.1799988746643,"rate_of_return":0.0}
{"window":{"start":"2022-05-08T04:52:00.000Z","end":"2022-05-08T04:53:00.000Z"},"country":"United Kingdom","OPM":10,"Total_sales_vol":424.7299934029579,"rate_of_return":0.0967741935483871}
{"window":{"start":"2022-05-07T15:22:00.000Z","end":"2022-05-07T15:23:00.000Z"},"country":"United Kingdom","OPM":7,"Total_sales_vol":300.14000058174133,"rate_of_return":0.0}
{"window":{"start":"2022-05-10T13:03:00.000Z","end":"2022-05-10T13:04:00.000Z"},"country":"Germany","OPM":1,"Total_sales_vol":61.470001220703125,"rate_of_return":0.0}
{"window":{"start":"2022-05-07T05:23:00.000Z","end":"2022-05-07T05:24:00.000Z"},"country":"France","OPM":1,"Total_sales_vol":-166.94999980926514,"rate_of_return":1.0}
{"window":{"start":"2022-05-08T08:50:00.000Z","end":"2022-05-08T08:51:00.000Z"},"country":"United Kingdom","OPM":10,"Total_sales_vol":1254.1399511396885,"rate_of_return":0.0}
{"window":{"start":"2022-05-08T06:17:00.000Z","end":"2022-05-08T06:18:00.000Z"},"country":"EIRE","OPM":1,"Total_sales_vol":21.619999885559082,"rate_of_return":0.0}
{"window":{"start":"2022-05-07T16:42:00.000Z","end":"2022-05-07T16:43:00.000Z"},"country":"Netherlands","OPM":1,"Total_sales_vol":46.52000045776367,"rate_of_return":0.0}
{"window":{"start":"2022-05-05T18:51:00.000Z","end":"2022-05-05T18:52:00.000Z"},"country":"United Kingdom","OPM":8,"Total_sales_vol":529.2599923610687,"rate_of_return":0.0}
{"window":{"start":"2022-05-07T21:12:00.000Z","end":"2022-05-07T21:13:00.000Z"},"country":"United Kingdom","OPM":4,"Total_sales_vol":331.22000074386597,"rate_of_return":0.0}
{"window":{"start":"2022-05-09T21:49:00.000Z","end":"2022-05-09T21:50:00.000Z"},"country":"France","OPM":1,"Total_sales_vol":184.0,"rate_of_return":0.0}
{"window":{"start":"2022-05-06T03:10:00.000Z","end":"2022-05-06T03:11:00.000Z"},"country":"United Kingdom","OPM":5,"Total_sales_vol":71.56999826431274,"rate_of_return":0.0}
{"window":{"start":"2022-05-09T08:23:00.000Z","end":"2022-05-09T08:24:00.000Z"},"country":"United Kingdom","OPM":13,"Total_sales_vol":557.470011651516,"rate_of_return":0.09523809523809523}
{"window":{"start":"2022-05-09T08:06:00.000Z","end":"2022-05-09T08:07:00.000Z"},"country":"Portugal","OPM":1,"Total_sales_vol":44.489999651908875,"rate_of_return":0.0}
{"window":{"start":"2022-05-10T13:28:00.000Z","end":"2022-05-10T13:29:00.000Z"},"country":"Germany","OPM":2,"Total_sales_vol":12.670000314712524,"rate_of_return":0.0}
{"window":{"start":"2022-05-06T12:25:00.000Z","end":"2022-05-06T12:26:00.000Z"},"country":"Sweden","OPM":1,"Total_sales_vol":25.440001487731934,"rate_of_return":0.0}
{"window":{"start":"2022-05-07T14:51:00.000Z","end":"2022-05-07T14:52:00.000Z"},"country":"United Kingdom","OPM":6,"Total_sales_vol":225.63999742269516,"rate_of_return":0.0}
{"window":{"start":"2022-05-09T15:43:00.000Z","end":"2022-05-09T15:44:00.000Z"},"country":"Channel Islands","OPM":1,"Total_sales_vol":15.210000038146973,"rate_of_return":0.0}
{"window":{"start":"2022-05-07T00:05:00.000Z","end":"2022-05-07T00:06:00.000Z"},"country":"United Kingdom","OPM":12,"Total_sales_vol":932.7599851489067,"rate_of_return":0.0}
{"window":{"start":"2022-05-06T07:27:00.000Z","end":"2022-05-06T07:28:00.000Z"},"country":"United Kingdom","OPM":12,"Total_sales_vol":1460.3400101661682,"rate_of_return":0.0}
{"window":{"start":"2022-05-08T17:18:00.000Z","end":"2022-05-08T17:19:00.000Z"},"country":"EIRE","OPM":1,"Total_sales_vol":106.63000363111496,"rate_of_return":0.0}
{"window":{"start":"2022-05-10T08:15:00.000Z","end":"2022-05-10T08:16:00.000Z"},"country":"France","OPM":1,"Total_sales_vol":27.620000898838043,"rate_of_return":0.0}
{"window":{"start":"2022-05-09T11:43:00.000Z","end":"2022-05-09T11:44:00.000Z"},"country":"United Kingdom","OPM":6,"Total_sales_vol":233.34000098705292,"rate_of_return":0.0}
{"window":{"start":"2022-05-05T18:30:00.000Z","end":"2022-05-05T18:31:00.000Z"},"country":"United Kingdom","OPM":5,"Total_sales_vol":134.39999985694885,"rate_of_return":0.0}
{"window":{"start":"2022-05-06T04:50:00.000Z","end":"2022-05-06T04:51:00.000Z"},"country":"United Kingdom","OPM":7,"Total_sales_vol":99.25999915599823,"rate_of_return":0.2}
{"window":{"start":"2022-05-09T07:19:00.000Z","end":"2022-05-09T07:20:00.000Z"},"country":"United Kingdom","OPM":7,"Total_sales_vol":190.2099984884262,"rate_of_return":0.0}
{"window":{"start":"2022-05-09T08:42:00.000Z","end":"2022-05-09T08:43:00.000Z"},"country":"United Kingdom","OPM":14,"Total_sales_vol":1031.379999756813,"rate_of_return":0.043478260869565216}
{"window":{"start":"2022-05-07T13:49:00.000Z","end":"2022-05-07T13:50:00.000Z"},"country":"United Kingdom","OPM":17,"Total_sales_vol":843.889989644289,"rate_of_return":0.0}
{"window":{"start":"2022-05-08T02:20:00.000Z","end":"2022-05-08T02:21:00.000Z"},"country":"United Kingdom","OPM":14,"Total_sales_vol":722.6699770092964,"rate_of_return":0.13513513513513514}
{"window":{"start":"2022-05-07T21:30:00.000Z","end":"2022-05-07T21:31:00.000Z"},"country":"Denmark","OPM":1,"Total_sales_vol":201.43999934196472,"rate_of_return":0.0}
{"window":{"start":"2022-05-09T16:39:00.000Z","end":"2022-05-09T16:40:00.000Z"},"country":"United Kingdom","OPM":7,"Total_sales_vol":342.75000420212746,"rate_of_return":0.19047619047619047}
{"window":{"start":"2022-05-07T03:48:00.000Z","end":"2022-05-07T03:49:00.000Z"},"country":"Spain","OPM":1,"Total_sales_vol":45.720001220703125,"rate_of_return":0.0}
{"window":{"start":"2022-05-07T07:22:00.000Z","end":"2022-05-07T07:23:00.000Z"},"country":"Singapore","OPM":1,"Total_sales_vol":39.0299990773201,"rate_of_return":0.0}
{"window":{"start":"2022-05-09T02:07:00.000Z","end":"2022-05-09T02:08:00.000Z"},"country":"EIRE","OPM":1,"Total_sales_vol":86.05999946594238,"rate_of_return":0.0}
{"window":{"start":"2022-05-08T07:05:00.000Z","end":"2022-05-08T07:06:00.000Z"},"country":"United Kingdom","OPM":11,"Total_sales_vol":415.3900045156479,"rate_of_return":0.045454545454545456}
