{"window":{"start":"2022-05-08T13:45:00.000Z","end":"2022-05-08T13:46:00.000Z"},"country":"United Kingdom","OPM":13,"Total_sales_vol":1477.9299373328686,"rate_of_return":0.14285714285714285}
{"window":{"start":"2022-05-09T09:58:00.000Z","end":"2022-05-09T09:59:00.000Z"},"country":"United Kingdom","OPM":3,"Total_sales_vol":264.3899974822998,"rate_of_return":0.0}
{"window":{"start":"2022-05-08T04:49:00.000Z","end":"2022-05-08T04:50:00.000Z"},"country":"United Kingdom","OPM":10,"Total_sales_vol":239.04999378323555,"rate_of_return":0.16666666666666666}
{"window":{"start":"2022-05-07T02:42:00.000Z","end":"2022-05-07T02:43:00.000Z"},"country":"Switzerland","OPM":1,"Total_sales_vol":269.5800042152405,"rate_of_return":0.0}
{"window":{"start":"2022-05-07T12:13:00.000Z","end":"2022-05-07T12:14:00.000Z"},"country":"United Kingdom","OPM":14,"Total_sales_vol":406.5700028538704,"rate_of_return":0.07692307692307693}
{"window":{"start":"2022-05-09T04:04:00.000Z","end":"2022-05-09T04:05:00.000Z"},"country":"United Kingdom","OPM":7,"Total_sales_vol":-80.03999471664429,"rate_of_return":0.375}
{"window":{"start":"2022-05-09T00:22:00.000Z","end":"2022-05-09T00:23:00.000Z"},"country":"United Kingdom","OPM":5,"Total_sales_vol":381.55999664217234,"rate_of_return":0.0}
{"window":{"start":"2022-05-10T06:51:00.000Z","end":"2022-05-10T06:52:00.000Z"},"country":"Belgium","OPM":1,"Total_sales_vol":17.700000762939453,"rate_of_return":0.0}
{"window":{"start":"2022-05-08T00:55:00.000Z","end":"2022-05-08T00:56:00.000Z"},"country":"Netherlands","OPM":1,"Total_sales_vol":16.44000005722046,"rate_of_return":0.0}
{"window":{"start":"2022-05-06T05:45:00.000Z","end":"2022-05-06T05:46:00.000Z"},"country":"Belgium","OPM":1,"Total_sales_vol":19.15000009536743,"rate_of_return":0.0}
{"window":{"start":"2022-05-07T19:14:00.000Z","end":"2022-05-07T19:15:00.000Z"},"country":"United Kingdom","OPM":14,"Total_sales_vol":1513.0499945282936,"rate_of_return":0.0}
{"window":{"start":"2022-05-05T23:47:00.000Z","end":"2022-05-05T23:48:00.000Z"},"country":"Austria","OPM":1,"Total_sales_vol":21.59999942779541,"rate_of_return":0.0}
{"window":{"start":"2022-05-06T16:31:00.000Z","end":"2022-05-06T16:32:00.000Z"},"country":"United Kingdom","OPM":6,"Total_sales_vol":336.96000069379807,"rate_of_return":0.03571428571428571}
{"window":{"start":"2022-05-05T18:36:00.000Z","end":"2022-05-05T18:37:00.000Z"},"country":"United Kingdom","OPM":16,"Total_sales_vol":1681.8700104355812,"rate_of_return":0.08695652173913043}
{"window":{"start":"2022-05-08T18:30:00.000Z","end":"2022-05-08T18:31:00.000Z"},"country":"Germany","OPM":1,"Total_sales_vol":472.2599973678589,"rate_of_return":0.0}
{"window":{"start":"2022-05-08T07:31:00.000Z","end":"2022-05-08T07:32:00.000Z"},"country":"United Kingdom","OPM":13,"Total_sales_vol":1327.8699903786182,"rate_of_return":0.0}
{"window":{"start":"2022-05-07T23:06:00.000Z","end":"2022-05-07T23:07:00.000Z"},"country":"United Kingdom","OPM":13,"Total_sales_vol":545.7399958670139,"rate_of_return":0.13157894736842105}
{"window":{"start":"2022-05-10T02:22:00.000Z","end":"2022-05-10T02:23:00.000Z"},"country":"United Kingdom","OPM":4,"Total_sales_vol":563.5899895429611,"rate_of_return":0.0}
{"window":{"start":"2022-05-06T04:27:00.000Z","end":"2022-05-06T04:28:00.000Z"},"country":"United Kingdom","OPM":16,"Total_sales_vol":1009.2300047874451,"rate_of_return":0.0}
{"window":{"start":"2022-05-07T02:22:00.000Z","end":"2022-05-07T02:23:00.000Z"},"country":"United Kingdom","OPM":10,"Total_sales_vol":1050.3199869394302,"rate_of_return":0.0}
{"window":{"start":"2022-05-08T23:50:00.000Z","end":"2022-05-08T23:51:00.000Z"},"country":"United Kingdom","OPM":3,"Total_sales_vol":88.05999660491943,"rate_of_return":0.0}
{"window":{"start":"2022-05-08T10:17:00.000Z","end":"2022-05-08T10:18:00.000Z"},"country":"United Kingdom","OPM":10,"Total_sales_vol":468.6399981379509,"rate_of_return":0.06666666666666667}
{"window":{"start":"2022-05-09T11:19:00.000Z","end":"2022-05-09T11:20:00.000Z"},"country":"Germany","OPM":1,"Total_sales_vol":101.10999703407288,"rate_of_return":0.0}
{"window":{"start":"2022-05-06T07:11:00.000Z","end":"2022-05-06T07:12:00.000Z"},"country":"Spain","OPM":1,"Total_sales_vol":1.25,"rate_of_return":0.0}
{"window":{"start":"2022-05-07T15:29:00.000Z","end":"2022-05-07T15:30:00.000Z"},"country":"Poland","OPM":1,"Total_sales_vol":229.50999808311462,"rate_of_return":0.0}
{"window":{"start":"2022-05-07T14:13:00.000Z","end":"2022-05-07T14:14:00.000Z"},"country":"United Kingdom","OPM":8,"Total_sales_vol":827.6400046944618,"rate_of_return":0.0}
{"window":{"start":"2022-05-10T04:22:00.000Z","end":"2022-05-10T04:23:00.000Z"},"country":"France","OPM":1,"Total_sales_vol":32.06999936699867,"rate_of_return":0.0}
{"window":{"start":"2022-05-08T10:07:00.000Z","end":"2022-05-08T10:08:00.000Z"},"country":"United Kingdom","OPM":13,"Total_sales_vol":796.4999936819077,"rate_of_return":0.17142857142857143}
{"window":{"start":"2022-05-05T16:54:00.000Z","end":"2022-05-05T16:55:00.000Z"},"country":"EIRE","OPM":1,"Total_sales_vol":66.5199966430664,"rate_of_return":0.0}
{"window":{"start":"2022-05-06T18:54:00.000Z","end":"2022-05-06T18:55:00.000Z"},"country":"United Kingdom","OPM":11,"Total_sales_vol":542.3999946117401,"rate_of_return":0.09090909090909091}
{"window":{"start":"2022-05-08T19:50:00.000Z","end":"2022-05-08T19:51:00.000Z"},"country":"Belgium","OPM":1,"Total_sales_vol":17.700000762939453,"rate_of_return":0.0}
{"window":{"start":"2022-05-10T06:03:00.000Z","end":"2022-05-10T06:04:00.000Z"},"country":"Germany","OPM":1,"Total_sales_vol":101.91000211238861,"rate_of_return":0.0}
{"window":{"start":"2022-05-07T16:07:00.000Z","end":"2022-05-07T16:08:00.000Z"},"country":"Finland","OPM":1,"Total_sales_vol":33.13000011444092,"rate_of_return":0.0}
{"window":{"start":"2022-05-05T17:42:00.000Z","end":"2022-05-05T17:43:00.000Z"},"country":"United Kingdom","OPM":13,"Total_sales_vol":990.2799726426601,"rate_of_return":0.0}
{"window":{"start":"2022-05-09T07:00:00.000Z","end":"2022-05-09T07:01:00.000Z"},"country":"Germany","OPM":1,"Total_sales_vol":42.54999923706055,"rate_of_return":0.0}
{"window":{"start":"2022-05-06T14:55:00.000Z","end":"2022-05-06T14:56:00.000Z"},"country":"United Kingdom","OPM":10,"Total_sales_vol":1509.2600167691708,"rate_of_return":0.10638297872340426}
{"window":{"start":"2022-05-10T05:00:00.000Z","end":"2022-05-10T05:01:00.000Z"},"country":"Germany","OPM":1,"Total_sales_vol":7.43999981880188,"rate_of_return":0.0}
{"window":{"start":"2022-05-07T01:30:00.000Z","end":"2022-05-07T01:31:00.000Z"},"country":"United Kingdom","OPM":14,"Total_sales_vol":602.5099915266037,"rate_of_return":0.06060606060606061}
{"window":{"start":"2022-05-08T10:15:00.000Z","end":"2022-05-08T10:16:00.000Z"},"country":"United Kingdom","OPM":12,"Total_sales_vol":638.299989759922,"rate_of_return":0.15}
{"window":{"start":"2022-05-07T21:01:00.000Z","end":"2022-05-07T21:02:00.000Z"},"country":"France","OPM":1,"Total_sales_vol":23.51999855041504,"rate_of_return":0.0}
{"window":{"start":"2022-05-10T08:45:00.000Z","end":"2022-05-10T08:46:00.000Z"},"country":"United Kingdom","OPM":6,"Total_sales_vol":403.7700030207634,"rate_of_return":0.0}
{"window":{"start":"2022-05-06T02:32:00.000Z","end":"2022-05-06T02:33:00.000Z"},"country":"United Kingdom","OPM":6,"Total_sales_vol":434.0500075817108,"rate_of_return":0.26666666666666666}
{"window":{"start":"2022-05-08T06:15:00.000Z","end":"2022-05-08T06:16:00.000Z"},"country":"United Kingdom","OPM":4,"Total_sales_vol":113.55000114440918,"rate_of_return":0.0}
{"window":{"start":"2022-05-07T07:01:00.000Z","end":"2022-05-07T07:02:00.000Z"},"country":"United Kingdom","OPM":5,"Total_sales_vol":371.7299949526787,"rate_of_return":0.0}
{"window":{"start":"2022-05-05T20:51:00.000Z","end":"2022-05-05T20:52:00.000Z"},"country":"United Kingdom","OPM":9,"Total_sales_vol":3417.7400030493736,"rate_of_return":0.0}
{"window":{"start":"2022-05-08T04:01:00.000Z","end":"2022-05-08T04:02:00.000Z"},"country":"France","OPM":1,"Total_sales_vol":181.56000018119812,"rate_of_return":0.0}
{"window":{"start":"2022-05-08T09:14:00.000Z","end":"2022-05-08T09:15:00.000Z"},"country":"United Kingdom","OPM":12,"Total_sales_vol":428.0599945783615,"rate_of_return":0.05405405405405406}
{"window":{"start":"2022-05-08T13:05:00.000Z","end":"2022-05-08T13:06:00.000Z"},"country":"EIRE","OPM":1,"Total_sales_vol":212.18000626564026,"rate_of_return":0.0}
{"window":{"start":"2022-05-10T04:08:00.000Z","end":"2022-05-10T04:09:00.000Z"},"country":"United Kingdom","OPM":6,"Total_sales_vol":280.6799981892109,"rate_of_return":0.1}
{"window":{"start":"2022-05-09T22:44:00.000Z","end":"2022-05-09T22:45:00.000Z"},"country":"EIRE","OPM":1,"Total_sales_vol":56.58000040054321,"rate_of_return":0.0}
{"window":{"start":"2022-05-08T04:41:00.000Z","end":"2022-05-08T04:42:00.000Z"},"country":"Belgium","OPM":1,"Total_sales_vol":48.37000000476837,"rate_of_return":0.0}
{"window":{"start":"2022-05-06T18:41:00.000Z","end":"2022-05-06T18:42:00.000Z"},"country":"EIRE","OPM":1,"Total_sales_vol":47.54000282287598,"rate_of_return":0.0}
{"window":{"start":"2022-05-06T10:57:00.000Z","end":"2022-05-06T10:58:00.000Z"},"country":"EIRE","OPM":1,"Total_sales_vol":54.429999351501465,"rate_of_return":0.0}
{"window":{"start":"2022-05-09T14:20:00.000Z","end":"2022-05-09T14:21:00.000Z"},"country":"Germany","OPM":1,"Total_sales_vol":147.5,"rate_of_return":0.0}
{"window":{"start":"2022-05-06T01:30:00.000Z","end":"2022-05-06T01:31:00.000Z"},"country":"United Kingdom","OPM":13,"Total_sales_vol":85.0800176858902,"rate_of_return":0.1724137931034483}
{"window":{"start":"2022-05-08T21:02:00.000Z","end":"2022-05-08T21:03:00.000Z"},"country":"United Kingdom","OPM":14,"Total_sales_vol":1030.7099981307983,"rate_of_return":0.0}
{"window":{"start":"2022-05-08T04:19:00.000Z","end":"2022-05-08T04:20:00.000Z"},"country":"Spain","OPM":1,"Total_sales_vol":57.75,"rate_of_return":0.0}
{"window":{"start":"2022-05-06T19:55:00.000Z","end":"2022-05-06T19:56:00.000Z"},"country":"France","OPM":1,"Total_sales_vol":288.22998785972595,"rate_of_return":0.0}
{"window":{"start":"2022-05-06T12:17:00.000Z","end":"2022-05-06T12:18:00.000Z"},"country":"United Kingdom","OPM":11,"Total_sales_vol":413.56999111175537,"rate_of_return":0.038461538461538464}
{"window":{"start":"2022-05-09T07:14:00.000Z","end":"2022-05-09T07:15:00.000Z"},"country":"Portugal","OPM":1,"Total_sales_vol":-51.09000051021576,"rate_of_return":1.0}
{"window":{"start":"2022-05-09T03:58:00.000Z","end":"2022-05-09T03:59:00.000Z"},"country":"United Kingdom","OPM":15,"Total_sales_vol":1085.0699933469296,"rate_of_return":0.14634146341463414}
{"window":{"start":"2022-05-07T04:21:00.000Z","end":"2022-05-07T04:22:00.000Z"},"country":"United Kingdom","OPM":6,"Total_sales_vol":292.3200007677078,"rate_of_return":0.0}
{"window":{"start":"2022-05-06T14:19:00.000Z","end":"2022-05-06T14:20:00.000Z"},"country":"Austria","OPM":1,"Total_sales_vol":24.899999618530273,"rate_of_return":0.0}
{"window":{"start":"2022-05-05T22:38:00.000Z","end":"2022-05-05T22:39:00.000Z"},"country":"United Kingdom","OPM":3,"Total_sales_vol":193.9000037908554,"rate_of_return":0.0}
{"window":{"start":"2022-05-10T02:25:00.000Z","end":"2022-05-10T02:26:00.000Z"},"country":"United Kingdom","OPM":7,"Total_sales_vol":358.3899952173233,"rate_of_return":0.0}
