{"window":{"start":"2022-05-05T19:48:00.000Z","end":"2022-05-05T19:49:00.000Z"},"country":"United Kingdom","OPM":5,"Total_sales_vol":557.1800007820129,"rate_of_return":0.10344827586206896}
{"window":{"start":"2022-05-06T19:09:00.000Z","end":"2022-05-06T19:10:00.000Z"},"country":"Belgium","OPM":1,"Total_sales_vol":24.600000381469727,"rate_of_return":0.0}
{"window":{"start":"2022-05-06T09:03:00.000Z","end":"2022-05-06T09:04:00.000Z"},"country":"Norway","OPM":1,"Total_sales_vol":18.719999313354492,"rate_of_return":0.0}
{"window":{"start":"2022-05-06T01:39:00.000Z","end":"2022-05-06T01:40:00.000Z"},"country":"United Kingdom","OPM":13,"Total_sales_vol":594.9600036144257,"rate_of_return":0.0}
{"window":{"start":"2022-05-06T21:10:00.000Z","end":"2022-05-06T21:11:00.000Z"},"country":"United Kingdom","OPM":5,"Total_sales_vol":322.3799951970577,"rate_of_return":0.0}
{"window":{"start":"2022-05-07T01:18:00.000Z","end":"2022-05-07T01:19:00.000Z"},"country":"United Kingdom","OPM":10,"Total_sales_vol":376.3599981665611,"rate_of_return":0.12121212121212122}
{"window":{"start":"2022-05-08T01:54:00.000Z","end":"2022-05-08T01:55:00.000Z"},"country":"Belgium","OPM":1,"Total_sales_vol":1.659999966621399,"rate_of_return":0.0}
{"window":{"start":"2022-05-10T07:36:00.000Z","end":"2022-05-10T07:37:00.000Z"},"country":"Spain","OPM":1,"Total_sales_vol":14.039999008178711,"rate_of_return":0.0}
{"window":{"start":"2022-05-08T23:31:00.000Z","end":"2022-05-08T23:32:00.000Z"},"country":"United Kingdom","OPM":9,"Total_sales_vol":430.5599881708622,"rate_of_return":0.0}
{"window":{"start":"2022-05-09T14:13:00.000Z","end":"2022-05-09T14:14:00.000Z"},"country":"United Kingdom","OPM":7,"Total_sales_vol":634.3599965572357,"rate_of_return":0.0}
{"window":{"start":"2022-05-09T23:59:00.000Z","end":"2022-05-10T00:00:00.000Z"},"country":"Germany","OPM":1,"Total_sales_vol":124.73999989032745,"rate_of_return":0.0}
{"window":{"start":"2022-05-09T09:08:00.000Z","end":"2022-05-09T09:09:00.000Z"},"country":"United Kingdom","OPM":6,"Total_sales_vol":326.0700047016144,"rate_of_return":0.0}
{"window":{"start":"2022-05-05T16:39:00.000Z","end":"2022-05-05T16:40:00.000Z"},"country":"Australia","OPM":1,"Total_sales_vol":6.639999866485596,"rate_of_return":0.0}
{"window":{"start":"2022-05-07T05:19:00.000Z","end":"2022-05-07T05:20:00.000Z"},"country":"United Kingdom","OPM":5,"Total_sales_vol":119.39000034332275,"rate_of_return":0.0}
{"window":{"start":"2022-05-06T08:05:00.000Z","end":"2022-05-06T08:06:00.000Z"},"country":"United Kingdom","OPM":6,"Total_sales_vol":230.36999875307083,"rate_of_return":0.2}
{"window":{"start":"2022-05-06T10:22:00.000Z","end":"2022-05-06T10:23:00.000Z"},"country":"France","OPM":1,"Total_sales_vol":30.050001114606857,"rate_of_return":0.0}
{"window":{"start":"2022-05-10T13:23:00.000Z","end":"2022-05-10T13:24:00.000Z"},"country":"Sweden","OPM":1,"Total_sales_vol":396.4300127029419,"rate_of_return":0.0}
{"window":{"start":"2022-05-08T12:07:00.000Z","end":"2022-05-08T12:08:00.000Z"},"country":"United Kingdom","OPM":10,"Total_sales_vol":399.7700035274029,"rate_of_return":0.0}
{"window":{"start":"2022-05-09T19:49:00.000Z","end":"2022-05-09T19:50:00.000Z"},"country":"United Kingdom","OPM":3,"Total_sales_vol":154.5600018799305,"rate_of_return":0.0}
{"window":{"start":"2022-05-07T19:46:00.000Z","end":"2022-05-07T19:47:00.000Z"},"country":"France","OPM":1,"Total_sales_vol":5.100000381469727,"rate_of_return":0.0}
{"window":{"start":"2022-05-08T08:34:00.000Z","end":"2022-05-08T08:35:00.000Z"},"country":"United Kingdom","OPM":8,"Total_sales_vol":355.2099933028221,"rate_of_return":0.14814814814814814}
{"window":{"start":"2022-05-06T17:25:00.000Z","end":"2022-05-06T17:26:00.000Z"},"country":"United Kingdom","OPM":12,"Total_sales_vol":1132.2400028705597,"rate_of_return":0.0}
{"window":{"start":"2022-05-08T01:54:00.000Z","end":"2022-05-08T01:55:00.000Z"},"country":"United Kingdom","OPM":6,"Total_sales_vol":553.550003528595,"rate_of_return":0.1111111111111111}
{"window":{"start":"2022-05-07T13:17:00.000Z","end":"2022-05-07T13:18:00.000Z"},"country":"United Kingdom","OPM":10,"Total_sales_vol":354.8699999153614,"rate_of_return":0.0}
{"window":{"start":"2022-05-07T19:03:00.000Z","end":"2022-05-07T19:04:00.000Z"},"country":"Netherlands","OPM":1,"Total_sales_vol":14.12999951839447,"rate_of_return":0.0}
{"window":{"start":"2022-05-05T23:46:00.000Z","end":"2022-05-05T23:47:00.000Z"},"country":"United Kingdom","OPM":11,"Total_sales_vol":1119.4400297999382,"rate_of_return":0.0}
{"window":{"start":"2022-05-08T02:11:00.000Z","end":"2022-05-08T02:12:00.000Z"},"country":"Belgium","OPM":1,"Total_sales_vol":15.389999985694885,"rate_of_return":0.0}
{"window":{"start":"2022-05-07T23:55:00.000Z","end":"2022-05-07T23:56:00.000Z"},"country":"United Kingdom","OPM":8,"Total_sales_vol":894.689990401268,"rate_of_return":0.0}
{"window":{"start":"2022-05-06T10:20:00.000Z","end":"2022-05-06T10:21:00.000Z"},"country":"United Kingdom","OPM":14,"Total_sales_vol":597.4399989247322,"rate_of_return":0.0}
{"window":{"start":"2022-05-07T16:17:00.000Z","end":"2022-05-07T16:18:00.000Z"},"country":"United Kingdom","OPM":5,"Total_sales_vol":186.18000054359436,"rate_of_return":0.0}
{"window":{"start":"2022-05-09T21:25:00.000Z","end":"2022-05-09T21:26:00.000Z"},"country":"United Kingdom","OPM":8,"Total_sales_vol":288.57000398635864,"rate_of_return":0.16666666666666666}
{"window":{"start":"2022-05-06T22:59:00.000Z","end":"2022-05-06T23:00:00.000Z"},"country":"United Kingdom","OPM":12,"Total_sales_vol":312.40000838041306,"rate_of_return":0.0}
{"window":{"start":"2022-05-05T23:17:00.000Z","end":"2022-05-05T23:18:00.000Z"},"country":"Spain","OPM":1,"Total_sales_vol":257.3000030517578,"rate_of_return":0.0}
{"window":{"start":"2022-05-10T02:27:00.000Z","end":"2022-05-10T02:28:00.000Z"},"country":"United Kingdom","OPM":12,"Total_sales_vol":361.06999641656876,"rate_of_return":0.15151515151515152}
{"window":{"start":"2022-05-07T02:28:00.000Z","end":"2022-05-07T02:29:00.000Z"},"country":"United Kingdom","OPM":11,"Total_sales_vol":431.5600035190582,"rate_of_return":0.0}
{"window":{"start":"2022-05-07T19:38:00.000Z","end":"2022-05-07T19:39:00.000Z"},"country":"Spain","OPM":1,"Total_sales_vol":23.299999237060547,"rate_of_return":0.0}
{"window":{"start":"2022-05-05T19:34:00.000Z","end":"2022-05-05T19:35:00.000Z"},"country":"France","OPM":1,"Total_sales_vol":47.71999967098236,"rate_of_return":0.0}
{"window":{"start":"2022-05-09T01:34:00.000Z","end":"2022-05-09T01:35:00.000Z"},"country":"EIRE","OPM":1,"Total_sales_vol":15.150000810623169,"rate_of_return":0.0}
{"window":{"start":"2022-05-09T19:07:00.000Z","end":"2022-05-09T19:08:00.000Z"},"country":"United Kingdom","OPM":13,"Total_sales_vol":718.8899908363819,"rate_of_return":0.0}
{"window":{"start":"2022-05-06T14:31:00.000Z","end":"2022-05-06T14:32:00.000Z"},"country":"United Kingdom","OPM":8,"Total_sales_vol":106.29000055789948,"rate_of_return":0.0}
{"window":{"start":"2022-05-06T18:34:00.000Z","end":"2022-05-06T18:35:00.000Z"},"country":"United Kingdom","OPM":12,"Total_sales_vol":517.9599978923798,"rate_of_return":0.1590909090909091}
{"window":{"start":"2022-05-06T03:36:00.000Z","end":"2022-05-06T03:37:00.000Z"},"country":"United Kingdom","OPM":9,"Total_sales_vol":398.4999960064888,"rate_of_return":0.0}
{"window":{"start":"2022-05-06T11:57:00.000Z","end":"2022-05-06T11:58:00.000Z"},"country":"France","OPM":2,"Total_sales_vol":145.73999631404877,"rate_of_return":0.0}
{"window":{"start":"2022-05-09T00:01:00.000Z","end":"2022-05-09T00:02:00.000Z"},"country":"EIRE","OPM":1,"Total_sales_vol":32.400001525878906,"rate_of_return":0.0}
{"window":{"start":"2022-05-08T15:04:00.000Z","end":"2022-05-08T15:05:00.000Z"},"country":"United Kingdom","OPM":6,"Total_sales_vol":586.3699879944324,"rate_of_return":0.06451612903225806}
{"window":{"start":"2022-05-07T02:05:00.000Z","end":"2022-05-07T02:06:00.000Z"},"country":"United Kingdom","OPM":4,"Total_sales_vol":659.4499785900116,"rate_of_return":0.0}
{"window":{"start":"2022-05-08T20:40:00.000Z","end":"2022-05-08T20:41:00.000Z"},"country":"France","OPM":1,"Total_sales_vol":210.95000004768372,"rate_of_return":0.0}
{"window":{"start":"2022-05-09T16:40:00.000Z","end":"2022-05-09T16:41:00.000Z"},"country":"France","OPM":1,"Total_sales_vol":135.91999208927155,"rate_of_return":0.0}
{"window":{"start":"2022-05-09T19:59:00.000Z","end":"2022-05-09T20:00:00.000Z"},"country":"United Kingdom","OPM":12,"Total_sales_vol":618.2400048673153,"rate_of_return":0.0}
{"window":{"start":"2022-05-10T04:58:00.000Z","end":"2022-05-10T04:59:00.000Z"},"country":"United Kingdom","OPM":16,"Total_sales_vol":756.0099995136261,"rate_of_return":0.13333333333333333}
{"window":{"start":"2022-05-05T18:57:00.000Z","end":"2022-05-05T18:58:00.000Z"},"country":"France","OPM":1,"Total_sales_vol":31.269999861717224,"rate_of_return":0.0}
{"window":{"start":"2022-05-08T06:33:00.000Z","end":"2022-05-08T06:34:00.000Z"},"country":"Belgium","OPM":1,"Total_sales_vol":5.0,"rate_of_return":0.0}
{"window":{"start":"2022-05-06T21:44:00.000Z","end":"2022-05-06T21:45:00.000Z"},"country":"United Kingdom","OPM":7,"Total_sales_vol":323.5999983251095,"rate_of_return":0.10810810810810811}
{"window":{"start":"2022-05-05T23:16:00.000Z","end":"2022-05-05T23:17:00.000Z"},"country":"United Kingdom","OPM":14,"Total_sales_vol":855.299989938736,"rate_of_return":0.0}
