{"window":{"start":"2022-05-10T06:03:00.000Z","end":"2022-05-10T06:04:00.000Z"},"country":"United Kingdom","OPM":14,"Total_sales_vol":1658.7499969005585,"rate_of_return":0.017543859649122806}
{"window":{"start":"2022-05-07T23:04:00.000Z","end":"2022-05-07T23:05:00.000Z"},"country":"United Kingdom","OPM":9,"Total_sales_vol":270.2499985694885,"rate_of_return":0.06451612903225806}
{"window":{"start":"2022-05-06T16:09:00.000Z","end":"2022-05-06T16:10:00.000Z"},"country":"United Kingdom","OPM":8,"Total_sales_vol":435.8899939954281,"rate_of_return":0.0}
{"window":{"start":"2022-05-07T14:48:00.000Z","end":"2022-05-07T14:49:00.000Z"},"country":"United Kingdom","OPM":9,"Total_sales_vol":451.0899988114834,"rate_of_return":0.0}
{"window":{"start":"2022-05-08T00:50:00.000Z","end":"2022-05-08T00:51:00.000Z"},"country":"Sweden","OPM":1,"Total_sales_vol":-17.0,"rate_of_return":1.0}
{"window":{"start":"2022-05-06T21:29:00.000Z","end":"2022-05-06T21:30:00.000Z"},"country":"United Kingdom","OPM":7,"Total_sales_vol":551.5799892544746,"rate_of_return":0.0}
{"window":{"start":"2022-05-09T20:12:00.000Z","end":"2022-05-09T20:13:00.000Z"},"country":"United Kingdom","OPM":9,"Total_sales_vol":549.5099929571152,"rate_of_return":0.0}
{"window":{"start":"2022-05-06T11:49:00.000Z","end":"2022-05-06T11:50:00.000Z"},"country":"Switzerland","OPM":1,"Total_sales_vol":108.59999990463257,"rate_of_return":0.0}
{"window":{"start":"2022-05-06T09:38:00.000Z","end":"2022-05-06T09:39:00.000Z"},"country":"Germany","OPM":1,"Total_sales_vol":81.59000134468079,"rate_of_return":0.0}
{"window":{"start":"2022-05-07T01:07:00.000Z","end":"2022-05-07T01:08:00.000Z"},"country":"United Kingdom","OPM":9,"Total_sales_vol":471.3000017404556,"rate_of_return":0.03571428571428571}
{"window":{"start":"2022-05-10T03:31:00.000Z","end":"2022-05-10T03:32:00.000Z"},"country":"Australia","OPM":1,"Total_sales_vol":23.400001525878906,"rate_of_return":0.0}
{"window":{"start":"2022-05-09T23:05:00.000Z","end":"2022-05-09T23:06:00.000Z"},"country":"United Kingdom","OPM":6,"Total_sales_vol":1043.8799981176853,"rate_of_return":0.06666666666666667}
{"window":{"start":"2022-05-06T12:09:00.000Z","end":"2022-05-06T12:10:00.000Z"},"country":"United Kingdom","OPM":12,"Total_sales_vol":310.40999895334244,"rate_of_return":0.1388888888888889}
{"window":{"start":"2022-05-07T19:41:00.000Z","end":"2022-05-07T19:42:00.000Z"},"country":"Netherlands","OPM":1,"Total_sales_vol":19.799999237060547,"rate_of_return":0.0}
{"window":{"start":"2022-05-10T02:40:00.000Z","end":"2022-05-10T02:41:00.000Z"},"country":"United Kingdom","OPM":9,"Total_sales_vol":758.6899964511395,"rate_of_return":0.0}
{"window":{"start":"2022-05-10T03:07:00.000Z","end":"2022-05-10T03:08:00.000Z"},"country":"United Kingdom","OPM":5,"Total_sales_vol":504.96999302506447,"rate_of_return":0.0}
{"window":{"start":"2022-05-09T05:53:00.000Z","end":"2022-05-09T05:54:00.000Z"},"country":"United Kingdom","OPM":7,"Total_sales_vol":646.899999499321,"rate_of_return":0.09523809523809523}
{"window":{"start":"2022-05-06T18:04:00.000Z","end":"2022-05-06T18:05:00.000Z"},"country":"Australia","OPM":1,"Total_sales_vol":12.149999976158142,"rate_of_return":0.0}
{"window":{"start":"2022-05-08T09:49:00.000Z","end":"2022-05-08T09:50:00.000Z"},"country":"United Kingdom","OPM":4,"Total_sales_vol":189.4800020456314,"rate_of_return":0.0}
{"window":{"start":"2022-05-07T20:20:00.000Z","end":"2022-05-07T20:21:00.000Z"},"country":"United Kingdom","OPM":13,"Total_sales_vol":906.3900012373924,"rate_of_return":0.05084745762711865}
{"window":{"start":"2022-05-09T17:08:00.000Z","end":"2022-05-09T17:09:00.000Z"},"country":"United Kingdom","OPM":4,"Total_sales_vol":235.75000458955765,"rate_of_return":0.1}
{"window":{"start":"2022-05-08T07:59:00.000Z","end":"2022-05-08T08:00:00.000Z"},"country":"France","OPM":1,"Total_sales_vol":32.87999987602234,"rate_of_return":0.0}
{"window":{"start":"2022-05-06T18:18:00.000Z","end":"2022-05-06T18:19:00.000Z"},"country":"France","OPM":1,"Total_sales_vol":4.159999847412109,"rate_of_return":0.0}
{"window":{"start":"2022-05-07T09:59:00.000Z","end":"2022-05-07T10:00:00.000Z"},"country":"United Kingdom","OPM":11,"Total_sales_vol":548.2700039446354,"rate_of_return":0.0}
{"window":{"start":"2022-05-05T22:39:00.000Z","end":"2022-05-05T22:40:00.000Z"},"country":"Germany","OPM":1,"Total_sales_vol":21.150001525878906,"rate_of_return":0.0}
{"window":{"start":"2022-05-06T19:09:00.000Z","end":"2022-05-06T19:10:00.000Z"},"country":"United Kingdom","OPM":14,"Total_sales_vol":921.6399985253811,"rate_of_return":0.18}
{"window":{"start":"2022-05-06T19:32:00.000Z","end":"2022-05-06T19:33:00.000Z"},"country":"Germany","OPM":2,"Total_sales_vol":93.08999943733215,"rate_of_return":0.0}
{"window":{"start":"2022-05-05T20:01:00.000Z","end":"2022-05-05T20:02:00.000Z"},"country":"United Kingdom","OPM":13,"Total_sales_vol":745.5199896991253,"rate_of_return":0.037037037037037035}
{"window":{"start":"2022-05-05T17:26:00.000Z","end":"2022-05-05T17:27:00.000Z"},"country":"United Kingdom","OPM":8,"Total_sales_vol":222.76000010967255,"rate_of_return":0.0}
{"window":{"start":"2022-05-10T07:34:00.000Z","end":"2022-05-10T07:35:00.000Z"},"country":"Spain","OPM":1,"Total_sales_vol":31.820000648498535,"rate_of_return":0.0}
{"window":{"start":"2022-05-09T06:36:00.000Z","end":"2022-05-09T06:37:00.000Z"},"country":"United Kingdom","OPM":6,"Total_sales_vol":205.32999980449677,"rate_of_return":0.0}
{"window":{"start":"2022-05-10T01:28:00.000Z","end":"2022-05-10T01:29:00.000Z"},"country":"United Kingdom","OPM":10,"Total_sales_vol":2129.0400006771088,"rate_of_return":0.08108108108108109}
{"window":{"start":"2022-05-06T02:51:00.000Z","end":"2022-05-06T02:52:00.000Z"},"country":"United Kingdom","OPM":9,"Total_sales_vol":894.0500013232231,"rate_of_return":0.0}
{"window":{"start":"2022-05-07T14:47:00.000Z","end":"2022-05-07T14:48:00.000Z"},"country":"France","OPM":1,"Total_sales_vol":3.75,"rate_of_return":0.0}
{"window":{"start":"2022-05-08T22:21:00.000Z","end":"2022-05-08T22:22:00.000Z"},"country":"Belgium","OPM":1,"Total_sales_vol":36.52000045776367,"rate_of_return":0.0}
{"window":{"start":"2022-05-09T12:39:00.000Z","end":"2022-05-09T12:40:00.000Z"},"country":"United Kingdom","OPM":11,"Total_sales_vol":714.630008161068,"rate_of_return":0.0}
{"window":{"start":"2022-05-09T06:38:00.000Z","end":"2022-05-09T06:39:00.000Z"},"country":"United Kingdom","OPM":7,"Total_sales_vol":1031.809986770153,"rate_of_return":0.0}
{"window":{"start":"2022-05-09T19:39:00.000Z","end":"2022-05-09T19:40:00.000Z"},"country":"United Kingdom","OPM":5,"Total_sales_vol":337.3299971818924,"rate_of_return":0.0}
{"window":{"start":"2022-05-07T19:18:00.000Z","end":"2022-05-07T19:19:00.000Z"},"country":"United Kingdom","OPM":10,"Total_sales_vol":1351.3100214004517,"rate_of_return":0.09090909090909091}
{"window":{"start":"2022-05-06T02:13:00.000Z","end":"2022-05-06T02:14:00.000Z"},"country":"Spain","OPM":1,"Total_sales_vol":13.979999542236328,"rate_of_return":0.0}
{"window":{"start":"2022-05-07T04:08:00.000Z","end":"2022-05-07T04:09:00.000Z"},"country":"United Kingdom","OPM":11,"Total_sales_vol":615.2200086116791,"rate_of_return":0.0}
{"window":{"start":"2022-05-09T03:39:00.000Z","end":"2022-05-09T03:40:00.000Z"},"country":"EIRE","OPM":1,"Total_sales_vol":207.18999922275543,"rate_of_return":0.0}
{"window":{"start":"2022-05-08T13:16:00.000Z","end":"2022-05-08T13:17:00.000Z"},"country":"Lebanon","OPM":1,"Total_sales_vol":21.65999948978424,"rate_of_return":0.0}
{"window":{"start":"2022-05-09T12:34:00.000Z","end":"2022-05-09T12:35:00.000Z"},"country":"France","OPM":1,"Total_sales_vol":65.28000068664551,"rate_of_return":0.0}
{"window":{"start":"2022-05-08T07:53:00.000Z","end":"2022-05-08T07:54:00.000Z"},"country":"United Kingdom","OPM":7,"Total_sales_vol":332.04999989271164,"rate_of_return":0.0}
{"window":{"start":"2022-05-08T07:06:00.000Z","end":"2022-05-08T07:07:00.000Z"},"country":"United Kingdom","OPM":7,"Total_sales_vol":241.699997484684,"rate_of_return":0.13636363636363635}
{"window":{"start":"2022-05-06T13:13:00.000Z","end":"2022-05-06T13:14:00.000Z"},"country":"United Kingdom","OPM":8,"Total_sales_vol":25.58999878168106,"rate_of_return":0.1111111111111111}
{"window":{"start":"2022-05-08T14:47:00.000Z","end":"2022-05-08T14:48:00.000Z"},"country":"EIRE","OPM":1,"Total_sales_vol":54.39999961853027,"rate_of_return":0.0}
{"window":{"start":"2022-05-07T20:00:00.000Z","end":"2022-05-07T20:01:00.000Z"},"country":"United Kingdom","OPM":6,"Total_sales_vol":704.1899850666523,"rate_of_return":0.0}
{"window":{"start":"2022-05-09T13:16:00.000Z","end":"2022-05-09T13:17:00.000Z"},"country":"United Kingdom","OPM":11,"Total_sales_vol":581.3199995756149,"rate_of_return":0.0}
{"window":{"start":"2022-05-09T01:03:00.000Z","end":"2022-05-09T01:04:00.000Z"},"country":"United Kingdom","OPM":11,"Total_sales_vol":1351.259998857975,"rate_of_return":0.10344827586206896}
{"window":{"start":"2022-05-06T06:42:00.000Z","end":"2022-05-06T06:43:00.000Z"},"country":"United Kingdom","OPM":9,"Total_sales_vol":2873.0099952816963,"rate_of_return":0.0}
{"window":{"start":"2022-05-08T23:16:00.000Z","end":"2022-05-08T23:17:00.000Z"},"country":"United Kingdom","OPM":7,"Total_sales_vol":393.639996111393,"rate_of_return":0.0}
{"window":{"start":"2022-05-09T21:45:00.000Z","end":"2022-05-09T21:46:00.000Z"},"country":"EIRE","OPM":1,"Total_sales_vol":90.15999984741211,"rate_of_return":0.0}
{"window":{"start":"2022-05-06T16:20:00.000Z","end":"2022-05-06T16:21:00.000Z"},"country":"Austria","OPM":1,"Total_sales_vol":92.4599997997284,"rate_of_return":0.0}
{"window":{"start":"2022-05-07T11:35:00.000Z","end":"2022-05-07T11:36:00.000Z"},"country":"United Kingdom","OPM":6,"Total_sales_vol":585.7199946641922,"rate_of_return":0.0}
{"window":{"start":"2022-05-09T15:08:00.000Z","end":"2022-05-09T15:09:00.000Z"},"country":"United Kingdom","OPM":4,"Total_sales_vol":242.44999766349792,"rate_of_return":0.0}
{"window":{"start":"2022-05-06T20:39:00.000Z","end":"2022-05-06T20:40:00.000Z"},"country":"United Kingdom","OPM":10,"Total_sales_vol":513.6199939250946,"rate_of_return":0.2564102564102564}
{"window":{"start":"2022-05-06T10:29:00.000Z","end":"2022-05-06T10:30:00.000Z"},"country":"Australia","OPM":1,"Total_sales_vol":-66.5,"rate_of_return":1.0}
{"window":{"start":"2022-05-05T22:14:00.000Z","end":"2022-05-05T22:15:00.000Z"},"country":"France","OPM":1,"Total_sales_vol":20.799999237060547,"rate_of_return":0.0}
{"window":{"start":"2022-05-08T00:32:00.000Z","end":"2022-05-08T00:33:00.000Z"},"country":"Netherlands","OPM":1,"Total_sales_vol":7.5,"rate_of_return":0.0}
{"window":{"start":"2022-05-06T09:55:00.000Z","end":"2022-05-06T09:56:00.000Z"},"country":"United Kingdom","OPM":4,"Total_sales_vol":202.6499983072281,"rate_of_return":0.0}
