{"window":{"start":"2022-05-05T20:56:00.000Z","end":"2022-05-05T20:57:00.000Z"},"country":"Netherlands","OPM":1,"Total_sales_vol":6.789999783039093,"rate_of_return":0.0}
{"window":{"start":"2022-05-08T11:01:00.000Z","end":"2022-05-08T11:02:00.000Z"},"country":"France","OPM":1,"Total_sales_vol":15.539999961853027,"rate_of_return":0.0}
{"window":{"start":"2022-05-08T15:24:00.000Z","end":"2022-05-08T15:25:00.000Z"},"country":"United Kingdom","OPM":9,"Total_sales_vol":172.5800074338913,"rate_of_return":0.3103448275862069}
{"window":{"start":"2022-05-09T04:52:00.000Z","end":"2022-05-09T04:53:00.000Z"},"country":"United Kingdom","OPM":14,"Total_sales_vol":892.9699759483337,"rate_of_return":0.0}
{"window":{"start":"2022-05-09T13:28:00.000Z","end":"2022-05-09T13:29:00.000Z"},"country":"United Kingdom","OPM":10,"Total_sales_vol":633.3499945402145,"rate_of_return":0.05263157894736842}
{"window":{"start":"2022-05-08T01:49:00.000Z","end":"2022-05-08T01:50:00.000Z"},"country":"Australia","OPM":1,"Total_sales_vol":59.39999771118164,"rate_of_return":0.0}
{"window":{"start":"2022-05-06T21:39:00.000Z","end":"2022-05-06T21:40:00.000Z"},"country":"United Kingdom","OPM":8,"Total_sales_vol":984.1699823141098,"rate_of_return":0.0}
{"window":{"start":"2022-05-07T07:31:00.000Z","end":"2022-05-07T07:32:00.000Z"},"country":"Malta","OPM":1,"Total_sales_vol":2.950000047683716,"rate_of_return":0.0}
{"window":{"start":"2022-05-09T05:43:00.000Z","end":"2022-05-09T05:44:00.000Z"},"country":"Germany","OPM":1,"Total_sales_vol":48.14999961853027,"rate_of_return":0.0}
{"window":{"start":"2022-05-05T21:39:00.000Z","end":"2022-05-05T21:40:00.000Z"},"country":"United Kingdom","OPM":6,"Total_sales_vol":267.72000455856323,"rate_of_return":0.0}
{"window":{"start":"2022-05-07T06:42:00.000Z","end":"2022-05-07T06:43:00.000Z"},"country":"Portugal","OPM":1,"Total_sales_vol":22.5,"rate_of_return":0.0}
{"window":{"start":"2022-05-08T01:17:00.000Z","end":"2022-05-08T01:18:00.000Z"},"country":"Unspecified","OPM":1,"Total_sales_vol":32.510000228881836,"rate_of_return":0.0}
{"window":{"start":"2022-05-07T08:44:00.000Z","end":"2022-05-07T08:45:00.000Z"},"country":"United Kingdom","OPM":11,"Total_sales_vol":1050.1499977111816,"rate_of_return":0.0}
{"window":{"start":"2022-05-08T01:32:00.000Z","end":"2022-05-08T01:33:00.000Z"},"country":"United Kingdom","OPM":6,"Total_sales_vol":270.26999884843826,"rate_of_return":0.0}
{"window":{"start":"2022-05-07T03:54:00.000Z","end":"2022-05-07T03:55:00.000Z"},"country":"Germany","OPM":1,"Total_sales_vol":1814.380002617836,"rate_of_return":0.0}
{"window":{"start":"2022-05-08T05:09:00.000Z","end":"2022-05-08T05:10:00.000Z"},"country":"Australia","OPM":1,"Total_sales_vol":98.11000061035156,"rate_of_return":0.0}
{"window":{"start":"2022-05-07T09:16:00.000Z","end":"2022-05-07T09:17:00.000Z"},"country":"United Kingdom","OPM":3,"Total_sales_vol":338.96999335289,"rate_of_return":0.0}
{"window":{"start":"2022-05-06T10:53:00.000Z","end":"2022-05-06T10:54:00.000Z"},"country":"Austria","OPM":1,"Total_sales_vol":142.81999909877777,"rate_of_return":0.0}
{"window":{"start":"2022-05-06T21:07:00.000Z","end":"2022-05-06T21:08:00.000Z"},"country":"United Kingdom","OPM":12,"Total_sales_vol":953.2600022554398,"rate_of_return":0.0}
{"window":{"start":"2022-05-10T12:51:00.000Z","end":"2022-05-10T12:52:00.000Z"},"country":"EIRE","OPM":1,"Total_sales_vol":12.249999761581421,"rate_of_return":0.0}
{"window":{"start":"2022-05-08T17:03:00.000Z","end":"2022-05-08T17:04:00.000Z"},"country":"United Kingdom","OPM":13,"Total_sales_vol":-93.38002812862396,"rate_of_return":0.3617021276595745}
{"window":{"start":"2022-05-08T17:34:00.000Z","end":"2022-05-08T17:35:00.000Z"},"country":"United Kingdom","OPM":6,"Total_sales_vol":275.7899983227253,"rate_of_return":0.1}
{"window":{"start":"2022-05-10T02:23:00.000Z","end":"2022-05-10T02:24:00.000Z"},"country":"United Kingdom","OPM":15,"Total_sales_vol":970.9099832773209,"rate_of_return":0.0}
{"window":{"start":"2022-05-10T11:17:00.000Z","end":"2022-05-10T11:18:00.000Z"},"country":"Austria","OPM":1,"Total_sales_vol":5.900000095367432,"rate_of_return":0.0}
{"window":{"start":"2022-05-07T14:48:00.000Z","end":"2022-05-07T14:49:00.000Z"},"country":"Spain","OPM":1,"Total_sales_vol":8.289999961853027,"rate_of_return":0.0}
{"window":{"start":"2022-05-05T23:58:00.000Z","end":"2022-05-05T23:59:00.000Z"},"country":"United Kingdom","OPM":5,"Total_sales_vol":214.9400029182434,"rate_of_return":0.0}
{"window":{"start":"2022-05-06T17:52:00.000Z","end":"2022-05-06T17:53:00.000Z"},"country":"United Kingdom","OPM":8,"Total_sales_vol":55.19999733567238,"rate_of_return":0.13636363636363635}
{"window":{"start":"2022-05-10T12:25:00.000Z","end":"2022-05-10T12:26:00.000Z"},"country":"EIRE","OPM":1,"Total_sales_vol":15.899999618530273,"rate_of_return":0.0}
{"window":{"start":"2022-05-09T14:02:00.000Z","end":"2022-05-09T14:03:00.000Z"},"country":"Finland","OPM":1,"Total_sales_vol":17.400001525878906,"rate_of_return":0.0}
{"window":{"start":"2022-05-09T08:44:00.000Z","end":"2022-05-09T08:45:00.000Z"},"country":"Spain","OPM":2,"Total_sales_vol":44.82999920845032,"rate_of_return":0.0}
{"window":{"start":"2022-05-07T00:50:00.000Z","end":"2022-05-07T00:51:00.000Z"},"country":"United Kingdom","OPM":4,"Total_sales_vol":195.2400017976761,"rate_of_return":0.0}
{"window":{"start":"2022-05-07T01:06:00.000Z","end":"2022-05-07T01:07:00.000Z"},"country":"United Kingdom","OPM":6,"Total_sales_vol":521.6999908685684,"rate_of_return":0.16666666666666666}
{"window":{"start":"2022-05-05T17:15:00.000Z","end":"2022-05-05T17:16:00.000Z"},"country":"United Kingdom","OPM":7,"Total_sales_vol":581.9699914455414,"rate_of_return":0.0}
{"window":{"start":"2022-05-10T00:30:00.000Z","end":"2022-05-10T00:31:00.000Z"},"country":"United Kingdom","OPM":15,"Total_sales_vol":1183.3100080490112,"rate_of_return":0.0}
{"window":{"start":"2022-05-06T09:35:00.000Z","end":"2022-05-06T09:36:00.000Z"},"country":"United Kingdom","OPM":14,"Total_sales_vol":519.6199966073036,"rate_of_return":0.0}
{"window":{"start":"2022-05-10T11:11:00.000Z","end":"2022-05-10T11:12:00.000Z"},"country":"United Kingdom","OPM":8,"Total_sales_vol":696.8099990189075,"rate_of_return":0.10909090909090909}
{"window":{"start":"2022-05-06T01:40:00.000Z","end":"2022-05-06T01:41:00.000Z"},"country":"United Kingdom","OPM":8,"Total_sales_vol":262.8599998354912,"rate_of_return":0.10714285714285714}
{"window":{"start":"2022-05-06T08:21:00.000Z","end":"2022-05-06T08:22:00.000Z"},"country":"Spain","OPM":1,"Total_sales_vol":132.5899965763092,"rate_of_return":0.0}
{"window":{"start":"2022-05-07T05:26:00.000Z","end":"2022-05-07T05:27:00.000Z"},"country":"United Kingdom","OPM":12,"Total_sales_vol":611.8500010967255,"rate_of_return":0.0}
{"window":{"start":"2022-05-09T11:55:00.000Z","end":"2022-05-09T11:56:00.000Z"},"country":"United Kingdom","OPM":8,"Total_sales_vol":240.02000069618225,"rate_of_return":0.0}
{"window":{"start":"2022-05-08T05:28:00.000Z","end":"2022-05-08T05:29:00.000Z"},"country":"United Kingdom","OPM":9,"Total_sales_vol":451.0999950170517,"rate_of_return":0.0}
{"window":{"start":"2022-05-09T19:32:00.000Z","end":"2022-05-09T19:33:00.000Z"},"country":"United Kingdom","OPM":10,"Total_sales_vol":498.12999552488327,"rate_of_return":0.10810810810810811}
{"window":{"start":"2022-05-09T01:05:00.000Z","end":"2022-05-09T01:06:00.000Z"},"country":"United Kingdom","OPM":9,"Total_sales_vol":403.5799924135208,"rate_of_return":0.08}
{"window":{"start":"2022-05-07T18:39:00.000Z","end":"2022-05-07T18:40:00.000Z"},"country":"France","OPM":1,"Total_sales_vol":58.3299999833107,"rate_of_return":0.0}
{"window":{"start":"2022-05-07T09:24:00.000Z","end":"2022-05-07T09:25:00.000Z"},"country":"United Kingdom","OPM":7,"Total_sales_vol":265.6999965310097,"rate_of_return":0.0}
{"window":{"start":"2022-05-07T16:56:00.000Z","end":"2022-05-07T16:57:00.000Z"},"country":"France","OPM":1,"Total_sales_vol":38.68999981880188,"rate_of_return":0.0}
{"window":{"start":"2022-05-09T07:58:00.000Z","end":"2022-05-09T07:59:00.000Z"},"country":"France","OPM":1,"Total_sales_vol":42.360001519322395,"rate_of_return":0.0}
{"window":{"start":"2022-05-07T20:24:00.000Z","end":"2022-05-07T20:25:00.000Z"},"country":"Finland","OPM":1,"Total_sales_vol":33.99999940395355,"rate_of_return":0.0}
{"window":{"start":"2022-05-10T05:52:00.000Z","end":"2022-05-10T05:53:00.000Z"},"country":"United Kingdom","OPM":7,"Total_sales_vol":360.4399962425232,"rate_of_return":0.0}
{"window":{"start":"2022-05-07T09:31:00.000Z","end":"2022-05-07T09:32:00.000Z"},"country":"France","OPM":1,"Total_sales_vol":79.19999885559082,"rate_of_return":0.0}
{"window":{"start":"2022-05-07T10:59:00.000Z","end":"2022-05-07T11:00:00.000Z"},"country":"Germany","OPM":2,"Total_sales_vol":53.30000376701355,"rate_of_return":0.0}
{"window":{"start":"2022-05-09T01:54:00.000Z","end":"2022-05-09T01:55:00.000Z"},"country":"Austria","OPM":1,"Total_sales_vol":39.6099990606308,"rate_of_return":0.0}
{"window":{"start":"2022-05-08T01:39:00.000Z","end":"2022-05-08T01:40:00.000Z"},"country":"United Kingdom","OPM":8,"Total_sales_vol":657.3500091433525,"rate_of_return":0.0967741935483871}
{"window":{"start":"2022-05-06T14:56:00.000Z","end":"2022-05-06T14:57:00.000Z"},"country":"United Kingdom","OPM":5,"Total_sales_vol":207.85000026226044,"rate_of_return":0.0}
{"window":{"start":"2022-05-07T07:52:00.000Z","end":"2022-05-07T07:53:00.000Z"},"country":"Netherlands","OPM":1,"Total_sales_vol":87.71000218391418,"rate_of_return":0.0}
{"window":{"start":"2022-05-07T06:26:00.000Z","end":"2022-05-07T06:27:00.000Z"},"country":"United Kingdom","OPM":6,"Total_sales_vol":156.01000213623047,"rate_of_return":0.0}
{"window":{"start":"2022-05-07T14:15:00.000Z","end":"2022-05-07T14:16:00.000Z"},"country":"United Kingdom","OPM":19,"Total_sales_vol":1277.5999785587192,"rate_of_return":0.07462686567164178}
{"window":{"start":"2022-05-09T10:01:00.000Z","end":"2022-05-09T10:02:00.000Z"},"country":"Germany","OPM":1,"Total_sales_vol":10.949999809265137,"rate_of_return":0.0}
{"window":{"start":"2022-05-06T13:11:00.000Z","end":"2022-05-06T13:12:00.000Z"},"country":"United Kingdom","OPM":9,"Total_sales_vol":9.110005915164948,"rate_of_return":0.18181818181818182}
{"window":{"start":"2022-05-07T00:48:00.000Z","end":"2022-05-07T00:49:00.000Z"},"country":"United Kingdom","OPM":7,"Total_sales_vol":127.76000010967255,"rate_of_return":0.21052631578947367}
{"window":{"start":"2022-05-09T08:42:00.000Z","end":"2022-05-09T08:43:00.000Z"},"country":"Switzerland","OPM":1,"Total_sales_vol":47.589999198913574,"rate_of_return":0.0}
{"window":{"start":"2022-05-09T17:33:00.000Z","end":"2022-05-09T17:34:00.000Z"},"country":"Germany","OPM":1,"Total_sales_vol":95.25999838113785,"rate_of_return":0.0}
{"window":{"start":"2022-05-07T07:09:00.000Z","end":"2022-05-07T07:10:00.000Z"},"country":"Japan","OPM":1,"Total_sales_vol":10.200000762939453,"rate_of_return":0.0}
