{"window":{"start":"2022-05-06T11:08:00.000Z","end":"2022-05-06T11:09:00.000Z"},"country":"Denmark","OPM":1,"Total_sales_vol":9.87999963760376,"rate_of_return":0.0}
{"window":{"start":"2022-05-09T06:22:00.000Z","end":"2022-05-09T06:23:00.000Z"},"country":"EIRE","OPM":1,"Total_sales_vol":136.80999982357025,"rate_of_return":0.0}
{"window":{"start":"2022-05-08T00:42:00.000Z","end":"2022-05-08T00:43:00.000Z"},"country":"United Kingdom","OPM":7,"Total_sales_vol":312.6199912428856,"rate_of_return":0.0}
{"window":{"start":"2022-05-08T14:12:00.000Z","end":"2022-05-08T14:13:00.000Z"},"country":"United Kingdom","OPM":8,"Total_sales_vol":178.18000149726868,"rate_of_return":0.08695652173913043}
{"window":{"start":"2022-05-07T02:09:00.000Z","end":"2022-05-07T02:10:00.000Z"},"country":"Germany","OPM":1,"Total_sales_vol":15.800000190734863,"rate_of_return":0.0}
{"window":{"start":"2022-05-07T16:24:00.000Z","end":"2022-05-07T16:25:00.000Z"},"country":"United Kingdom","OPM":9,"Total_sales_vol":308.79999908804893,"rate_of_return":0.0}
{"window":{"start":"2022-05-07T00:43:00.000Z","end":"2022-05-07T00:44:00.000Z"},"country":"United Kingdom","OPM":8,"Total_sales_vol":362.9599996805191,"rate_of_return":0.0}
{"window":{"start":"2022-05-09T02:07:00.000Z","end":"2022-05-09T02:08:00.000Z"},"country":"United Kingdom","OPM":14,"Total_sales_vol":1319.140004426241,"rate_of_return":0.0}
{"window":{"start":"2022-05-07T22:51:00.000Z","end":"2022-05-07T22:52:00.000Z"},"country":"France","OPM":1,"Total_sales_vol":9.5,"rate_of_return":0.0}
{"window":{"start":"2022-05-07T20:44:00.000Z","end":"2022-05-07T20:45:00.000Z"},"country":"United Kingdom","OPM":10,"Total_sales_vol":1056.4299976229668,"rate_of_return":0.0}
{"window":{"start":"2022-05-07T15:32:00.000Z","end":"2022-05-07T15:33:00.000Z"},"country":"United Kingdom","OPM":9,"Total_sales_vol":276.6800090074539,"rate_of_return":0.25}
{"window":{"start":"2022-05-06T00:07:00.000Z","end":"2022-05-06T00:08:00.000Z"},"country":"Belgium","OPM":1,"Total_sales_vol":264.6000061035156,"rate_of_return":0.0}
{"window":{"start":"2022-05-08T23:00:00.000Z","end":"2022-05-08T23:01:00.000Z"},"country":"United Kingdom","OPM":14,"Total_sales_vol":649.7800012230873,"rate_of_return":0.0}
{"window":{"start":"2022-05-07T21:08:00.000Z","end":"2022-05-07T21:09:00.000Z"},"country":"United Kingdom","OPM":8,"Total_sales_vol":327.3899848461151,"rate_of_return":0.03333333333333333}
{"window":{"start":"2022-05-08T08:23:00.000Z","end":"2022-05-08T08:24:00.000Z"},"country":"Germany","OPM":1,"Total_sales_vol":2.0999999046325684,"rate_of_return":0.0}
{"window":{"start":"2022-05-09T06:21:00.000Z","end":"2022-05-09T06:22:00.000Z"},"country":"United Kingdom","OPM":7,"Total_sales_vol":498.16999620199203,"rate_of_return":0.0}
{"window":{"start":"2022-05-06T01:16:00.000Z","end":"2022-05-06T01:17:00.000Z"},"country":"Germany","OPM":1,"Total_sales_vol":69.23000144958496,"rate_of_return":0.0}
{"window":{"start":"2022-05-09T05:18:00.000Z","end":"2022-05-09T05:19:00.000Z"},"country":"Spain","OPM":1,"Total_sales_vol":149.32999992370605,"rate_of_return":0.0}
{"window":{"start":"2022-05-05T21:34:00.000Z","end":"2022-05-05T21:35:00.000Z"},"country":"United Kingdom","OPM":13,"Total_sales_vol":817.0900017917156,"rate_of_return":0.0425531914893617}
{"window":{"start":"2022-05-07T02:14:00.000Z","end":"2022-05-07T02:15:00.000Z"},"country":"Germany","OPM":1,"Total_sales_vol":61.20999851822853,"rate_of_return":0.0}
{"window":{"start":"2022-05-09T15:12:00.000Z","end":"2022-05-09T15:13:00.000Z"},"country":"Switzerland","OPM":1,"Total_sales_vol":83.91999697685242,"rate_of_return":0.0}
{"window":{"start":"2022-05-09T17:33:00.000Z","end":"2022-05-09T17:34:00.000Z"},"country":"United Kingdom","OPM":5,"Total_sales_vol":-13.889998883008957,"rate_of_return":0.46153846153846156}
{"window":{"start":"2022-05-09T13:30:00.000Z","end":"2022-05-09T13:31:00.000Z"},"country":"EIRE","OPM":1,"Total_sales_vol":-24.75,"rate_of_return":1.0}
{"window":{"start":"2022-05-06T13:32:00.000Z","end":"2022-05-06T13:33:00.000Z"},"country":"France","OPM":1,"Total_sales_vol":73.07000279426575,"rate_of_return":0.0}
{"window":{"start":"2022-05-05T23:09:00.000Z","end":"2022-05-05T23:10:00.000Z"},"country":"EIRE","OPM":1,"Total_sales_vol":20.849998474121094,"rate_of_return":0.0}
{"window":{"start":"2022-05-09T04:06:00.000Z","end":"2022-05-09T04:07:00.000Z"},"country":"Denmark","OPM":1,"Total_sales_vol":45.84999907016754,"rate_of_return":0.0}
{"window":{"start":"2022-05-08T00:43:00.000Z","end":"2022-05-08T00:44:00.000Z"},"country":"France","OPM":1,"Total_sales_vol":45.079999923706055,"rate_of_return":0.0}
{"window":{"start":"2022-05-07T20:23:00.000Z","end":"2022-05-07T20:24:00.000Z"},"country":"United Kingdom","OPM":10,"Total_sales_vol":291.5300026535988,"rate_of_return":0.0}
{"window":{"start":"2022-05-10T10:33:00.000Z","end":"2022-05-10T10:34:00.000Z"},"country":"EIRE","OPM":1,"Total_sales_vol":56.89000132679939,"rate_of_return":0.0}
{"window":{"start":"2022-05-09T04:43:00.000Z","end":"2022-05-09T04:44:00.000Z"},"country":"Italy","OPM":1,"Total_sales_vol":67.3700045645237,"rate_of_return":0.0}
{"window":{"start":"2022-05-05T20:45:00.000Z","end":"2022-05-05T20:46:00.000Z"},"country":"United Kingdom","OPM":12,"Total_sales_vol":638.1999988555908,"rate_of_return":0.0}
{"window":{"start":"2022-05-08T17:51:00.000Z","end":"2022-05-08T17:52:00.000Z"},"country":"United Kingdom","OPM":9,"Total_sales_vol":1223.7299642562866,"rate_of_return":0.0}
{"window":{"start":"2022-05-10T04:49:00.000Z","end":"2022-05-10T04:50:00.000Z"},"country":"Italy","OPM":1,"Total_sales_vol":1078.4499745368958,"rate_of_return":0.0}
{"window":{"start":"2022-05-06T16:36:00.000Z","end":"2022-05-06T16:37:00.000Z"},"country":"France","OPM":1,"Total_sales_vol":60.85000079870224,"rate_of_return":0.0}
{"window":{"start":"2022-05-05T23:53:00.000Z","end":"2022-05-05T23:54:00.000Z"},"country":"United Kingdom","OPM":7,"Total_sales_vol":262.0099976658821,"rate_of_return":0.0}
{"window":{"start":"2022-05-08T17:07:00.000Z","end":"2022-05-08T17:08:00.000Z"},"country":"Norway","OPM":1,"Total_sales_vol":37.17999792098999,"rate_of_return":0.0}
{"window":{"start":"2022-05-09T13:59:00.000Z","end":"2022-05-09T14:00:00.000Z"},"country":"United Kingdom","OPM":7,"Total_sales_vol":178.78999537229538,"rate_of_return":0.0}
{"window":{"start":"2022-05-09T11:11:00.000Z","end":"2022-05-09T11:12:00.000Z"},"country":"EIRE","OPM":1,"Total_sales_vol":35.0699987411499,"rate_of_return":0.0}
{"window":{"start":"2022-05-08T18:50:00.000Z","end":"2022-05-08T18:51:00.000Z"},"country":"Spain","OPM":2,"Total_sales_vol":86.57999968528748,"rate_of_return":0.0}
{"window":{"start":"2022-05-09T22:32:00.000Z","end":"2022-05-09T22:33:00.000Z"},"country":"Switzerland","OPM":1,"Total_sales_vol":17.999999523162842,"rate_of_return":0.0}
{"window":{"start":"2022-05-06T07:21:00.000Z","end":"2022-05-06T07:22:00.000Z"},"country":"United Kingdom","OPM":9,"Total_sales_vol":708.2199972569942,"rate_of_return":0.0}
{"window":{"start":"2022-05-09T19:35:00.000Z","end":"2022-05-09T19:36:00.000Z"},"country":"United Kingdom","OPM":10,"Total_sales_vol":13963.710072517395,"rate_of_return":0.0}
{"window":{"start":"2022-05-07T11:04:00.000Z","end":"2022-05-07T11:05:00.000Z"},"country":"Canada","OPM":1,"Total_sales_vol":13.499999642372131,"rate_of_return":0.0}
{"window":{"start":"2022-05-09T04:14:00.000Z","end":"2022-05-09T04:15:00.000Z"},"country":"Channel Islands","OPM":1,"Total_sales_vol":119.36000061035156,"rate_of_return":0.0}
{"window":{"start":"2022-05-06T11:41:00.000Z","end":"2022-05-06T11:42:00.000Z"},"country":"United Kingdom","OPM":9,"Total_sales_vol":489.52000001072884,"rate_of_return":0.14285714285714285}
{"window":{"start":"2022-05-05T16:27:00.000Z","end":"2022-05-05T16:28:00.000Z"},"country":"United Kingdom","OPM":10,"Total_sales_vol":443.3799965530634,"rate_of_return":0.0}
{"window":{"start":"2022-05-05T17:24:00.000Z","end":"2022-05-05T17:25:00.000Z"},"country":"France","OPM":1,"Total_sales_vol":31.210000038146973,"rate_of_return":0.0}
{"window":{"start":"2022-05-05T18:02:00.000Z","end":"2022-05-05T18:03:00.000Z"},"country":"United Kingdom","OPM":11,"Total_sales_vol":1424.569976001978,"rate_of_return":0.05555555555555555}
{"window":{"start":"2022-05-07T13:44:00.000Z","end":"2022-05-07T13:45:00.000Z"},"country":"United Kingdom","OPM":9,"Total_sales_vol":406.19999837875366,"rate_of_return":0.09090909090909091}
{"window":{"start":"2022-05-07T07:17:00.000Z","end":"2022-05-07T07:18:00.000Z"},"country":"France","OPM":1,"Total_sales_vol":27.77999995648861,"rate_of_return":0.0}
{"window":{"start":"2022-05-09T02:40:00.000Z","end":"2022-05-09T02:41:00.000Z"},"country":"United Kingdom","OPM":10,"Total_sales_vol":339.31000077724457,"rate_of_return":0.0}
{"window":{"start":"2022-05-07T05:26:00.000Z","end":"2022-05-07T05:27:00.000Z"},"country":"France","OPM":1,"Total_sales_vol":21.679999828338623,"rate_of_return":0.0}
{"window":{"start":"2022-05-09T13:30:00.000Z","end":"2022-05-09T13:31:00.000Z"},"country":"United Kingdom","OPM":6,"Total_sales_vol":104.65999788045883,"rate_of_return":0.1111111111111111}
{"window":{"start":"2022-05-08T00:49:00.000Z","end":"2022-05-08T00:50:00.000Z"},"country":"United Kingdom","OPM":9,"Total_sales_vol":1320.1799828708172,"rate_of_return":0.0}
{"window":{"start":"2022-05-06T11:46:00.000Z","end":"2022-05-06T11:47:00.000Z"},"country":"Spain","OPM":1,"Total_sales_vol":27.600000381469727,"rate_of_return":0.0}
