{"window":{"start":"2022-05-09T01:52:00.000Z","end":"2022-05-09T01:53:00.000Z"},"country":"EIRE","OPM":1,"Total_sales_vol":12.480000019073486,"rate_of_return":0.0}
{"window":{"start":"2022-05-10T13:00:00.000Z","end":"2022-05-10T13:01:00.000Z"},"country":"United Kingdom","OPM":5,"Total_sales_vol":782.7799928486347,"rate_of_return":0.0}
{"window":{"start":"2022-05-07T11:24:00.000Z","end":"2022-05-07T11:25:00.000Z"},"country":"United Kingdom","OPM":11,"Total_sales_vol":422.9099971950054,"rate_of_return":0.1794871794871795}
{"window":{"start":"2022-05-09T01:38:00.000Z","end":"2022-05-09T01:39:00.000Z"},"country":"Portugal","OPM":1,"Total_sales_vol":4.25,"rate_of_return":0.0}
{"window":{"start":"2022-05-07T16:15:00.000Z","end":"2022-05-07T16:16:00.000Z"},"country":"Germany","OPM":1,"Total_sales_vol":22.46000027656555,"rate_of_return":0.0}
{"window":{"start":"2022-05-08T04:42:00.000Z","end":"2022-05-08T04:43:00.000Z"},"country":"United Kingdom","OPM":6,"Total_sales_vol":342.8799995779991,"rate_of_return":0.0}
{"window":{"start":"2022-05-06T19:41:00.000Z","end":"2022-05-06T19:42:00.000Z"},"country":"France","OPM":1,"Total_sales_vol":4.889999866485596,"rate_of_return":0.0}
{"window":{"start":"2022-05-06T07:31:00.000Z","end":"2022-05-06T07:32:00.000Z"},"country":"United Kingdom","OPM":7,"Total_sales_vol":964.7399989664555,"rate_of_return":0.0}
{"window":{"start":"2022-05-09T15:43:00.000Z","end":"2022-05-09T15:44:00.000Z"},"country":"France","OPM":1,"Total_sales_vol":22.5,"rate_of_return":0.0}
{"window":{"start":"2022-05-08T19:54:00.000Z","end":"2022-05-08T19:55:00.000Z"},"country":"United Kingdom","OPM":12,"Total_sales_vol":1011.8499909639359,"rate_of_return":0.0}
{"window":{"start":"2022-05-09T17:21:00.000Z","end":"2022-05-09T17:22:00.000Z"},"country":"United Kingdom","OPM":6,"Total_sales_vol":280.7399994134903,"rate_of_return":0.0}
{"window":{"start":"2022-05-06T20:59:00.000Z","end":"2022-05-06T21:00:00.000Z"},"country":"United Kingdom","OPM":10,"Total_sales_vol":1187.2399761974812,"rate_of_return":0.0}
{"window":{"start":"2022-05-08T13:17:00.000Z","end":"2022-05-08T13:18:00.000Z"},"country":"EIRE","OPM":1,"Total_sales_vol":335.46000361442566,"rate_of_return":0.0}
{"window":{"start":"2022-05-06T16:04:00.000Z","end":"2022-05-06T16:05:00.000Z"},"country":"Norway","OPM":1,"Total_sales_vol":49.91999816894531,"rate_of_return":0.0}
{"window":{"start":"2022-05-08T23:45:00.000Z","end":"2022-05-08T23:46:00.000Z"},"country":"Spain","OPM":1,"Total_sales_vol":240.2699991464615,"rate_of_return":0.0}
{"window":{"start":"2022-05-09T10:55:00.000Z","end":"2022-05-09T10:56:00.000Z"},"country":"United Kingdom","OPM":9,"Total_sales_vol":685.9199926257133,"rate_of_return":0.0}
{"window":{"start":"2022-05-06T01:46:00.000Z","end":"2022-05-06T01:47:00.000Z"},"country":"EIRE","OPM":1,"Total_sales_vol":86.64999794960022,"rate_of_return":0.0}
{"window":{"start":"2022-05-05T23:31:00.000Z","end":"2022-05-05T23:32:00.000Z"},"country":"EIRE","OPM":2,"Total_sales_vol":3.2100000381469727,"rate_of_return":0.0}
{"window":{"start":"2022-05-10T11:15:00.000Z","end":"2022-05-10T11:16:00.000Z"},"country":"EIRE","OPM":1,"Total_sales_vol":245.33000600337982,"rate_of_return":0.0}
{"window":{"start":"2022-05-07T23:44:00.000Z","end":"2022-05-07T23:45:00.000Z"},"country":"Austria","OPM":1,"Total_sales_vol":36.90999925136566,"rate_of_return":0.0}
{"window":{"start":"2022-05-05T18:35:00.000Z","end":"2022-05-05T18:36:00.000Z"},"country":"Germany","OPM":1,"Total_sales_vol":34.52999997138977,"rate_of_return":0.0}
{"window":{"start":"2022-05-09T03:28:00.000Z","end":"2022-05-09T03:29:00.000Z"},"country":"Netherlands","OPM":1,"Total_sales_vol":20.15999984741211,"rate_of_return":0.0}
{"window":{"start":"2022-05-05T18:57:00.000Z","end":"2022-05-05T18:58:00.000Z"},"country":"United Kingdom","OPM":11,"Total_sales_vol":360.2400043308735,"rate_of_return":0.0}
{"window":{"start":"2022-05-10T06:33:00.000Z","end":"2022-05-10T06:34:00.000Z"},"country":"Germany","OPM":1,"Total_sales_vol":23.20999962091446,"rate_of_return":0.0}
{"window":{"start":"2022-05-07T09:13:00.000Z","end":"2022-05-07T09:14:00.000Z"},"country":"France","OPM":1,"Total_sales_vol":1750.0,"rate_of_return":0.0}
{"window":{"start":"2022-05-09T02:15:00.000Z","end":"2022-05-09T02:16:00.000Z"},"country":"United Kingdom","OPM":1,"Total_sales_vol":151.43999814987183,"rate_of_return":0.0}
{"window":{"start":"2022-05-07T00:57:00.000Z","end":"2022-05-07T00:58:00.000Z"},"country":"Netherlands","OPM":1,"Total_sales_vol":117.72999930381775,"rate_of_return":0.0}
{"window":{"start":"2022-05-07T21:21:00.000Z","end":"2022-05-07T21:22:00.000Z"},"country":"EIRE","OPM":1,"Total_sales_vol":-21.050000190734863,"rate_of_return":1.0}
{"window":{"start":"2022-05-09T03:03:00.000Z","end":"2022-05-09T03:04:00.000Z"},"country":"United Kingdom","OPM":6,"Total_sales_vol":1036.890025138855,"rate_of_return":0.034482758620689655}
{"window":{"start":"2022-05-06T18:55:00.000Z","end":"2022-05-06T18:56:00.000Z"},"country":"EIRE","OPM":1,"Total_sales_vol":7.879999995231628,"rate_of_return":0.0}
{"window":{"start":"2022-05-07T01:55:00.000Z","end":"2022-05-07T01:56:00.000Z"},"country":"United Kingdom","OPM":15,"Total_sales_vol":1290.6999885439873,"rate_of_return":0.0}
{"window":{"start":"2022-05-07T06:31:00.000Z","end":"2022-05-07T06:32:00.000Z"},"country":"United Kingdom","OPM":11,"Total_sales_vol":625.7800000905991,"rate_of_return":0.0}
{"window":{"start":"2022-05-10T00:39:00.000Z","end":"2022-05-10T00:40:00.000Z"},"country":"United Kingdom","OPM":7,"Total_sales_vol":221.14999866485596,"rate_of_return":0.0}
{"window":{"start":"2022-05-07T21:51:00.000Z","end":"2022-05-07T21:52:00.000Z"},"country":"United Kingdom","OPM":6,"Total_sales_vol":204.59000277519226,"rate_of_return":0.09523809523809523}
{"window":{"start":"2022-05-08T07:17:00.000Z","end":"2022-05-08T07:18:00.000Z"},"country":"EIRE","OPM":1,"Total_sales_vol":18.149999856948853,"rate_of_return":0.0}
{"window":{"start":"2022-05-08T07:43:00.000Z","end":"2022-05-08T07:44:00.000Z"},"country":"United Kingdom","OPM":5,"Total_sales_vol":108.88999485969543,"rate_of_return":0.14285714285714285}
{"window":{"start":"2022-05-09T06:08:00.000Z","end":"2022-05-09T06:09:00.000Z"},"country":"United Kingdom","OPM":4,"Total_sales_vol":83.05000042915344,"rate_of_return":0.0}
{"window":{"start":"2022-05-08T20:51:00.000Z","end":"2022-05-08T20:52:00.000Z"},"country":"United Kingdom","OPM":6,"Total_sales_vol":2227.1099279522896,"rate_of_return":0.0}
{"window":{"start":"2022-05-09T18:33:00.000Z","end":"2022-05-09T18:34:00.000Z"},"country":"United Kingdom","OPM":6,"Total_sales_vol":197.73000025749207,"rate_of_return":0.0}
{"window":{"start":"2022-05-06T02:08:00.000Z","end":"2022-05-06T02:09:00.000Z"},"country":"United Kingdom","OPM":14,"Total_sales_vol":1584.7299906611443,"rate_of_return":0.04}
{"window":{"start":"2022-05-08T19:34:00.000Z","end":"2022-05-08T19:35:00.000Z"},"country":"France","OPM":1,"Total_sales_vol":9.790000200271606,"rate_of_return":0.0}
{"window":{"start":"2022-05-08T23:11:00.000Z","end":"2022-05-08T23:12:00.000Z"},"country":"United Kingdom","OPM":14,"Total_sales_vol":730.8599947690964,"rate_of_return":0.021739130434782608}
{"window":{"start":"2022-05-08T22:33:00.000Z","end":"2022-05-08T22:34:00.000Z"},"country":"France","OPM":1,"Total_sales_vol":59.90000295639038,"rate_of_return":0.0}
{"window":{"start":"2022-05-08T13:06:00.000Z","end":"2022-05-08T13:07:00.000Z"},"country":"Germany","OPM":2,"Total_sales_vol":317.4499920606613,"rate_of_return":0.0}
{"window":{"start":"2022-05-07T14:49:00.000Z","end":"2022-05-07T14:50:00.000Z"},"country":"United Kingdom","OPM":14,"Total_sales_vol":3479.6199991106987,"rate_of_return":0.0}
{"window":{"start":"2022-05-06T22:48:00.000Z","end":"2022-05-06T22:49:00.000Z"},"country":"United Kingdom","OPM":10,"Total_sales_vol":-60.35998684167862,"rate_of_return":0.32432432432432434}
{"window":{"start":"2022-05-06T08:30:00.000Z","end":"2022-05-06T08:31:00.000Z"},"country":"United Kingdom","OPM":7,"Total_sales_vol":82.11999577283859,"rate_of_return":0.2}
{"window":{"start":"2022-05-08T22:55:00.000Z","end":"2022-05-08T22:56:00.000Z"},"country":"United Kingdom","OPM":11,"Total_sales_vol":429.2399952709675,"rate_of_return":0.07142857142857142}
{"window":{"start":"2022-05-08T22:02:00.000Z","end":"2022-05-08T22:03:00.000Z"},"country":"Germany","OPM":1,"Total_sales_vol":50.75000178813934,"rate_of_return":0.0}
{"window":{"start":"2022-05-09T01:45:00.000Z","end":"2022-05-09T01:46:00.000Z"},"country":"Netherlands","OPM":1,"Total_sales_vol":79.9499979019165,"rate_of_return":0.0}
{"window":{"start":"2022-05-09T11:57:00.000Z","end":"2022-05-09T11:58:00.000Z"},"country":"United Kingdom","OPM":9,"Total_sales_vol":372.84999454021454,"rate_of_return":0.1}
{"window":{"start":"2022-05-09T03:41:00.000Z","end":"2022-05-09T03:42:00.000Z"},"country":"Germany","OPM":2,"Total_sales_vol":100.94999992847443,"rate_of_return":0.0}
{"window":{"start":"2022-05-06T19:00:00.000Z","end":"2022-05-06T19:01:00.000Z"},"country":"United Kingdom","OPM":8,"Total_sales_vol":398.960001796484,"rate_of_return":0.0}
{"window":{"start":"2022-05-09T14:59:00.000Z","end":"2022-05-09T15:00:00.000Z"},"country":"United Kingdom","OPM":10,"Total_sales_vol":338.4599994421005,"rate_of_return":0.0}
{"window":{"start":"2022-05-08T13:50:00.000Z","end":"2022-05-08T13:51:00.000Z"},"country":"Netherlands","OPM":1,"Total_sales_vol":-13.529999613761902,"rate_of_return":1.0}
