{"window":{"start":"2022-05-06T00:55:00.000Z","end":"2022-05-06T00:56:00.000Z"},"country":"United Kingdom","OPM":7,"Total_sales_vol":1094.8800213634968,"rate_of_return":0.0}
{"window":{"start":"2022-05-09T11:41:00.000Z","end":"2022-05-09T11:42:00.000Z"},"country":"France","OPM":1,"Total_sales_vol":21.83000087738037,"rate_of_return":0.0}
{"window":{"start":"2022-05-07T19:26:00.000Z","end":"2022-05-07T19:27:00.000Z"},"country":"United Kingdom","OPM":9,"Total_sales_vol":662.6699766814709,"rate_of_return":0.0}
{"window":{"start":"2022-05-06T03:56:00.000Z","end":"2022-05-06T03:57:00.000Z"},"country":"United Kingdom","OPM":11,"Total_sales_vol":442.7499978542328,"rate_of_return":0.0}
{"window":{"start":"2022-05-09T10:33:00.000Z","end":"2022-05-09T10:34:00.000Z"},"country":"France","OPM":1,"Total_sales_vol":83.18000030517578,"rate_of_return":0.0}
{"window":{"start":"2022-05-08T19:17:00.000Z","end":"2022-05-08T19:18:00.000Z"},"country":"Cyprus","OPM":1,"Total_sales_vol":5.789999961853027,"rate_of_return":0.0}
{"window":{"start":"2022-05-07T01:32:00.000Z","end":"2022-05-07T01:33:00.000Z"},"country":"United Kingdom","OPM":8,"Total_sales_vol":1147.9700424671173,"rate_of_return":0.0}
{"window":{"start":"2022-05-06T02:42:00.000Z","end":"2022-05-06T02:43:00.000Z"},"country":"United Kingdom","OPM":4,"Total_sales_vol":305.3999903202057,"rate_of_return":0.0}
{"window":{"start":"2022-05-07T17:58:00.000Z","end":"2022-05-07T17:59:00.000Z"},"country":"United Kingdom","OPM":8,"Total_sales_vol":202.02999168634415,"rate_of_return":0.34782608695652173}
{"window":{"start":"2022-05-07T13:05:00.000Z","end":"2022-05-07T13:06:00.000Z"},"country":"Netherlands","OPM":1,"Total_sales_vol":4.25,"rate_of_return":0.0}
{"window":{"start":"2022-05-09T14:32:00.000Z","end":"2022-05-09T14:33:00.000Z"},"country":"Switzerland","OPM":1,"Total_sales_vol":17.75,"rate_of_return":0.0}
{"window":{"start":"2022-05-08T06:07:00.000Z","end":"2022-05-08T06:08:00.000Z"},"country":"United Kingdom","OPM":10,"Total_sales_vol":348.50999902933836,"rate_of_return":0.0}
{"window":{"start":"2022-05-10T13:03:00.000Z","end":"2022-05-10T13:04:00.000Z"},"country":"United Kingdom","OPM":12,"Total_sales_vol":914.9400049448013,"rate_of_return":0.0}
{"window":{"start":"2022-05-09T10:25:00.000Z","end":"2022-05-09T10:26:00.000Z"},"country":"United Kingdom","OPM":6,"Total_sales_vol":1108.5799988508224,"rate_of_return":0.3888888888888889}
{"window":{"start":"2022-05-09T04:02:00.000Z","end":"2022-05-09T04:03:00.000Z"},"country":"United Kingdom","OPM":4,"Total_sales_vol":114.54999732971191,"rate_of_return":0.0}
{"window":{"start":"2022-05-07T04:37:00.000Z","end":"2022-05-07T04:38:00.000Z"},"country":"United Kingdom","OPM":14,"Total_sales_vol":550.0099995732307,"rate_of_return":0.15217391304347827}
{"window":{"start":"2022-05-08T19:44:00.000Z","end":"2022-05-08T19:45:00.000Z"},"country":"United Kingdom","OPM":3,"Total_sales_vol":73.33000135421753,"rate_of_return":0.0}
{"window":{"start":"2022-05-06T19:02:00.000Z","end":"2022-05-06T19:03:00.000Z"},"country":"United Kingdom","OPM":5,"Total_sales_vol":226.09999895095825,"rate_of_return":0.06666666666666667}
{"window":{"start":"2022-05-08T17:59:00.000Z","end":"2022-05-08T18:00:00.000Z"},"country":"EIRE","OPM":1,"Total_sales_vol":5.900000095367432,"rate_of_return":0.0}
{"window":{"start":"2022-05-08T21:45:00.000Z","end":"2022-05-08T21:46:00.000Z"},"country":"United Kingdom","OPM":6,"Total_sales_vol":259.4499977827072,"rate_of_return":0.0}
{"window":{"start":"2022-05-09T04:04:00.000Z","end":"2022-05-09T04:05:00.000Z"},"country":"France","OPM":1,"Total_sales_vol":27.959999084472656,"rate_of_return":0.0}
{"window":{"start":"2022-05-06T19:15:00.000Z","end":"2022-05-06T19:16:00.000Z"},"country":"EIRE","OPM":1,"Total_sales_vol":36.109999895095825,"rate_of_return":0.0}
{"window":{"start":"2022-05-09T21:21:00.000Z","end":"2022-05-09T21:22:00.000Z"},"country":"France","OPM":1,"Total_sales_vol":39.91999816894531,"rate_of_return":0.0}
{"window":{"start":"2022-05-08T07:08:00.000Z","end":"2022-05-08T07:09:00.000Z"},"country":"Germany","OPM":1,"Total_sales_vol":39.47999954223633,"rate_of_return":0.0}
{"window":{"start":"2022-05-08T14:35:00.000Z","end":"2022-05-08T14:36:00.000Z"},"country":"United Kingdom","OPM":2,"Total_sales_vol":52.92999994754791,"rate_of_return":0.0}
{"window":{"start":"2022-05-06T06:52:00.000Z","end":"2022-05-06T06:53:00.000Z"},"country":"United Kingdom","OPM":10,"Total_sales_vol":386.4600065946579,"rate_of_return":0.0}
{"window":{"start":"2022-05-07T22:13:00.000Z","end":"2022-05-07T22:14:00.000Z"},"country":"France","OPM":1,"Total_sales_vol":-20.87999951839447,"rate_of_return":1.0}
{"window":{"start":"2022-05-07T21:50:00.000Z","end":"2022-05-07T21:51:00.000Z"},"country":"United Kingdom","OPM":11,"Total_sales_vol":702.6600039303303,"rate_of_return":0.0}
{"window":{"start":"2022-05-10T07:48:00.000Z","end":"2022-05-10T07:49:00.000Z"},"country":"United Kingdom","OPM":6,"Total_sales_vol":441.7599992752075,"rate_of_return":0.0}
{"window":{"start":"2022-05-08T10:32:00.000Z","end":"2022-05-08T10:33:00.000Z"},"country":"Finland","OPM":1,"Total_sales_vol":11.210000276565552,"rate_of_return":0.0}
{"window":{"start":"2022-05-09T21:16:00.000Z","end":"2022-05-09T21:17:00.000Z"},"country":"EIRE","OPM":1,"Total_sales_vol":19.360000729560852,"rate_of_return":0.0}
{"window":{"start":"2022-05-09T23:29:00.000Z","end":"2022-05-09T23:30:00.000Z"},"country":"United Kingdom","OPM":7,"Total_sales_vol":1644.7400034964085,"rate_of_return":0.0}
{"window":{"start":"2022-05-08T16:18:00.000Z","end":"2022-05-08T16:19:00.000Z"},"country":"United Kingdom","OPM":14,"Total_sales_vol":1083.0599925518036,"rate_of_return":0.0}
{"window":{"start":"2022-05-10T12:04:00.000Z","end":"2022-05-10T12:05:00.000Z"},"country":"United Kingdom","OPM":12,"Total_sales_vol":804.8899836540222,"rate_of_return":0.24324324324324326}
{"window":{"start":"2022-05-10T00:31:00.000Z","end":"2022-05-10T00:32:00.000Z"},"country":"Switzerland","OPM":1,"Total_sales_vol":87.13999903202057,"rate_of_return":0.0}
{"window":{"start":"2022-05-08T00:04:00.000Z","end":"2022-05-08T00:05:00.000Z"},"country":"Portugal","OPM":1,"Total_sales_vol":49.560001373291016,"rate_of_return":0.0}
{"window":{"start":"2022-05-07T20:28:00.000Z","end":"2022-05-07T20:29:00.000Z"},"country":"United Kingdom","OPM":11,"Total_sales_vol":1087.4600003957748,"rate_of_return":0.02631578947368421}
{"window":{"start":"2022-05-10T01:14:00.000Z","end":"2022-05-10T01:15:00.000Z"},"country":"Spain","OPM":1,"Total_sales_vol":135.57999807596207,"rate_of_return":0.0}
{"window":{"start":"2022-05-08T00:02:00.000Z","end":"2022-05-08T00:03:00.000Z"},"country":"Norway","OPM":1,"Total_sales_vol":15.299999237060547,"rate_of_return":0.0}
{"window":{"start":"2022-05-08T14:09:00.000Z","end":"2022-05-08T14:10:00.000Z"},"country":"United Kingdom","OPM":4,"Total_sales_vol":80.55999946594238,"rate_of_return":0.2}
{"window":{"start":"2022-05-09T21:44:00.000Z","end":"2022-05-09T21:45:00.000Z"},"country":"United Kingdom","OPM":11,"Total_sales_vol":335.65998792648315,"rate_of_return":0.07142857142857142}
{"window":{"start":"2022-05-06T16:01:00.000Z","end":"2022-05-06T16:02:00.000Z"},"country":"United Kingdom","OPM":9,"Total_sales_vol":265.3500046133995,"rate_of_return":0.3235294117647059}
{"window":{"start":"2022-05-06T01:50:00.000Z","end":"2022-05-06T01:51:00.000Z"},"country":"United Kingdom","OPM":9,"Total_sales_vol":649.6800035834312,"rate_of_return":0.0}
{"window":{"start":"2022-05-05T17:28:00.000Z","end":"2022-05-05T17:29:00.000Z"},"country":"Germany","OPM":1,"Total_sales_vol":29.400001049041748,"rate_of_return":0.0}
{"window":{"start":"2022-05-06T18:26:00.000Z","end":"2022-05-06T18:27:00.000Z"},"country":"Belgium","OPM":1,"Total_sales_vol":-23.449999809265137,"rate_of_return":1.0}
{"window":{"start":"2022-05-07T14:24:00.000Z","end":"2022-05-07T14:25:00.000Z"},"country":"United Kingdom","OPM":11,"Total_sales_vol":304.94999772310257,"rate_of_return":0.0}
{"window":{"start":"2022-05-06T05:43:00.000Z","end":"2022-05-06T05:44:00.000Z"},"country":"United Kingdom","OPM":8,"Total_sales_vol":401.0800062417984,"rate_of_return":0.17857142857142858}
{"window":{"start":"2022-05-09T14:34:00.000Z","end":"2022-05-09T14:35:00.000Z"},"country":"United Kingdom","OPM":7,"Total_sales_vol":745.6799938082695,"rate_of_return":0.0}
{"window":{"start":"2022-05-08T13:06:00.000Z","end":"2022-05-08T13:07:00.000Z"},"country":"United Kingdom","OPM":12,"Total_sales_vol":683.3799884617329,"rate_of_return":0.16666666666666666}
{"window":{"start":"2022-05-09T08:31:00.000Z","end":"2022-05-09T08:32:00.000Z"},"country":"United Kingdom","OPM":4,"Total_sales_vol":244.60999965667725,"rate_of_return":0.0}
{"window":{"start":"2022-05-08T22:39:00.000Z","end":"2022-05-08T22:40:00.000Z"},"country":"Spain","OPM":1,"Total_sales_vol":0.7900000214576721,"rate_of_return":0.0}
{"window":{"start":"2022-05-10T04:24:00.000Z","end":"2022-05-10T04:25:00.000Z"},"country":"United Kingdom","OPM":13,"Total_sales_vol":531.9200001955032,"rate_of_return":0.0}
{"window":{"start":"2022-05-07T16:31:00.000Z","end":"2022-05-07T16:32:00.000Z"},"country":"EIRE","OPM":1,"Total_sales_vol":31.899999618530273,"rate_of_return":0.0}
{"window":{"start":"2022-05-05T22:57:00.000Z","end":"2022-05-05T22:58:00.000Z"},"country":"United Kingdom","OPM":6,"Total_sales_vol":476.0199900865555,"rate_of_return":0.0}
{"window":{"start":"2022-05-06T22:54:00.000Z","end":"2022-05-06T22:55:00.000Z"},"country":"Switzerland","OPM":1,"Total_sales_vol":102.99999618530273,"rate_of_return":0.0}
{"window":{"start":"2022-05-08T00:59:00.000Z","end":"2022-05-08T01:00:00.000Z"},"country":"EIRE","OPM":2,"Total_sales_vol":-103.8300017118454,"rate_of_return":0.6}
{"window":{"start":"2022-05-06T00:40:00.000Z","end":"2022-05-06T00:41:00.000Z"},"country":"Spain","OPM":1,"Total_sales_vol":-606.0000005960464,"rate_of_return":1.0}
{"window":{"start":"2022-05-07T20:18:00.000Z","end":"2022-05-07T20:19:00.000Z"},"country":"United Kingdom","OPM":11,"Total_sales_vol":864.5399817228317,"rate_of_return":0.0}
{"window":{"start":"2022-05-10T08:04:00.000Z","end":"2022-05-10T08:05:00.000Z"},"country":"United Kingdom","OPM":13,"Total_sales_vol":596.5999944210052,"rate_of_return":0.0}
{"window":{"start":"2022-05-07T08:02:00.000Z","end":"2022-05-07T08:03:00.000Z"},"country":"Spain","OPM":1,"Total_sales_vol":15.510000109672546,"rate_of_return":0.0}
