{"window":{"start":"2022-05-07T01:03:00.000Z","end":"2022-05-07T01:04:00.000Z"},"country":"France","OPM":1,"Total_sales_vol":10.829999923706055,"rate_of_return":0.0}
{"window":{"start":"2022-05-06T15:56:00.000Z","end":"2022-05-06T15:57:00.000Z"},"country":"United Kingdom","OPM":10,"Total_sales_vol":499.6200004220009,"rate_of_return":0.0}
{"window":{"start":"2022-05-08T09:45:00.000Z","end":"2022-05-08T09:46:00.000Z"},"country":"United Kingdom","OPM":12,"Total_sales_vol":986.1899963617325,"rate_of_return":0.0}
{"window":{"start":"2022-05-07T08:59:00.000Z","end":"2022-05-07T09:00:00.000Z"},"country":"United Kingdom","OPM":5,"Total_sales_vol":197.5100018978119,"rate_of_return":0.0}
{"window":{"start":"2022-05-08T04:03:00.000Z","end":"2022-05-08T04:04:00.000Z"},"country":"EIRE","OPM":1,"Total_sales_vol":11.48000031709671,"rate_of_return":0.0}
{"window":{"start":"2022-05-05T22:37:00.000Z","end":"2022-05-05T22:38:00.000Z"},"country":"Spain","OPM":1,"Total_sales_vol":7.649999618530273,"rate_of_return":0.0}
{"window":{"start":"2022-05-10T10:38:00.000Z","end":"2022-05-10T10:39:00.000Z"},"country":"United Kingdom","OPM":13,"Total_sales_vol":491.9599966406822,"rate_of_return":0.0}
{"window":{"start":"2022-05-09T10:38:00.000Z","end":"2022-05-09T10:39:00.000Z"},"country":"EIRE","OPM":1,"Total_sales_vol":57.679999232292175,"rate_of_return":0.0}
{"window":{"start":"2022-05-08T12:18:00.000Z","end":"2022-05-08T12:19:00.000Z"},"country":"Germany","OPM":1,"Total_sales_vol":1.2599999904632568,"rate_of_return":0.0}
{"window":{"start":"2022-05-07T15:42:00.000Z","end":"2022-05-07T15:43:00.000Z"},"country":"United Kingdom","OPM":9,"Total_sales_vol":446.6199972629547,"rate_of_return":0.0}
{"window":{"start":"2022-05-08T05:41:00.000Z","end":"2022-05-08T05:42:00.000Z"},"country":"EIRE","OPM":1,"Total_sales_vol":91.3799986243248,"rate_of_return":0.0}
{"window":{"start":"2022-05-09T01:42:00.000Z","end":"2022-05-09T01:43:00.000Z"},"country":"United Kingdom","OPM":19,"Total_sales_vol":886.360010266304,"rate_of_return":0.1267605633802817}
{"window":{"start":"2022-05-07T19:05:00.000Z","end":"2022-05-07T19:06:00.000Z"},"country":"United Kingdom","OPM":5,"Total_sales_vol":178.30000007152557,"rate_of_return":0.0}
{"window":{"start":"2022-05-07T07:29:00.000Z","end":"2022-05-07T07:30:00.000Z"},"country":"United Kingdom","OPM":7,"Total_sales_vol":257.56999748945236,"rate_of_return":0.30303030303030304}
{"window":{"start":"2022-05-09T15:28:00.000Z","end":"2022-05-09T15:29:00.000Z"},"country":"United Kingdom","OPM":12,"Total_sales_vol":646.3000131547451,"rate_of_return":0.11627906976744186}
{"window":{"start":"2022-05-10T11:37:00.000Z","end":"2022-05-10T11:38:00.000Z"},"country":"United Kingdom","OPM":15,"Total_sales_vol":983.9600043296814,"rate_of_return":0.0}
{"window":{"start":"2022-05-05T17:03:00.000Z","end":"2022-05-05T17:04:00.000Z"},"country":"United Kingdom","OPM":9,"Total_sales_vol":199.0900000333786,"rate_of_return":0.09523809523809523}
{"window":{"start":"2022-05-06T16:12:00.000Z","end":"2022-05-06T16:13:00.000Z"},"country":"United Kingdom","OPM":10,"Total_sales_vol":558.3800082206726,"rate_of_return":0.0}
{"window":{"start":"2022-05-08T03:38:00.000Z","end":"2022-05-08T03:39:00.000Z"},"country":"EIRE","OPM":1,"Total_sales_vol":11.789999842643738,"rate_of_return":0.0}
{"window":{"start":"2022-05-07T15:13:00.000Z","end":"2022-05-07T15:14:00.000Z"},"country":"Belgium","OPM":1,"Total_sales_vol":45.68000057339668,"rate_of_return":0.0}
{"window":{"start":"2022-05-08T09:25:00.000Z","end":"2022-05-08T09:26:00.000Z"},"country":"United Kingdom","OPM":10,"Total_sales_vol":185.7099986076355,"rate_of_return":0.21739130434782608}
{"window":{"start":"2022-05-09T14:05:00.000Z","end":"2022-05-09T14:06:00.000Z"},"country":"Finland","OPM":1,"Total_sales_vol":-8.399999618530273,"rate_of_return":1.0}
{"window":{"start":"2022-05-09T23:16:00.000Z","end":"2022-05-09T23:17:00.000Z"},"country":"United Kingdom","OPM":11,"Total_sales_vol":987.0000066161156,"rate_of_return":0.0}
{"window":{"start":"2022-05-10T00:28:00.000Z","end":"2022-05-10T00:29:00.000Z"},"country":"United Kingdom","OPM":5,"Total_sales_vol":475.41999688744545,"rate_of_return":0.0}
{"window":{"start":"2022-05-09T15:33:00.000Z","end":"2022-05-09T15:34:00.000Z"},"country":"EIRE","OPM":2,"Total_sales_vol":151.11999416351318,"rate_of_return":0.0}
{"window":{"start":"2022-05-05T18:44:00.000Z","end":"2022-05-05T18:45:00.000Z"},"country":"United Kingdom","OPM":10,"Total_sales_vol":719.3299879431725,"rate_of_return":0.0}
{"window":{"start":"2022-05-08T23:48:00.000Z","end":"2022-05-08T23:49:00.000Z"},"country":"United Kingdom","OPM":10,"Total_sales_vol":1345.5100015997887,"rate_of_return":0.0}
{"window":{"start":"2022-05-09T18:29:00.000Z","end":"2022-05-09T18:30:00.000Z"},"country":"France","OPM":1,"Total_sales_vol":91.41999816894531,"rate_of_return":0.0}
{"window":{"start":"2022-05-08T08:42:00.000Z","end":"2022-05-08T08:43:00.000Z"},"country":"United Kingdom","OPM":14,"Total_sales_vol":816.1199936270714,"rate_of_return":0.0}
{"window":{"start":"2022-05-10T03:00:00.000Z","end":"2022-05-10T03:01:00.000Z"},"country":"United Kingdom","OPM":11,"Total_sales_vol":817.8999924659729,"rate_of_return":0.0}
{"window":{"start":"2022-05-06T17:31:00.000Z","end":"2022-05-06T17:32:00.000Z"},"country":"Portugal","OPM":1,"Total_sales_vol":15.930000305175781,"rate_of_return":0.0}
{"window":{"start":"2022-05-08T17:30:00.000Z","end":"2022-05-08T17:31:00.000Z"},"country":"United Kingdom","OPM":11,"Total_sales_vol":883.8900021016598,"rate_of_return":0.13793103448275862}
{"window":{"start":"2022-05-08T00:04:00.000Z","end":"2022-05-08T00:05:00.000Z"},"country":"Germany","OPM":1,"Total_sales_vol":384.98999404907227,"rate_of_return":0.0}
{"window":{"start":"2022-05-10T02:46:00.000Z","end":"2022-05-10T02:47:00.000Z"},"country":"United Kingdom","OPM":3,"Total_sales_vol":139.64999914169312,"rate_of_return":0.0}
{"window":{"start":"2022-05-05T22:13:00.000Z","end":"2022-05-05T22:14:00.000Z"},"country":"United Kingdom","OPM":12,"Total_sales_vol":730.510002464056,"rate_of_return":0.022727272727272728}
{"window":{"start":"2022-05-06T19:45:00.000Z","end":"2022-05-06T19:46:00.000Z"},"country":"United Kingdom","OPM":10,"Total_sales_vol":394.19999182224274,"rate_of_return":0.0967741935483871}
{"window":{"start":"2022-05-09T00:46:00.000Z","end":"2022-05-09T00:47:00.000Z"},"country":"United Kingdom","OPM":9,"Total_sales_vol":333.01000475883484,"rate_of_return":0.12121212121212122}
{"window":{"start":"2022-05-06T22:13:00.000Z","end":"2022-05-06T22:14:00.000Z"},"country":"United Kingdom","OPM":15,"Total_sales_vol":2036.189935773611,"rate_of_return":0.030303030303030304}
{"window":{"start":"2022-05-07T02:31:00.000Z","end":"2022-05-07T02:32:00.000Z"},"country":"United Kingdom","OPM":9,"Total_sales_vol":788.0399975776672,"rate_of_return":0.0}
{"window":{"start":"2022-05-08T10:54:00.000Z","end":"2022-05-08T10:55:00.000Z"},"country":"United Kingdom","OPM":9,"Total_sales_vol":515.1800066232681,"rate_of_return":0.0}
{"window":{"start":"2022-05-08T14:24:00.000Z","end":"2022-05-08T14:25:00.000Z"},"country":"United Kingdom","OPM":3,"Total_sales_vol":213.24999690055847,"rate_of_return":0.0}
{"window":{"start":"2022-05-08T20:18:00.000Z","end":"2022-05-08T20:19:00.000Z"},"country":"Netherlands","OPM":1,"Total_sales_vol":20.400001525878906,"rate_of_return":0.0}
{"window":{"start":"2022-05-10T08:49:00.000Z","end":"2022-05-10T08:50:00.000Z"},"country":"EIRE","OPM":1,"Total_sales_vol":228.3399965763092,"rate_of_return":0.0}
{"window":{"start":"2022-05-09T02:19:00.000Z","end":"2022-05-09T02:20:00.000Z"},"country":"EIRE","OPM":1,"Total_sales_vol":28.260000228881836,"rate_of_return":0.0}
{"window":{"start":"2022-05-07T23:39:00.000Z","end":"2022-05-07T23:40:00.000Z"},"country":"United Kingdom","OPM":7,"Total_sales_vol":578.1300024092197,"rate_of_return":0.0}
{"window":{"start":"2022-05-10T00:30:00.000Z","end":"2022-05-10T00:31:00.000Z"},"country":"EIRE","OPM":1,"Total_sales_vol":24.069999933242798,"rate_of_return":0.0}
{"window":{"start":"2022-05-06T15:20:00.000Z","end":"2022-05-06T15:21:00.000Z"},"country":"United Kingdom","OPM":4,"Total_sales_vol":203.4299999475479,"rate_of_return":0.0625}
{"window":{"start":"2022-05-06T09:14:00.000Z","end":"2022-05-06T09:15:00.000Z"},"country":"United Kingdom","OPM":6,"Total_sales_vol":447.5200064778328,"rate_of_return":0.0}
{"window":{"start":"2022-05-09T15:10:00.000Z","end":"2022-05-09T15:11:00.000Z"},"country":"Spain","OPM":2,"Total_sales_vol":62.3999981880188,"rate_of_return":0.0}
{"window":{"start":"2022-05-07T09:07:00.000Z","end":"2022-05-07T09:08:00.000Z"},"country":"United Kingdom","OPM":13,"Total_sales_vol":911.000000834465,"rate_of_return":0.075}
{"window":{"start":"2022-05-07T18:54:00.000Z","end":"2022-05-07T18:55:00.000Z"},"country":"United Kingdom","OPM":5,"Total_sales_vol":83.30999803543091,"rate_of_return":0.16666666666666666}
{"window":{"start":"2022-05-07T05:45:00.000Z","end":"2022-05-07T05:46:00.000Z"},"country":"Norway","OPM":1,"Total_sales_vol":3.8500000834465027,"rate_of_return":0.0}
{"window":{"start":"2022-05-06T00:53:00.000Z","end":"2022-05-06T00:54:00.000Z"},"country":"United Kingdom","OPM":7,"Total_sales_vol":711.7800136804581,"rate_of_return":0.0}
{"window":{"start":"2022-05-07T20:39:00.000Z","end":"2022-05-07T20:40:00.000Z"},"country":"EIRE","OPM":1,"Total_sales_vol":4.949999809265137,"rate_of_return":0.0}
{"window":{"start":"2022-05-06T00:04:00.000Z","end":"2022-05-06T00:05:00.000Z"},"country":"United Kingdom","OPM":4,"Total_sales_vol":941.9299979507923,"rate_of_return":0.0}
{"window":{"start":"2022-05-09T06:34:00.000Z","end":"2022-05-09T06:35:00.000Z"},"country":"United Kingdom","OPM":7,"Total_sales_vol":455.9599999189377,"rate_of_return":0.0}
{"window":{"start":"2022-05-07T07:34:00.000Z","end":"2022-05-07T07:35:00.000Z"},"country":"United Kingdom","OPM":11,"Total_sales_vol":412.18000769615173,"rate_of_return":0.0}
{"window":{"start":"2022-05-06T08:20:00.000Z","end":"2022-05-06T08:21:00.000Z"},"country":"United Kingdom","OPM":5,"Total_sales_vol":161.27000251412392,"rate_of_return":0.2222222222222222}
{"window":{"start":"2022-05-09T10:20:00.000Z","end":"2022-05-09T10:21:00.000Z"},"country":"United Kingdom","OPM":8,"Total_sales_vol":954.1899813711643,"rate_of_return":0.0}
{"window":{"start":"2022-05-08T21:46:00.000Z","end":"2022-05-08T21:47:00.000Z"},"country":"United Kingdom","OPM":6,"Total_sales_vol":117.74999284744263,"rate_of_return":0.16666666666666666}
