{"window":{"start":"2022-05-08T19:57:00.000Z","end":"2022-05-08T19:58:00.000Z"},"country":"United Kingdom","OPM":11,"Total_sales_vol":561.5799928307533,"rate_of_return":0.0}
{"window":{"start":"2022-05-07T07:47:00.000Z","end":"2022-05-07T07:48:00.000Z"},"country":"United Kingdom","OPM":12,"Total_sales_vol":1016.7499928474426,"rate_of_return":0.0}
{"window":{"start":"2022-05-07T01:26:00.000Z","end":"2022-05-07T01:27:00.000Z"},"country":"EIRE","OPM":1,"Total_sales_vol":30.849998950958252,"rate_of_return":0.0}
{"window":{"start":"2022-05-06T01:00:00.000Z","end":"2022-05-06T01:01:00.000Z"},"country":"EIRE","OPM":1,"Total_sales_vol":12.59999942779541,"rate_of_return":0.0}
{"window":{"start":"2022-05-08T20:57:00.000Z","end":"2022-05-08T20:58:00.000Z"},"country":"United Kingdom","OPM":4,"Total_sales_vol":118.09000182151794,"rate_of_return":0.0}
{"window":{"start":"2022-05-06T18:40:00.000Z","end":"2022-05-06T18:41:00.000Z"},"country":"United Kingdom","OPM":9,"Total_sales_vol":541.8899943828583,"rate_of_return":0.3333333333333333}
{"window":{"start":"2022-05-07T03:20:00.000Z","end":"2022-05-07T03:21:00.000Z"},"country":"United Kingdom","OPM":8,"Total_sales_vol":531.5500091910362,"rate_of_return":0.0}
{"window":{"start":"2022-05-05T22:30:00.000Z","end":"2022-05-05T22:31:00.000Z"},"country":"United Kingdom","OPM":7,"Total_sales_vol":622.5899987518787,"rate_of_return":0.0}
{"window":{"start":"2022-05-06T11:41:00.000Z","end":"2022-05-06T11:42:00.000Z"},"country":"Portugal","OPM":1,"Total_sales_vol":63.82999897003174,"rate_of_return":0.0}
{"window":{"start":"2022-05-06T16:57:00.000Z","end":"2022-05-06T16:58:00.000Z"},"country":"France","OPM":2,"Total_sales_vol":124.31000065803528,"rate_of_return":0.0}
{"window":{"start":"2022-05-08T19:41:00.000Z","end":"2022-05-08T19:42:00.000Z"},"country":"United Kingdom","OPM":7,"Total_sales_vol":283.50000137090683,"rate_of_return":0.0}
{"window":{"start":"2022-05-07T19:38:00.000Z","end":"2022-05-07T19:39:00.000Z"},"country":"United Kingdom","OPM":10,"Total_sales_vol":1276.3799976110458,"rate_of_return":0.1111111111111111}
{"window":{"start":"2022-05-09T16:19:00.000Z","end":"2022-05-09T16:20:00.000Z"},"country":"Germany","OPM":1,"Total_sales_vol":197.8199965953827,"rate_of_return":0.0}
{"window":{"start":"2022-05-09T21:48:00.000Z","end":"2022-05-09T21:49:00.000Z"},"country":"Portugal","OPM":1,"Total_sales_vol":45.50999963283539,"rate_of_return":0.0}
{"window":{"start":"2022-05-08T01:56:00.000Z","end":"2022-05-08T01:57:00.000Z"},"country":"United Kingdom","OPM":11,"Total_sales_vol":910.0500119328499,"rate_of_return":0.0}
{"window":{"start":"2022-05-06T02:25:00.000Z","end":"2022-05-06T02:26:00.000Z"},"country":"EIRE","OPM":1,"Total_sales_vol":10.079999923706055,"rate_of_return":0.0}
{"window":{"start":"2022-05-07T17:44:00.000Z","end":"2022-05-07T17:45:00.000Z"},"country":"France","OPM":1,"Total_sales_vol":59.46000146865845,"rate_of_return":0.0}
{"window":{"start":"2022-05-08T11:23:00.000Z","end":"2022-05-08T11:24:00.000Z"},"country":"Spain","OPM":1,"Total_sales_vol":24.039999961853027,"rate_of_return":0.0}
{"window":{"start":"2022-05-07T14:22:00.000Z","end":"2022-05-07T14:23:00.000Z"},"country":"United Kingdom","OPM":13,"Total_sales_vol":762.4400001168251,"rate_of_return":0.05}
{"window":{"start":"2022-05-10T11:08:00.000Z","end":"2022-05-10T11:09:00.000Z"},"country":"United Kingdom","OPM":6,"Total_sales_vol":538.6500090360641,"rate_of_return":0.07142857142857142}
{"window":{"start":"2022-05-07T08:29:00.000Z","end":"2022-05-07T08:30:00.000Z"},"country":"United Kingdom","OPM":14,"Total_sales_vol":342.56999096274376,"rate_of_return":0.07142857142857142}
{"window":{"start":"2022-05-06T13:52:00.000Z","end":"2022-05-06T13:53:00.000Z"},"country":"Italy","OPM":2,"Total_sales_vol":61.69999980926514,"rate_of_return":0.0}
{"window":{"start":"2022-05-07T14:23:00.000Z","end":"2022-05-07T14:24:00.000Z"},"country":"France","OPM":1,"Total_sales_vol":3.75,"rate_of_return":0.0}
{"window":{"start":"2022-05-10T00:01:00.000Z","end":"2022-05-10T00:02:00.000Z"},"country":"United Kingdom","OPM":14,"Total_sales_vol":299.579998254776,"rate_of_return":0.16129032258064516}
{"window":{"start":"2022-05-06T07:00:00.000Z","end":"2022-05-06T07:01:00.000Z"},"country":"Spain","OPM":1,"Total_sales_vol":33.299999952316284,"rate_of_return":0.0}
{"window":{"start":"2022-05-08T18:38:00.000Z","end":"2022-05-08T18:39:00.000Z"},"country":"Belgium","OPM":1,"Total_sales_vol":37.55999994277954,"rate_of_return":0.0}
{"window":{"start":"2022-05-06T20:42:00.000Z","end":"2022-05-06T20:43:00.000Z"},"country":"United Kingdom","OPM":7,"Total_sales_vol":394.67000007629395,"rate_of_return":0.07692307692307693}
{"window":{"start":"2022-05-05T22:08:00.000Z","end":"2022-05-05T22:09:00.000Z"},"country":"France","OPM":1,"Total_sales_vol":65.16000235080719,"rate_of_return":0.0}
{"window":{"start":"2022-05-08T03:16:00.000Z","end":"2022-05-08T03:17:00.000Z"},"country":"France","OPM":1,"Total_sales_vol":17.490000367164612,"rate_of_return":0.0}
{"window":{"start":"2022-05-08T11:54:00.000Z","end":"2022-05-08T11:55:00.000Z"},"country":"Norway","OPM":1,"Total_sales_vol":26.320001512765884,"rate_of_return":0.0}
{"window":{"start":"2022-05-08T06:19:00.000Z","end":"2022-05-08T06:20:00.000Z"},"country":"Spain","OPM":1,"Total_sales_vol":37.20000123977661,"rate_of_return":0.0}
{"window":{"start":"2022-05-08T00:33:00.000Z","end":"2022-05-08T00:34:00.000Z"},"country":"United Kingdom","OPM":9,"Total_sales_vol":187.57000088691711,"rate_of_return":0.0}
{"window":{"start":"2022-05-06T09:17:00.000Z","end":"2022-05-06T09:18:00.000Z"},"country":"Germany","OPM":1,"Total_sales_vol":56.959999084472656,"rate_of_return":0.0}
{"window":{"start":"2022-05-07T13:33:00.000Z","end":"2022-05-07T13:34:00.000Z"},"country":"EIRE","OPM":1,"Total_sales_vol":29.94999885559082,"rate_of_return":0.0}
{"window":{"start":"2022-05-08T05:09:00.000Z","end":"2022-05-08T05:10:00.000Z"},"country":"United Kingdom","OPM":9,"Total_sales_vol":164.0800051689148,"rate_of_return":0.16}
{"window":{"start":"2022-05-09T02:04:00.000Z","end":"2022-05-09T02:05:00.000Z"},"country":"France","OPM":1,"Total_sales_vol":21.44999885559082,"rate_of_return":0.0}
{"window":{"start":"2022-05-10T06:14:00.000Z","end":"2022-05-10T06:15:00.000Z"},"country":"Belgium","OPM":1,"Total_sales_vol":4.350000381469727,"rate_of_return":0.0}
{"window":{"start":"2022-05-08T20:23:00.000Z","end":"2022-05-08T20:24:00.000Z"},"country":"United Kingdom","OPM":16,"Total_sales_vol":1585.5100211501122,"rate_of_return":0.0}
{"window":{"start":"2022-05-08T04:01:00.000Z","end":"2022-05-08T04:02:00.000Z"},"country":"United Kingdom","OPM":8,"Total_sales_vol":302.10000148415565,"rate_of_return":0.0}
{"window":{"start":"2022-05-06T04:32:00.000Z","end":"2022-05-06T04:33:00.000Z"},"country":"United Kingdom","OPM":8,"Total_sales_vol":500.6099981069565,"rate_of_return":0.0}
{"window":{"start":"2022-05-10T11:43:00.000Z","end":"2022-05-10T11:44:00.000Z"},"country":"Germany","OPM":1,"Total_sales_vol":2.540000081062317,"rate_of_return":0.0}
{"window":{"start":"2022-05-10T13:18:00.000Z","end":"2022-05-10T13:19:00.000Z"},"country":"United Kingdom","OPM":5,"Total_sales_vol":360.449993789196,"rate_of_return":0.0}
{"window":{"start":"2022-05-05T17:02:00.000Z","end":"2022-05-05T17:03:00.000Z"},"country":"EIRE","OPM":1,"Total_sales_vol":64.16999879479408,"rate_of_return":0.0}
{"window":{"start":"2022-05-10T06:47:00.000Z","end":"2022-05-10T06:48:00.000Z"},"country":"France","OPM":1,"Total_sales_vol":15.12000036239624,"rate_of_return":0.0}
{"window":{"start":"2022-05-07T19:43:00.000Z","end":"2022-05-07T19:44:00.000Z"},"country":"EIRE","OPM":1,"Total_sales_vol":57.1800012588501,"rate_of_return":0.0}
{"window":{"start":"2022-05-09T22:44:00.000Z","end":"2022-05-09T22:45:00.000Z"},"country":"Germany","OPM":1,"Total_sales_vol":82.35999917984009,"rate_of_return":0.0}
{"window":{"start":"2022-05-10T03:32:00.000Z","end":"2022-05-10T03:33:00.000Z"},"country":"Norway","OPM":1,"Total_sales_vol":62.510002851486206,"rate_of_return":0.0}
{"window":{"start":"2022-05-09T11:47:00.000Z","end":"2022-05-09T11:48:00.000Z"},"country":"United Kingdom","OPM":18,"Total_sales_vol":2058.010010033846,"rate_of_return":0.16842105263157894}
{"window":{"start":"2022-05-08T06:58:00.000Z","end":"2022-05-08T06:59:00.000Z"},"country":"United Kingdom","OPM":14,"Total_sales_vol":1048.0399776697159,"rate_of_return":0.0}
{"window":{"start":"2022-05-08T22:32:00.000Z","end":"2022-05-08T22:33:00.000Z"},"country":"United Kingdom","OPM":10,"Total_sales_vol":272.6900010108948,"rate_of_return":0.0}
{"window":{"start":"2022-05-07T00:18:00.000Z","end":"2022-05-07T00:19:00.000Z"},"country":"United Kingdom","OPM":14,"Total_sales_vol":698.0299970507622,"rate_of_return":0.09523809523809523}
{"window":{"start":"2022-05-05T21:25:00.000Z","end":"2022-05-05T21:26:00.000Z"},"country":"Spain","OPM":1,"Total_sales_vol":19.0,"rate_of_return":0.0}
