{"window":{"start":"2022-05-07T07:06:00.000Z","end":"2022-05-07T07:07:00.000Z"},"country":"United Kingdom","OPM":11,"Total_sales_vol":344.53999650478363,"rate_of_return":0.0}
{"window":{"start":"2022-05-06T17:35:00.000Z","end":"2022-05-06T17:36:00.000Z"},"country":"Spain","OPM":1,"Total_sales_vol":18.59999918937683,"rate_of_return":0.0}
{"window":{"start":"2022-05-08T19:25:00.000Z","end":"2022-05-08T19:26:00.000Z"},"country":"United Kingdom","OPM":10,"Total_sales_vol":310.7699983716011,"rate_of_return":0.10344827586206896}
{"window":{"start":"2022-05-07T13:50:00.000Z","end":"2022-05-07T13:51:00.000Z"},"country":"Spain","OPM":1,"Total_sales_vol":2.5,"rate_of_return":0.0}
{"window":{"start":"2022-05-07T14:19:00.000Z","end":"2022-05-07T14:20:00.000Z"},"country":"France","OPM":1,"Total_sales_vol":18.18000078201294,"rate_of_return":0.0}
{"window":{"start":"2022-05-07T10:03:00.000Z","end":"2022-05-07T10:04:00.000Z"},"country":"Germany","OPM":1,"Total_sales_vol":27.509999632835388,"rate_of_return":0.0}
{"window":{"start":"2022-05-05T19:24:00.000Z","end":"2022-05-05T19:25:00.000Z"},"country":"Iceland","OPM":1,"Total_sales_vol":116.54999923706055,"rate_of_return":0.0}
{"window":{"start":"2022-05-10T13:42:00.000Z","end":"2022-05-10T13:43:00.000Z"},"country":"United Kingdom","OPM":6,"Total_sales_vol":412.71000146865845,"rate_of_return":0.0}
{"window":{"start":"2022-05-08T02:07:00.000Z","end":"2022-05-08T02:08:00.000Z"},"country":"United Kingdom","OPM":12,"Total_sales_vol":443.39000338315964,"rate_of_return":0.14705882352941177}
{"window":{"start":"2022-05-08T07:56:00.000Z","end":"2022-05-08T07:57:00.000Z"},"country":"United Kingdom","OPM":6,"Total_sales_vol":237.4600067138672,"rate_of_return":0.0}
{"window":{"start":"2022-05-07T18:20:00.000Z","end":"2022-05-07T18:21:00.000Z"},"country":"Cyprus","OPM":1,"Total_sales_vol":22.210000038146973,"rate_of_return":0.0}
{"window":{"start":"2022-05-06T07:01:00.000Z","end":"2022-05-06T07:02:00.000Z"},"country":"Singapore","OPM":1,"Total_sales_vol":18.850000381469727,"rate_of_return":0.0}
{"window":{"start":"2022-05-05T19:02:00.000Z","end":"2022-05-05T19:03:00.000Z"},"country":"France","OPM":2,"Total_sales_vol":145.60999834537506,"rate_of_return":0.0}
{"window":{"start":"2022-05-06T20:08:00.000Z","end":"2022-05-06T20:09:00.000Z"},"country":"United Kingdom","OPM":5,"Total_sales_vol":325.64000284671783,"rate_of_return":0.1875}
{"window":{"start":"2022-05-07T06:54:00.000Z","end":"2022-05-07T06:55:00.000Z"},"country":"Belgium","OPM":1,"Total_sales_vol":88.94999876618385,"rate_of_return":0.0}
{"window":{"start":"2022-05-10T10:36:00.000Z","end":"2022-05-10T10:37:00.000Z"},"country":"EIRE","OPM":1,"Total_sales_vol":-68.3100004196167,"rate_of_return":1.0}
{"window":{"start":"2022-05-06T22:07:00.000Z","end":"2022-05-06T22:08:00.000Z"},"country":"Lebanon","OPM":1,"Total_sales_vol":207.3899908065796,"rate_of_return":0.0}
{"window":{"start":"2022-05-07T00:42:00.000Z","end":"2022-05-07T00:43:00.000Z"},"country":"Finland","OPM":1,"Total_sales_vol":50.82000136375427,"rate_of_return":0.0}
{"window":{"start":"2022-05-07T21:30:00.000Z","end":"2022-05-07T21:31:00.000Z"},"country":"United Kingdom","OPM":12,"Total_sales_vol":364.2299968600273,"rate_of_return":0.10344827586206896}
{"window":{"start":"2022-05-08T22:04:00.000Z","end":"2022-05-08T22:05:00.000Z"},"country":"United Kingdom","OPM":12,"Total_sales_vol":543.6899893283844,"rate_of_return":0.0}
{"window":{"start":"2022-05-08T13:41:00.000Z","end":"2022-05-08T13:42:00.000Z"},"country":"United Kingdom","OPM":4,"Total_sales_vol":277.3299987614155,"rate_of_return":0.0}
{"window":{"start":"2022-05-09T03:55:00.000Z","end":"2022-05-09T03:56:00.000Z"},"country":"Germany","OPM":1,"Total_sales_vol":44.730000019073486,"rate_of_return":0.0}
{"window":{"start":"2022-05-07T02:25:00.000Z","end":"2022-05-07T02:26:00.000Z"},"country":"United Kingdom","OPM":3,"Total_sales_vol":60.92999756336212,"rate_of_return":0.0}
{"window":{"start":"2022-05-08T03:09:00.000Z","end":"2022-05-08T03:10:00.000Z"},"country":"United Kingdom","OPM":10,"Total_sales_vol":1215.949998140335,"rate_of_return":0.029411764705882353}
{"window":{"start":"2022-05-10T12:51:00.000Z","end":"2022-05-10T12:52:00.000Z"},"country":"Switzerland","OPM":1,"Total_sales_vol":44.08000183105469,"rate_of_return":0.0}
{"window":{"start":"2022-05-08T17:21:00.000Z","end":"2022-05-08T17:22:00.000Z"},"country":"Spain","OPM":1,"Total_sales_vol":23.2599995136261,"rate_of_return":0.0}
{"window":{"start":"2022-05-10T08:56:00.000Z","end":"2022-05-10T08:57:00.000Z"},"country":"Belgium","OPM":2,"Total_sales_vol":108.96999704837799,"rate_of_return":0.0}
{"window":{"start":"2022-05-09T08:27:00.000Z","end":"2022-05-09T08:28:00.000Z"},"country":"France","OPM":1,"Total_sales_vol":56.97999995946884,"rate_of_return":0.0}
{"window":{"start":"2022-05-05T21:59:00.000Z","end":"2022-05-05T22:00:00.000Z"},"country":"Germany","OPM":1,"Total_sales_vol":9.93999981880188,"rate_of_return":0.0}
{"window":{"start":"2022-05-08T04:08:00.000Z","end":"2022-05-08T04:09:00.000Z"},"country":"United Kingdom","OPM":12,"Total_sales_vol":1458.3799858093262,"rate_of_return":0.02631578947368421}
{"window":{"start":"2022-05-08T18:35:00.000Z","end":"2022-05-08T18:36:00.000Z"},"country":"United Kingdom","OPM":6,"Total_sales_vol":287.99000084400177,"rate_of_return":0.0}
{"window":{"start":"2022-05-06T07:05:00.000Z","end":"2022-05-06T07:06:00.000Z"},"country":"Belgium","OPM":1,"Total_sales_vol":16.100000858306885,"rate_of_return":0.0}
{"window":{"start":"2022-05-07T11:54:00.000Z","end":"2022-05-07T11:55:00.000Z"},"country":"EIRE","OPM":1,"Total_sales_vol":14.920000076293945,"rate_of_return":0.0}
{"window":{"start":"2022-05-10T03:00:00.000Z","end":"2022-05-10T03:01:00.000Z"},"country":"Germany","OPM":1,"Total_sales_vol":23.8499995470047,"rate_of_return":0.0}
{"window":{"start":"2022-05-10T08:14:00.000Z","end":"2022-05-10T08:15:00.000Z"},"country":"United Kingdom","OPM":7,"Total_sales_vol":256.449999332428,"rate_of_return":0.1875}
{"window":{"start":"2022-05-07T07:08:00.000Z","end":"2022-05-07T07:09:00.000Z"},"country":"France","OPM":1,"Total_sales_vol":29.520000457763672,"rate_of_return":0.0}
{"window":{"start":"2022-05-08T08:57:00.000Z","end":"2022-05-08T08:58:00.000Z"},"country":"United Kingdom","OPM":11,"Total_sales_vol":1055.3999831080437,"rate_of_return":0.0}
{"window":{"start":"2022-05-06T02:56:00.000Z","end":"2022-05-06T02:57:00.000Z"},"country":"Channel Islands","OPM":1,"Total_sales_vol":495.8100070953369,"rate_of_return":0.0}
{"window":{"start":"2022-05-09T10:30:00.000Z","end":"2022-05-09T10:31:00.000Z"},"country":"United Kingdom","OPM":5,"Total_sales_vol":202.2299988269806,"rate_of_return":0.09523809523809523}
{"window":{"start":"2022-05-08T10:51:00.000Z","end":"2022-05-08T10:52:00.000Z"},"country":"United Kingdom","OPM":6,"Total_sales_vol":518.5099878311157,"rate_of_return":0.0}
{"window":{"start":"2022-05-05T17:04:00.000Z","end":"2022-05-05T17:05:00.000Z"},"country":"France","OPM":2,"Total_sales_vol":2.9699999392032623,"rate_of_return":0.0}
{"window":{"start":"2022-05-10T07:58:00.000Z","end":"2022-05-10T07:59:00.000Z"},"country":"Netherlands","OPM":1,"Total_sales_vol":41.760003089904785,"rate_of_return":0.0}
{"window":{"start":"2022-05-07T07:58:00.000Z","end":"2022-05-07T07:59:00.000Z"},"country":"EIRE","OPM":1,"Total_sales_vol":0.8299999833106995,"rate_of_return":0.0}
{"window":{"start":"2022-05-09T02:43:00.000Z","end":"2022-05-09T02:44:00.000Z"},"country":"Germany","OPM":1,"Total_sales_vol":-514.9399998188019,"rate_of_return":1.0}
{"window":{"start":"2022-05-10T13:09:00.000Z","end":"2022-05-10T13:10:00.000Z"},"country":"Belgium","OPM":1,"Total_sales_vol":27.849998950958252,"rate_of_return":0.0}
{"window":{"start":"2022-05-06T17:53:00.000Z","end":"2022-05-06T17:54:00.000Z"},"country":"EIRE","OPM":1,"Total_sales_vol":87.88000106811523,"rate_of_return":0.0}
{"window":{"start":"2022-05-08T12:50:00.000Z","end":"2022-05-08T12:51:00.000Z"},"country":"United Kingdom","OPM":14,"Total_sales_vol":581.5999992787838,"rate_of_return":0.0}
{"window":{"start":"2022-05-05T21:58:00.000Z","end":"2022-05-05T21:59:00.000Z"},"country":"Belgium","OPM":1,"Total_sales_vol":63.900001525878906,"rate_of_return":0.0}
{"window":{"start":"2022-05-07T01:15:00.000Z","end":"2022-05-07T01:16:00.000Z"},"country":"United Kingdom","OPM":9,"Total_sales_vol":12.64999595284462,"rate_of_return":0.15384615384615385}
{"window":{"start":"2022-05-09T15:28:00.000Z","end":"2022-05-09T15:29:00.000Z"},"country":"Hong Kong","OPM":1,"Total_sales_vol":123.57000005245209,"rate_of_return":0.0}
{"window":{"start":"2022-05-06T13:33:00.000Z","end":"2022-05-06T13:34:00.000Z"},"country":"United Kingdom","OPM":10,"Total_sales_vol":686.4000140726566,"rate_of_return":0.0}
