{"window":{"start":"2022-05-07T07:27:00.000Z","end":"2022-05-07T07:28:00.000Z"},"country":"United Kingdom","OPM":10,"Total_sales_vol":1433.3799691200256,"rate_of_return":0.0}
{"window":{"start":"2022-05-06T14:24:00.000Z","end":"2022-05-06T14:25:00.000Z"},"country":"United Kingdom","OPM":12,"Total_sales_vol":1274.7800026535988,"rate_of_return":0.0}
{"window":{"start":"2022-05-09T03:30:00.000Z","end":"2022-05-09T03:31:00.000Z"},"country":"France","OPM":1,"Total_sales_vol":40.67999839782715,"rate_of_return":0.0}
{"window":{"start":"2022-05-09T02:04:00.000Z","end":"2022-05-09T02:05:00.000Z"},"country":"Germany","OPM":1,"Total_sales_vol":4.319999992847443,"rate_of_return":0.0}
{"window":{"start":"2022-05-09T22:30:00.000Z","end":"2022-05-09T22:31:00.000Z"},"country":"United Kingdom","OPM":11,"Total_sales_vol":883.690005838871,"rate_of_return":0.0}
{"window":{"start":"2022-05-06T05:25:00.000Z","end":"2022-05-06T05:26:00.000Z"},"country":"France","OPM":1,"Total_sales_vol":325.72997629642487,"rate_of_return":0.0}
{"window":{"start":"2022-05-09T15:25:00.000Z","end":"2022-05-09T15:26:00.000Z"},"country":"United Kingdom","OPM":8,"Total_sales_vol":565.4999921321869,"rate_of_return":0.0}
{"window":{"start":"2022-05-06T04:18:00.000Z","end":"2022-05-06T04:19:00.000Z"},"country":"United Kingdom","OPM":13,"Total_sales_vol":1207.4200041890144,"rate_of_return":0.08163265306122448}
{"window":{"start":"2022-05-07T21:53:00.000Z","end":"2022-05-07T21:54:00.000Z"},"country":"EIRE","OPM":2,"Total_sales_vol":25.029999256134033,"rate_of_return":0.0}
{"window":{"start":"2022-05-08T14:16:00.000Z","end":"2022-05-08T14:17:00.000Z"},"country":"United Kingdom","OPM":12,"Total_sales_vol":558.1899960637093,"rate_of_return":0.0}
{"window":{"start":"2022-05-10T12:54:00.000Z","end":"2022-05-10T12:55:00.000Z"},"country":"United Kingdom","OPM":7,"Total_sales_vol":286.0599995851517,"rate_of_return":0.0}
{"window":{"start":"2022-05-09T05:20:00.000Z","end":"2022-05-09T05:21:00.000Z"},"country":"United Kingdom","OPM":10,"Total_sales_vol":363.4999969601631,"rate_of_return":0.0}
{"window":{"start":"2022-05-09T02:20:00.000Z","end":"2022-05-09T02:21:00.000Z"},"country":"Germany","OPM":1,"Total_sales_vol":152.25999450683594,"rate_of_return":0.0}
{"window":{"start":"2022-05-08T18:50:00.000Z","end":"2022-05-08T18:51:00.000Z"},"country":"EIRE","OPM":1,"Total_sales_vol":54.529999017715454,"rate_of_return":0.0}
{"window":{"start":"2022-05-08T18:01:00.000Z","end":"2022-05-08T18:02:00.000Z"},"country":"United Kingdom","OPM":6,"Total_sales_vol":252.3600018620491,"rate_of_return":0.25}
{"window":{"start":"2022-05-06T00:28:00.000Z","end":"2022-05-06T00:29:00.000Z"},"country":"France","OPM":1,"Total_sales_vol":103.9100024998188,"rate_of_return":0.0}
{"window":{"start":"2022-05-08T13:37:00.000Z","end":"2022-05-08T13:38:00.000Z"},"country":"Germany","OPM":1,"Total_sales_vol":68.33999824523926,"rate_of_return":0.0}
{"window":{"start":"2022-05-06T10:11:00.000Z","end":"2022-05-06T10:12:00.000Z"},"country":"United Kingdom","OPM":11,"Total_sales_vol":816.5800111889839,"rate_of_return":0.0}
{"window":{"start":"2022-05-07T16:25:00.000Z","end":"2022-05-07T16:26:00.000Z"},"country":"Unspecified","OPM":1,"Total_sales_vol":11.700000762939453,"rate_of_return":0.0}
{"window":{"start":"2022-05-09T01:41:00.000Z","end":"2022-05-09T01:42:00.000Z"},"country":"United Kingdom","OPM":10,"Total_sales_vol":747.3599951267242,"rate_of_return":0.0}
{"window":{"start":"2022-05-05T20:37:00.000Z","end":"2022-05-05T20:38:00.000Z"},"country":"Switzerland","OPM":1,"Total_sales_vol":145.4899936914444,"rate_of_return":0.0}
{"window":{"start":"2022-05-07T02:40:00.000Z","end":"2022-05-07T02:41:00.000Z"},"country":"United Kingdom","OPM":7,"Total_sales_vol":566.5900219678879,"rate_of_return":0.0}
{"window":{"start":"2022-05-08T04:23:00.000Z","end":"2022-05-08T04:24:00.000Z"},"country":"United Kingdom","OPM":12,"Total_sales_vol":1070.1199836730957,"rate_of_return":0.0}
{"window":{"start":"2022-05-06T02:20:00.000Z","end":"2022-05-06T02:21:00.000Z"},"country":"United Kingdom","OPM":4,"Total_sales_vol":190.7300096154213,"rate_of_return":0.07692307692307693}
{"window":{"start":"2022-05-08T16:01:00.000Z","end":"2022-05-08T16:02:00.000Z"},"country":"United Kingdom","OPM":11,"Total_sales_vol":634.5300041437149,"rate_of_return":0.0}
{"window":{"start":"2022-05-08T20:33:00.000Z","end":"2022-05-08T20:34:00.000Z"},"country":"United Kingdom","OPM":7,"Total_sales_vol":545.459998190403,"rate_of_return":0.10526315789473684}
{"window":{"start":"2022-05-07T08:16:00.000Z","end":"2022-05-07T08:17:00.000Z"},"country":"United Kingdom","OPM":7,"Total_sales_vol":272.1899987459183,"rate_of_return":0.0}
{"window":{"start":"2022-05-07T20:11:00.000Z","end":"2022-05-07T20:12:00.000Z"},"country":"Sweden","OPM":1,"Total_sales_vol":90.65999984741211,"rate_of_return":0.0}
{"window":{"start":"2022-05-10T10:27:00.000Z","end":"2022-05-10T10:28:00.000Z"},"country":"United Kingdom","OPM":11,"Total_sales_vol":909.8300028443336,"rate_of_return":0.0}
{"window":{"start":"2022-05-06T07:01:00.000Z","end":"2022-05-06T07:02:00.000Z"},"country":"Belgium","OPM":1,"Total_sales_vol":-55.62000048160553,"rate_of_return":1.0}
{"window":{"start":"2022-05-09T00:43:00.000Z","end":"2022-05-09T00:44:00.000Z"},"country":"United Kingdom","OPM":8,"Total_sales_vol":762.2600025683641,"rate_of_return":0.0}
{"window":{"start":"2022-05-05T20:22:00.000Z","end":"2022-05-05T20:23:00.000Z"},"country":"United Kingdom","OPM":12,"Total_sales_vol":-1806.4100104570389,"rate_of_return":0.25}
{"window":{"start":"2022-05-09T12:09:00.000Z","end":"2022-05-09T12:10:00.000Z"},"country":"United Kingdom","OPM":13,"Total_sales_vol":725.0800009667873,"rate_of_return":0.0}
{"window":{"start":"2022-05-07T14:12:00.000Z","end":"2022-05-07T14:13:00.000Z"},"country":"France","OPM":1,"Total_sales_vol":57.86000037193298,"rate_of_return":0.0}
{"window":{"start":"2022-05-08T03:30:00.000Z","end":"2022-05-08T03:31:00.000Z"},"country":"United Kingdom","OPM":6,"Total_sales_vol":195.94999927282333,"rate_of_return":0.0}
{"window":{"start":"2022-05-08T15:09:00.000Z","end":"2022-05-08T15:10:00.000Z"},"country":"Israel","OPM":1,"Total_sales_vol":90.30000305175781,"rate_of_return":0.0}
{"window":{"start":"2022-05-06T02:55:00.000Z","end":"2022-05-06T02:56:00.000Z"},"country":"Sweden","OPM":1,"Total_sales_vol":-148.6899971961975,"rate_of_return":1.0}
{"window":{"start":"2022-05-06T12:41:00.000Z","end":"2022-05-06T12:42:00.000Z"},"country":"EIRE","OPM":1,"Total_sales_vol":168.3800013065338,"rate_of_return":0.0}
{"window":{"start":"2022-05-06T17:52:00.000Z","end":"2022-05-06T17:53:00.000Z"},"country":"Germany","OPM":1,"Total_sales_vol":59.040000915527344,"rate_of_return":0.0}
{"window":{"start":"2022-05-08T11:28:00.000Z","end":"2022-05-08T11:29:00.000Z"},"country":"United Kingdom","OPM":8,"Total_sales_vol":952.250004440546,"rate_of_return":0.04878048780487805}
{"window":{"start":"2022-05-07T10:34:00.000Z","end":"2022-05-07T10:35:00.000Z"},"country":"France","OPM":1,"Total_sales_vol":109.2300021648407,"rate_of_return":0.0}
{"window":{"start":"2022-05-09T10:58:00.000Z","end":"2022-05-09T10:59:00.000Z"},"country":"EIRE","OPM":1,"Total_sales_vol":227.54999160766602,"rate_of_return":0.0}
{"window":{"start":"2022-05-09T12:44:00.000Z","end":"2022-05-09T12:45:00.000Z"},"country":"Germany","OPM":1,"Total_sales_vol":8.22000002861023,"rate_of_return":0.0}
{"window":{"start":"2022-05-07T02:37:00.000Z","end":"2022-05-07T02:38:00.000Z"},"country":"United Kingdom","OPM":4,"Total_sales_vol":-214.80000245571136,"rate_of_return":0.21428571428571427}
{"window":{"start":"2022-05-09T13:03:00.000Z","end":"2022-05-09T13:04:00.000Z"},"country":"Australia","OPM":1,"Total_sales_vol":102.97999823093414,"rate_of_return":0.0}
{"window":{"start":"2022-05-06T01:22:00.000Z","end":"2022-05-06T01:23:00.000Z"},"country":"EIRE","OPM":1,"Total_sales_vol":-35.56999945640564,"rate_of_return":1.0}
{"window":{"start":"2022-05-07T10:16:00.000Z","end":"2022-05-07T10:17:00.000Z"},"country":"Switzerland","OPM":1,"Total_sales_vol":85.78999900817871,"rate_of_return":0.0}
{"window":{"start":"2022-05-09T11:44:00.000Z","end":"2022-05-09T11:45:00.000Z"},"country":"Australia","OPM":1,"Total_sales_vol":56.46000099182129,"rate_of_return":0.0}
{"window":{"start":"2022-05-07T23:14:00.000Z","end":"2022-05-07T23:15:00.000Z"},"country":"United Kingdom","OPM":9,"Total_sales_vol":507.72999891638756,"rate_of_return":0.08571428571428572}
{"window":{"start":"2022-05-08T15:26:00.000Z","end":"2022-05-08T15:27:00.000Z"},"country":"France","OPM":1,"Total_sales_vol":12.049999594688416,"rate_of_return":0.0}
{"window":{"start":"2022-05-10T10:55:00.000Z","end":"2022-05-10T10:56:00.000Z"},"country":"United Kingdom","OPM":8,"Total_sales_vol":451.42000383138657,"rate_of_return":0.17857142857142858}
{"window":{"start":"2022-05-10T10:15:00.000Z","end":"2022-05-10T10:16:00.000Z"},"country":"United Kingdom","OPM":9,"Total_sales_vol":1775.8699952960014,"rate_of_return":0.0}
{"window":{"start":"2022-05-06T13:02:00.000Z","end":"2022-05-06T13:03:00.000Z"},"country":"United Kingdom","OPM":3,"Total_sales_vol":257.17000406980515,"rate_of_return":0.0}
{"window":{"start":"2022-05-10T12:44:00.000Z","end":"2022-05-10T12:45:00.000Z"},"country":"United Kingdom","OPM":13,"Total_sales_vol":361.1799992918968,"rate_of_return":0.0}
{"window":{"start":"2022-05-10T03:29:00.000Z","end":"2022-05-10T03:30:00.000Z"},"country":"Norway","OPM":1,"Total_sales_vol":234.83999633789062,"rate_of_return":0.0}
{"window":{"start":"2022-05-08T17:05:00.000Z","end":"2022-05-08T17:06:00.000Z"},"country":"EIRE","OPM":1,"Total_sales_vol":24.94999933242798,"rate_of_return":0.0}
{"window":{"start":"2022-05-10T05:14:00.000Z","end":"2022-05-10T05:15:00.000Z"},"country":"EIRE","OPM":1,"Total_sales_vol":56.429999113082886,"rate_of_return":0.0}
{"window":{"start":"2022-05-08T02:36:00.000Z","end":"2022-05-08T02:37:00.000Z"},"country":"United Kingdom","OPM":7,"Total_sales_vol":450.56000286340714,"rate_of_return":0.0}
{"window":{"start":"2022-05-09T18:48:00.000Z","end":"2022-05-09T18:49:00.000Z"},"country":"United Kingdom","OPM":6,"Total_sales_vol":1160.1100326180458,"rate_of_return":0.0}
{"window":{"start":"2022-05-06T08:31:00.000Z","end":"2022-05-06T08:32:00.000Z"},"country":"Germany","OPM":1,"Total_sales_vol":10.350000739097595,"rate_of_return":0.0}
{"window":{"start":"2022-05-06T23:13:00.000Z","end":"2022-05-06T23:14:00.000Z"},"country":"United Kingdom","OPM":8,"Total_sales_vol":595.5299845933914,"rate_of_return":0.0}
{"window":{"start":"2022-05-08T20:35:00.000Z","end":"2022-05-08T20:36:00.000Z"},"country":"France","OPM":1,"Total_sales_vol":10.019999742507935,"rate_of_return":0.0}
{"window":{"start":"2022-05-09T08:17:00.000Z","end":"2022-05-09T08:18:00.000Z"},"country":"United Kingdom","OPM":15,"Total_sales_vol":468.580009162426,"rate_of_return":0.0}
{"window":{"start":"2022-05-10T00:07:00.000Z","end":"2022-05-10T00:08:00.000Z"},"country":"United Kingdom","OPM":5,"Total_sales_vol":267.33999544382095,"rate_of_return":0.0}
