{"window":{"start":"2022-05-08T06:52:00.000Z","end":"2022-05-08T06:53:00.000Z"},"country":"United Kingdom","OPM":13,"Total_sales_vol":351.50999039411545,"rate_of_return":0.0}
{"window":{"start":"2022-05-08T13:07:00.000Z","end":"2022-05-08T13:08:00.000Z"},"country":"Germany","OPM":1,"Total_sales_vol":37.040000915527344,"rate_of_return":0.0}
{"window":{"start":"2022-05-08T03:31:00.000Z","end":"2022-05-08T03:32:00.000Z"},"country":"United Kingdom","OPM":12,"Total_sales_vol":547.6999988555908,"rate_of_return":0.03571428571428571}
{"window":{"start":"2022-05-09T02:17:00.000Z","end":"2022-05-09T02:18:00.000Z"},"country":"United Kingdom","OPM":11,"Total_sales_vol":428.7400043606758,"rate_of_return":0.06896551724137931}
{"window":{"start":"2022-05-09T06:41:00.000Z","end":"2022-05-09T06:42:00.000Z"},"country":"United Kingdom","OPM":10,"Total_sales_vol":324.2399932742119,"rate_of_return":0.11538461538461539}
{"window":{"start":"2022-05-05T20:33:00.000Z","end":"2022-05-05T20:34:00.000Z"},"country":"Germany","OPM":1,"Total_sales_vol":54.87999963760376,"rate_of_return":0.0}
{"window":{"start":"2022-05-07T00:23:00.000Z","end":"2022-05-07T00:24:00.000Z"},"country":"United Kingdom","OPM":6,"Total_sales_vol":800.100006327033,"rate_of_return":0.0}
{"window":{"start":"2022-05-05T21:53:00.000Z","end":"2022-05-05T21:54:00.000Z"},"country":"Israel","OPM":1,"Total_sales_vol":125.63000282645226,"rate_of_return":0.0}
{"window":{"start":"2022-05-09T15:31:00.000Z","end":"2022-05-09T15:32:00.000Z"},"country":"United Kingdom","OPM":5,"Total_sales_vol":457.6100077033043,"rate_of_return":0.0}
{"window":{"start":"2022-05-09T04:12:00.000Z","end":"2022-05-09T04:13:00.000Z"},"country":"United Kingdom","OPM":8,"Total_sales_vol":739.0599892139435,"rate_of_return":0.0}
{"window":{"start":"2022-05-10T10:54:00.000Z","end":"2022-05-10T10:55:00.000Z"},"country":"Germany","OPM":1,"Total_sales_vol":67.0600004196167,"rate_of_return":0.0}
{"window":{"start":"2022-05-06T12:10:00.000Z","end":"2022-05-06T12:11:00.000Z"},"country":"United Kingdom","OPM":12,"Total_sales_vol":454.2999950647354,"rate_of_return":0.23809523809523808}
{"window":{"start":"2022-05-06T16:54:00.000Z","end":"2022-05-06T16:55:00.000Z"},"country":"Unspecified","OPM":1,"Total_sales_vol":24.780000686645508,"rate_of_return":0.0}
{"window":{"start":"2022-05-09T17:54:00.000Z","end":"2022-05-09T17:55:00.000Z"},"country":"United Kingdom","OPM":9,"Total_sales_vol":1277.1299723386765,"rate_of_return":0.0}
{"window":{"start":"2022-05-07T11:17:00.000Z","end":"2022-05-07T11:18:00.000Z"},"country":"United Kingdom","OPM":10,"Total_sales_vol":687.9900021851063,"rate_of_return":0.0}
{"window":{"start":"2022-05-07T01:46:00.000Z","end":"2022-05-07T01:47:00.000Z"},"country":"Germany","OPM":1,"Total_sales_vol":17.670000076293945,"rate_of_return":0.0}
{"window":{"start":"2022-05-09T02:04:00.000Z","end":"2022-05-09T02:05:00.000Z"},"country":"Finland","OPM":1,"Total_sales_vol":5.009999990463257,"rate_of_return":0.0}
{"window":{"start":"2022-05-09T07:36:00.000Z","end":"2022-05-09T07:37:00.000Z"},"country":"United Kingdom","OPM":11,"Total_sales_vol":936.1700082421303,"rate_of_return":0.0}
{"window":{"start":"2022-05-07T04:57:00.000Z","end":"2022-05-07T04:58:00.000Z"},"country":"Netherlands","OPM":1,"Total_sales_vol":13.4000004529953,"rate_of_return":0.0}
{"window":{"start":"2022-05-09T10:59:00.000Z","end":"2022-05-09T11:00:00.000Z"},"country":"United Kingdom","OPM":9,"Total_sales_vol":204.14999517798424,"rate_of_return":0.041666666666666664}
{"window":{"start":"2022-05-10T07:28:00.000Z","end":"2022-05-10T07:29:00.000Z"},"country":"Portugal","OPM":1,"Total_sales_vol":280.4399902820587,"rate_of_return":0.0}
{"window":{"start":"2022-05-10T07:24:00.000Z","end":"2022-05-10T07:25:00.000Z"},"country":"Spain","OPM":1,"Total_sales_vol":96.55000615119934,"rate_of_return":0.0}
{"window":{"start":"2022-05-08T11:49:00.000Z","end":"2022-05-08T11:50:00.000Z"},"country":"France","OPM":1,"Total_sales_vol":83.6500005275011,"rate_of_return":0.0}
{"window":{"start":"2022-05-10T02:18:00.000Z","end":"2022-05-10T02:19:00.000Z"},"country":"United Kingdom","OPM":10,"Total_sales_vol":273.48000037670135,"rate_of_return":0.038461538461538464}
{"window":{"start":"2022-05-08T18:49:00.000Z","end":"2022-05-08T18:50:00.000Z"},"country":"United Kingdom","OPM":4,"Total_sales_vol":404.6300115585327,"rate_of_return":0.0}
{"window":{"start":"2022-05-08T05:51:00.000Z","end":"2022-05-08T05:52:00.000Z"},"country":"United Kingdom","OPM":8,"Total_sales_vol":112.29000854492188,"rate_of_return":0.18518518518518517}
{"window":{"start":"2022-05-09T07:05:00.000Z","end":"2022-05-09T07:06:00.000Z"},"country":"United Kingdom","OPM":9,"Total_sales_vol":418.05000245571136,"rate_of_return":0.0}
{"window":{"start":"2022-05-06T17:20:00.000Z","end":"2022-05-06T17:21:00.000Z"},"country":"Belgium","OPM":1,"Total_sales_vol":36.819997787475586,"rate_of_return":0.0}
{"window":{"start":"2022-05-08T22:34:00.000Z","end":"2022-05-08T22:35:00.000Z"},"country":"United Kingdom","OPM":8,"Total_sales_vol":304.60999780893326,"rate_of_return":0.0}
{"window":{"start":"2022-05-05T22:49:00.000Z","end":"2022-05-05T22:50:00.000Z"},"country":"EIRE","OPM":3,"Total_sales_vol":-35.12000095844269,"rate_of_return":0.5454545454545454}
{"window":{"start":"2022-05-06T23:18:00.000Z","end":"2022-05-06T23:19:00.000Z"},"country":"EIRE","OPM":1,"Total_sales_vol":467.64000004529953,"rate_of_return":0.0}
{"window":{"start":"2022-05-06T11:54:00.000Z","end":"2022-05-06T11:55:00.000Z"},"country":"France","OPM":1,"Total_sales_vol":73.7099997997284,"rate_of_return":0.0}
{"window":{"start":"2022-05-08T07:47:00.000Z","end":"2022-05-08T07:48:00.000Z"},"country":"United Kingdom","OPM":11,"Total_sales_vol":1244.1999921798706,"rate_of_return":0.0}
{"window":{"start":"2022-05-07T14:47:00.000Z","end":"2022-05-07T14:48:00.000Z"},"country":"United Kingdom","OPM":18,"Total_sales_vol":930.1499972343445,"rate_of_return":0.025}
{"window":{"start":"2022-05-07T18:30:00.000Z","end":"2022-05-07T18:31:00.000Z"},"country":"United Kingdom","OPM":13,"Total_sales_vol":424.61000341176987,"rate_of_return":0.06451612903225806}
{"window":{"start":"2022-05-07T18:03:00.000Z","end":"2022-05-07T18:04:00.000Z"},"country":"United Kingdom","OPM":9,"Total_sales_vol":263.41999900341034,"rate_of_return":0.04}
{"window":{"start":"2022-05-09T03:53:00.000Z","end":"2022-05-09T03:54:00.000Z"},"country":"United Kingdom","OPM":6,"Total_sales_vol":718.7599974870682,"rate_of_return":0.23529411764705882}
{"window":{"start":"2022-05-09T12:21:00.000Z","end":"2022-05-09T12:22:00.000Z"},"country":"Germany","OPM":1,"Total_sales_vol":16.520000457763672,"rate_of_return":0.0}
{"window":{"start":"2022-05-07T00:00:00.000Z","end":"2022-05-07T00:01:00.000Z"},"country":"United Kingdom","OPM":12,"Total_sales_vol":910.779998421669,"rate_of_return":0.0}
{"window":{"start":"2022-05-06T01:58:00.000Z","end":"2022-05-06T01:59:00.000Z"},"country":"United Kingdom","OPM":12,"Total_sales_vol":731.9100036621094,"rate_of_return":0.0}
{"window":{"start":"2022-05-10T07:21:00.000Z","end":"2022-05-10T07:22:00.000Z"},"country":"Netherlands","OPM":1,"Total_sales_vol":34.77999895811081,"rate_of_return":0.0}
{"window":{"start":"2022-05-06T18:45:00.000Z","end":"2022-05-06T18:46:00.000Z"},"country":"United Kingdom","OPM":10,"Total_sales_vol":314.7199947834015,"rate_of_return":0.0}
{"window":{"start":"2022-05-08T14:57:00.000Z","end":"2022-05-08T14:58:00.000Z"},"country":"United Kingdom","OPM":4,"Total_sales_vol":98.75999942421913,"rate_of_return":0.0}
{"window":{"start":"2022-05-10T08:35:00.000Z","end":"2022-05-10T08:36:00.000Z"},"country":"Finland","OPM":1,"Total_sales_vol":41.85000133514404,"rate_of_return":0.0}
{"window":{"start":"2022-05-06T01:13:00.000Z","end":"2022-05-06T01:14:00.000Z"},"country":"United Kingdom","OPM":10,"Total_sales_vol":332.9799930155277,"rate_of_return":0.0}
{"window":{"start":"2022-05-07T14:28:00.000Z","end":"2022-05-07T14:29:00.000Z"},"country":"United Kingdom","OPM":11,"Total_sales_vol":108.33999565243721,"rate_of_return":0.23809523809523808}
{"window":{"start":"2022-05-07T21:20:00.000Z","end":"2022-05-07T21:21:00.000Z"},"country":"United Kingdom","OPM":9,"Total_sales_vol":745.9799915850163,"rate_of_return":0.0}
{"window":{"start":"2022-05-05T17:29:00.000Z","end":"2022-05-05T17:30:00.000Z"},"country":"United Kingdom","OPM":7,"Total_sales_vol":196.67999702692032,"rate_of_return":0.0}
{"window":{"start":"2022-05-09T06:31:00.000Z","end":"2022-05-09T06:32:00.000Z"},"country":"United Kingdom","OPM":14,"Total_sales_vol":712.6299926042557,"rate_of_return":0.0}
{"window":{"start":"2022-05-07T10:40:00.000Z","end":"2022-05-07T10:41:00.000Z"},"country":"United Kingdom","OPM":12,"Total_sales_vol":646.2700046598911,"rate_of_return":0.21951219512195122}
{"window":{"start":"2022-05-05T19:59:00.000Z","end":"2022-05-05T20:00:00.000Z"},"country":"United Kingdom","OPM":8,"Total_sales_vol":1101.319993197918,"rate_of_return":0.07692307692307693}
{"window":{"start":"2022-05-07T20:25:00.000Z","end":"2022-05-07T20:26:00.000Z"},"country":"Australia","OPM":1,"Total_sales_vol":44.63999938964844,"rate_of_return":0.0}
{"window":{"start":"2022-05-09T10:44:00.000Z","end":"2022-05-09T10:45:00.000Z"},"country":"United Kingdom","OPM":5,"Total_sales_vol":132.68999600410461,"rate_of_return":0.0}
{"window":{"start":"2022-05-05T18:13:00.000Z","end":"2022-05-05T18:14:00.000Z"},"country":"United Kingdom","OPM":5,"Total_sales_vol":357.5999898314476,"rate_of_return":0.0}
{"window":{"start":"2022-05-09T15:55:00.000Z","end":"2022-05-09T15:56:00.000Z"},"country":"EIRE","OPM":1,"Total_sales_vol":254.17999756336212,"rate_of_return":0.0}
{"window":{"start":"2022-05-07T22:07:00.000Z","end":"2022-05-07T22:08:00.000Z"},"country":"United Kingdom","OPM":13,"Total_sales_vol":474.8200045824051,"rate_of_return":0.02857142857142857}
{"window":{"start":"2022-05-10T00:08:00.000Z","end":"2022-05-10T00:09:00.000Z"},"country":"United Kingdom","OPM":6,"Total_sales_vol":247.6200007200241,"rate_of_return":0.0}
{"window":{"start":"2022-05-06T05:45:00.000Z","end":"2022-05-06T05:46:00.000Z"},"country":"EIRE","OPM":1,"Total_sales_vol":57.140000343322754,"rate_of_return":0.0}
{"window":{"start":"2022-05-07T20:46:00.000Z","end":"2022-05-07T20:47:00.000Z"},"country":"Finland","OPM":1,"Total_sales_vol":4.780000030994415,"rate_of_return":0.0}
