{"window":{"start":"2022-05-06T16:47:00.000Z","end":"2022-05-06T16:48:00.000Z"},"country":"United Kingdom","OPM":9,"Total_sales_vol":423.1199983358383,"rate_of_return":0.0}
{"window":{"start":"2022-05-06T16:17:00.000Z","end":"2022-05-06T16:18:00.000Z"},"country":"EIRE","OPM":1,"Total_sales_vol":89.27999997138977,"rate_of_return":0.0}
{"window":{"start":"2022-05-10T03:18:00.000Z","end":"2022-05-10T03:19:00.000Z"},"country":"United Kingdom","OPM":5,"Total_sales_vol":254.74999862909317,"rate_of_return":0.0}
{"window":{"start":"2022-05-06T10:39:00.000Z","end":"2022-05-06T10:40:00.000Z"},"country":"France","OPM":2,"Total_sales_vol":147.55999755859375,"rate_of_return":0.0}
{"window":{"start":"2022-05-08T03:14:00.000Z","end":"2022-05-08T03:15:00.000Z"},"country":"United Kingdom","OPM":10,"Total_sales_vol":1430.950007379055,"rate_of_return":0.0}
{"window":{"start":"2022-05-06T18:43:00.000Z","end":"2022-05-06T18:44:00.000Z"},"country":"USA","OPM":1,"Total_sales_vol":119.57000017166138,"rate_of_return":0.0}
{"window":{"start":"2022-05-05T23:29:00.000Z","end":"2022-05-05T23:30:00.000Z"},"country":"United Kingdom","OPM":11,"Total_sales_vol":761.28999081254,"rate_of_return":0.05555555555555555}
{"window":{"start":"2022-05-06T05:17:00.000Z","end":"2022-05-06T05:18:00.000Z"},"country":"Portugal","OPM":1,"Total_sales_vol":55.74999862909317,"rate_of_return":0.0}
{"window":{"start":"2022-05-06T08:09:00.000Z","end":"2022-05-06T08:10:00.000Z"},"country":"United Kingdom","OPM":12,"Total_sales_vol":327.8300062417984,"rate_of_return":0.14814814814814814}
{"window":{"start":"2022-05-06T23:14:00.000Z","end":"2022-05-06T23:15:00.000Z"},"country":"France","OPM":1,"Total_sales_vol":48.75,"rate_of_return":0.0}
{"window":{"start":"2022-05-08T09:05:00.000Z","end":"2022-05-08T09:06:00.000Z"},"country":"United Kingdom","OPM":5,"Total_sales_vol":400.78001099824905,"rate_of_return":0.0}
{"window":{"start":"2022-05-10T00:09:00.000Z","end":"2022-05-10T00:10:00.000Z"},"country":"United Kingdom","OPM":7,"Total_sales_vol":490.5099719762802,"rate_of_return":0.2857142857142857}
{"window":{"start":"2022-05-06T13:54:00.000Z","end":"2022-05-06T13:55:00.000Z"},"country":"Netherlands","OPM":1,"Total_sales_vol":109.25000143051147,"rate_of_return":0.0}
{"window":{"start":"2022-05-10T02:56:00.000Z","end":"2022-05-10T02:57:00.000Z"},"country":"France","OPM":2,"Total_sales_vol":78.67000007629395,"rate_of_return":0.0}
{"window":{"start":"2022-05-08T02:59:00.000Z","end":"2022-05-08T03:00:00.000Z"},"country":"United Kingdom","OPM":5,"Total_sales_vol":69.24999833106995,"rate_of_return":0.3333333333333333}
{"window":{"start":"2022-05-08T09:10:00.000Z","end":"2022-05-08T09:11:00.000Z"},"country":"United Kingdom","OPM":7,"Total_sales_vol":397.88000094890594,"rate_of_return":0.0}
{"window":{"start":"2022-05-09T09:27:00.000Z","end":"2022-05-09T09:28:00.000Z"},"country":"United Kingdom","OPM":9,"Total_sales_vol":462.83999758958817,"rate_of_return":0.0}
{"window":{"start":"2022-05-09T16:02:00.000Z","end":"2022-05-09T16:03:00.000Z"},"country":"United Kingdom","OPM":14,"Total_sales_vol":250.44999092817307,"rate_of_return":0.15384615384615385}
{"window":{"start":"2022-05-05T22:14:00.000Z","end":"2022-05-05T22:15:00.000Z"},"country":"Sweden","OPM":1,"Total_sales_vol":44.760000228881836,"rate_of_return":0.0}
{"window":{"start":"2022-05-08T04:05:00.000Z","end":"2022-05-08T04:06:00.000Z"},"country":"Spain","OPM":1,"Total_sales_vol":6.679999768733978,"rate_of_return":0.0}
{"window":{"start":"2022-05-06T08:56:00.000Z","end":"2022-05-06T08:57:00.000Z"},"country":"United Kingdom","OPM":7,"Total_sales_vol":1724.8700461387634,"rate_of_return":0.0}
{"window":{"start":"2022-05-10T05:32:00.000Z","end":"2022-05-10T05:33:00.000Z"},"country":"United Kingdom","OPM":7,"Total_sales_vol":157.42999935150146,"rate_of_return":0.15384615384615385}
{"window":{"start":"2022-05-09T06:34:00.000Z","end":"2022-05-09T06:35:00.000Z"},"country":"Australia","OPM":1,"Total_sales_vol":90.0,"rate_of_return":0.0}
{"window":{"start":"2022-05-09T13:47:00.000Z","end":"2022-05-09T13:48:00.000Z"},"country":"United Kingdom","OPM":13,"Total_sales_vol":812.0900090932846,"rate_of_return":0.0}
{"window":{"start":"2022-05-09T11:52:00.000Z","end":"2022-05-09T11:53:00.000Z"},"country":"United Kingdom","OPM":13,"Total_sales_vol":169.52999812364578,"rate_of_return":0.3023255813953488}
{"window":{"start":"2022-05-09T22:38:00.000Z","end":"2022-05-09T22:39:00.000Z"},"country":"United Kingdom","OPM":7,"Total_sales_vol":1610.0800170004368,"rate_of_return":0.0}
{"window":{"start":"2022-05-05T22:17:00.000Z","end":"2022-05-05T22:18:00.000Z"},"country":"United Kingdom","OPM":17,"Total_sales_vol":1191.0599828362465,"rate_of_return":0.06779661016949153}
{"window":{"start":"2022-05-10T13:23:00.000Z","end":"2022-05-10T13:24:00.000Z"},"country":"Denmark","OPM":1,"Total_sales_vol":17.0,"rate_of_return":0.0}
{"window":{"start":"2022-05-06T00:03:00.000Z","end":"2022-05-06T00:04:00.000Z"},"country":"United Kingdom","OPM":15,"Total_sales_vol":1345.5699904561043,"rate_of_return":0.0}
{"window":{"start":"2022-05-08T23:42:00.000Z","end":"2022-05-08T23:43:00.000Z"},"country":"United Kingdom","OPM":7,"Total_sales_vol":393.25999999046326,"rate_of_return":0.0}
{"window":{"start":"2022-05-08T06:04:00.000Z","end":"2022-05-08T06:05:00.000Z"},"country":"Finland","OPM":1,"Total_sales_vol":92.84999990463257,"rate_of_return":0.0}
{"window":{"start":"2022-05-07T14:48:00.000Z","end":"2022-05-07T14:49:00.000Z"},"country":"EIRE","OPM":1,"Total_sales_vol":23.079999923706055,"rate_of_return":0.0}
{"window":{"start":"2022-05-07T14:03:00.000Z","end":"2022-05-07T14:04:00.000Z"},"country":"Austria","OPM":1,"Total_sales_vol":21.98000144958496,"rate_of_return":0.0}
{"window":{"start":"2022-05-06T23:39:00.000Z","end":"2022-05-06T23:40:00.000Z"},"country":"United Kingdom","OPM":16,"Total_sales_vol":1391.8000167012215,"rate_of_return":0.041666666666666664}
{"window":{"start":"2022-05-09T15:43:00.000Z","end":"2022-05-09T15:44:00.000Z"},"country":"United Kingdom","OPM":11,"Total_sales_vol":287.29000356793404,"rate_of_return":0.0}
{"window":{"start":"2022-05-05T20:41:00.000Z","end":"2022-05-05T20:42:00.000Z"},"country":"Germany","OPM":1,"Total_sales_vol":37.510000705718994,"rate_of_return":0.0}
{"window":{"start":"2022-05-06T13:35:00.000Z","end":"2022-05-06T13:36:00.000Z"},"country":"United Kingdom","OPM":9,"Total_sales_vol":559.2499868273735,"rate_of_return":0.0}
{"window":{"start":"2022-05-07T16:10:00.000Z","end":"2022-05-07T16:11:00.000Z"},"country":"United Kingdom","OPM":4,"Total_sales_vol":138.07999682426453,"rate_of_return":0.0}
{"window":{"start":"2022-05-08T23:13:00.000Z","end":"2022-05-08T23:14:00.000Z"},"country":"United Kingdom","OPM":7,"Total_sales_vol":278.47999811172485,"rate_of_return":0.08333333333333333}
{"window":{"start":"2022-05-09T21:02:00.000Z","end":"2022-05-09T21:03:00.000Z"},"country":"United Kingdom","OPM":9,"Total_sales_vol":381.47000336647034,"rate_of_return":0.0}
{"window":{"start":"2022-05-09T08:51:00.000Z","end":"2022-05-09T08:52:00.000Z"},"country":"Portugal","OPM":1,"Total_sales_vol":334.9099988937378,"rate_of_return":0.0}
{"window":{"start":"2022-05-06T04:15:00.000Z","end":"2022-05-06T04:16:00.000Z"},"country":"United Kingdom","OPM":9,"Total_sales_vol":1088.0299718379974,"rate_of_return":0.0}
{"window":{"start":"2022-05-10T13:32:00.000Z","end":"2022-05-10T13:33:00.000Z"},"country":"United Kingdom","OPM":11,"Total_sales_vol":561.6499938368797,"rate_of_return":0.0}
{"window":{"start":"2022-05-08T14:37:00.000Z","end":"2022-05-08T14:38:00.000Z"},"country":"United Kingdom","OPM":8,"Total_sales_vol":384.45000636577606,"rate_of_return":0.15625}
{"window":{"start":"2022-05-08T09:51:00.000Z","end":"2022-05-08T09:52:00.000Z"},"country":"United Kingdom","OPM":3,"Total_sales_vol":213.9000025987625,"rate_of_return":0.0}
{"window":{"start":"2022-05-08T19:55:00.000Z","end":"2022-05-08T19:56:00.000Z"},"country":"United Kingdom","OPM":7,"Total_sales_vol":257.9299934208393,"rate_of_return":0.0}
