{"window":{"start":"2022-05-08T09:50:00.000Z","end":"2022-05-08T09:51:00.000Z"},"country":"United Kingdom","OPM":6,"Total_sales_vol":630.7099955379963,"rate_of_return":0.0}
{"window":{"start":"2022-05-09T18:01:00.000Z","end":"2022-05-09T18:02:00.000Z"},"country":"France","OPM":1,"Total_sales_vol":167.60000228881836,"rate_of_return":0.0}
{"window":{"start":"2022-05-06T12:59:00.000Z","end":"2022-05-06T13:00:00.000Z"},"country":"United Kingdom","OPM":7,"Total_sales_vol":317.01999551057816,"rate_of_return":0.125}
{"window":{"start":"2022-05-07T10:38:00.000Z","end":"2022-05-07T10:39:00.000Z"},"country":"Cyprus","OPM":1,"Total_sales_vol":13.34000015258789,"rate_of_return":0.0}
{"window":{"start":"2022-05-10T03:32:00.000Z","end":"2022-05-10T03:33:00.000Z"},"country":"Spain","OPM":1,"Total_sales_vol":56.63999927043915,"rate_of_return":0.0}
{"window":{"start":"2022-05-08T06:28:00.000Z","end":"2022-05-08T06:29:00.000Z"},"country":"United Kingdom","OPM":9,"Total_sales_vol":575.1900166273117,"rate_of_return":0.0}
{"window":{"start":"2022-05-08T08:38:00.000Z","end":"2022-05-08T08:39:00.000Z"},"country":"EIRE","OPM":1,"Total_sales_vol":103.42999935150146,"rate_of_return":0.0}
{"window":{"start":"2022-05-06T10:00:00.000Z","end":"2022-05-06T10:01:00.000Z"},"country":"Australia","OPM":1,"Total_sales_vol":749.3799901008606,"rate_of_return":0.0}
{"window":{"start":"2022-05-06T16:28:00.000Z","end":"2022-05-06T16:29:00.000Z"},"country":"Germany","OPM":1,"Total_sales_vol":80.11000192165375,"rate_of_return":0.0}
{"window":{"start":"2022-05-08T12:39:00.000Z","end":"2022-05-08T12:40:00.000Z"},"country":"United Kingdom","OPM":8,"Total_sales_vol":479.3399912416935,"rate_of_return":0.0}
{"window":{"start":"2022-05-07T05:14:00.000Z","end":"2022-05-07T05:15:00.000Z"},"country":"United Kingdom","OPM":11,"Total_sales_vol":792.939989566803,"rate_of_return":0.0}
{"window":{"start":"2022-05-08T13:39:00.000Z","end":"2022-05-08T13:40:00.000Z"},"country":"United Kingdom","OPM":7,"Total_sales_vol":506.19999516010284,"rate_of_return":0.13043478260869565}
{"window":{"start":"2022-05-10T09:06:00.000Z","end":"2022-05-10T09:07:00.000Z"},"country":"EIRE","OPM":1,"Total_sales_vol":209.0,"rate_of_return":0.0}
{"window":{"start":"2022-05-08T13:31:00.000Z","end":"2022-05-08T13:32:00.000Z"},"country":"United Kingdom","OPM":10,"Total_sales_vol":875.370002746582,"rate_of_return":0.0}
{"window":{"start":"2022-05-05T22:09:00.000Z","end":"2022-05-05T22:10:00.000Z"},"country":"France","OPM":1,"Total_sales_vol":17.700000762939453,"rate_of_return":0.0}
{"window":{"start":"2022-05-10T00:13:00.000Z","end":"2022-05-10T00:14:00.000Z"},"country":"EIRE","OPM":1,"Total_sales_vol":42.77999949455261,"rate_of_return":0.0}
{"window":{"start":"2022-05-06T15:09:00.000Z","end":"2022-05-06T15:10:00.000Z"},"country":"Germany","OPM":2,"Total_sales_vol":89.5,"rate_of_return":0.0}
{"window":{"start":"2022-05-09T18:12:00.000Z","end":"2022-05-09T18:13:00.000Z"},"country":"United Kingdom","OPM":9,"Total_sales_vol":942.5800105333328,"rate_of_return":0.0}
{"window":{"start":"2022-05-07T22:12:00.000Z","end":"2022-05-07T22:13:00.000Z"},"country":"Netherlands","OPM":1,"Total_sales_vol":33.459999561309814,"rate_of_return":0.0}
{"window":{"start":"2022-05-06T09:45:00.000Z","end":"2022-05-06T09:46:00.000Z"},"country":"United Kingdom","OPM":8,"Total_sales_vol":229.30999982357025,"rate_of_return":0.0}
{"window":{"start":"2022-05-09T09:16:00.000Z","end":"2022-05-09T09:17:00.000Z"},"country":"United Kingdom","OPM":9,"Total_sales_vol":532.809986114502,"rate_of_return":0.03333333333333333}
{"window":{"start":"2022-05-06T09:05:00.000Z","end":"2022-05-06T09:06:00.000Z"},"country":"Germany","OPM":1,"Total_sales_vol":64.86000061035156,"rate_of_return":0.0}
{"window":{"start":"2022-05-06T10:52:00.000Z","end":"2022-05-06T10:53:00.000Z"},"country":"France","OPM":1,"Total_sales_vol":77.79999905824661,"rate_of_return":0.0}
{"window":{"start":"2022-05-06T04:40:00.000Z","end":"2022-05-06T04:41:00.000Z"},"country":"United Kingdom","OPM":4,"Total_sales_vol":282.9599994421005,"rate_of_return":0.0}
{"window":{"start":"2022-05-07T00:14:00.000Z","end":"2022-05-07T00:15:00.000Z"},"country":"EIRE","OPM":1,"Total_sales_vol":63.299999952316284,"rate_of_return":0.0}
{"window":{"start":"2022-05-10T12:34:00.000Z","end":"2022-05-10T12:35:00.000Z"},"country":"United Kingdom","OPM":17,"Total_sales_vol":753.6099833548069,"rate_of_return":0.0}
{"window":{"start":"2022-05-06T23:25:00.000Z","end":"2022-05-06T23:26:00.000Z"},"country":"United Kingdom","OPM":12,"Total_sales_vol":835.0600053071976,"rate_of_return":0.02631578947368421}
{"window":{"start":"2022-05-09T21:07:00.000Z","end":"2022-05-09T21:08:00.000Z"},"country":"Norway","OPM":1,"Total_sales_vol":13.970000267028809,"rate_of_return":0.0}
{"window":{"start":"2022-05-08T11:29:00.000Z","end":"2022-05-08T11:30:00.000Z"},"country":"United Kingdom","OPM":6,"Total_sales_vol":193.91999870538712,"rate_of_return":0.0}
{"window":{"start":"2022-05-06T05:45:00.000Z","end":"2022-05-06T05:46:00.000Z"},"country":"Netherlands","OPM":1,"Total_sales_vol":11.559999585151672,"rate_of_return":0.0}
{"window":{"start":"2022-05-06T04:55:00.000Z","end":"2022-05-06T04:56:00.000Z"},"country":"France","OPM":1,"Total_sales_vol":322.5999946594238,"rate_of_return":0.0}
{"window":{"start":"2022-05-06T11:46:00.000Z","end":"2022-05-06T11:47:00.000Z"},"country":"United Kingdom","OPM":8,"Total_sales_vol":934.8699997961521,"rate_of_return":0.0}
{"window":{"start":"2022-05-06T12:05:00.000Z","end":"2022-05-06T12:06:00.000Z"},"country":"United Kingdom","OPM":5,"Total_sales_vol":219.37999749183655,"rate_of_return":0.0}
{"window":{"start":"2022-05-08T19:32:00.000Z","end":"2022-05-08T19:33:00.000Z"},"country":"United Kingdom","OPM":13,"Total_sales_vol":884.9700068235397,"rate_of_return":0.0851063829787234}
{"window":{"start":"2022-05-06T10:23:00.000Z","end":"2022-05-06T10:24:00.000Z"},"country":"United Kingdom","OPM":13,"Total_sales_vol":1169.5999942421913,"rate_of_return":0.0}
{"window":{"start":"2022-05-10T01:26:00.000Z","end":"2022-05-10T01:27:00.000Z"},"country":"EIRE","OPM":1,"Total_sales_vol":29.610000610351562,"rate_of_return":0.0}
{"window":{"start":"2022-05-10T03:32:00.000Z","end":"2022-05-10T03:33:00.000Z"},"country":"France","OPM":1,"Total_sales_vol":21.8799991607666,"rate_of_return":0.0}
{"window":{"start":"2022-05-07T12:15:00.000Z","end":"2022-05-07T12:16:00.000Z"},"country":"United Kingdom","OPM":4,"Total_sales_vol":156.4500024318695,"rate_of_return":0.0}
{"window":{"start":"2022-05-07T03:13:00.000Z","end":"2022-05-07T03:14:00.000Z"},"country":"United Kingdom","OPM":12,"Total_sales_vol":1200.930004477501,"rate_of_return":0.0}
{"window":{"start":"2022-05-07T07:45:00.000Z","end":"2022-05-07T07:46:00.000Z"},"country":"United Kingdom","OPM":4,"Total_sales_vol":105.08000200986862,"rate_of_return":0.0}
{"window":{"start":"2022-05-09T07:24:00.000Z","end":"2022-05-09T07:25:00.000Z"},"country":"United Kingdom","OPM":12,"Total_sales_vol":534.289994508028,"rate_of_return":0.0}
{"window":{"start":"2022-05-09T12:36:00.000Z","end":"2022-05-09T12:37:00.000Z"},"country":"France","OPM":1,"Total_sales_vol":6.610000014305115,"rate_of_return":0.0}
{"window":{"start":"2022-05-08T01:19:00.000Z","end":"2022-05-08T01:20:00.000Z"},"country":"Switzerland","OPM":1,"Total_sales_vol":1.25,"rate_of_return":0.0}
{"window":{"start":"2022-05-09T11:25:00.000Z","end":"2022-05-09T11:26:00.000Z"},"country":"United Kingdom","OPM":9,"Total_sales_vol":529.8699994683266,"rate_of_return":0.0}
{"window":{"start":"2022-05-09T05:21:00.000Z","end":"2022-05-09T05:22:00.000Z"},"country":"Netherlands","OPM":1,"Total_sales_vol":10.079999804496765,"rate_of_return":0.0}
{"window":{"start":"2022-05-09T12:58:00.000Z","end":"2022-05-09T12:59:00.000Z"},"country":"United Kingdom","OPM":5,"Total_sales_vol":347.05000162124634,"rate_of_return":0.1111111111111111}
{"window":{"start":"2022-05-10T11:35:00.000Z","end":"2022-05-10T11:36:00.000Z"},"country":"Germany","OPM":2,"Total_sales_vol":21.850000858306885,"rate_of_return":0.0}
{"window":{"start":"2022-05-06T22:23:00.000Z","end":"2022-05-06T22:24:00.000Z"},"country":"Norway","OPM":1,"Total_sales_vol":51.90000009536743,"rate_of_return":0.0}
{"window":{"start":"2022-05-08T10:29:00.000Z","end":"2022-05-08T10:30:00.000Z"},"country":"Belgium","OPM":1,"Total_sales_vol":46.82999950647354,"rate_of_return":0.0}
{"window":{"start":"2022-05-09T01:37:00.000Z","end":"2022-05-09T01:38:00.000Z"},"country":"United Kingdom","OPM":10,"Total_sales_vol":3135.7900063991547,"rate_of_return":0.05555555555555555}
{"window":{"start":"2022-05-05T23:31:00.000Z","end":"2022-05-05T23:32:00.000Z"},"country":"Channel Islands","OPM":1,"Total_sales_vol":43.40999937057495,"rate_of_return":0.0}
{"window":{"start":"2022-05-05T19:03:00.000Z","end":"2022-05-05T19:04:00.000Z"},"country":"United Kingdom","OPM":11,"Total_sales_vol":1339.570019364357,"rate_of_return":0.05714285714285714}
{"window":{"start":"2022-05-06T01:32:00.000Z","end":"2022-05-06T01:33:00.000Z"},"country":"United Kingdom","OPM":11,"Total_sales_vol":664.3999972119927,"rate_of_return":0.0}
{"window":{"start":"2022-05-09T08:48:00.000Z","end":"2022-05-09T08:49:00.000Z"},"country":"United Kingdom","OPM":12,"Total_sales_vol":1002.460006415844,"rate_of_return":0.06976744186046512}
