{"window":{"start":"2022-05-08T05:58:00.000Z","end":"2022-05-08T05:59:00.000Z"},"country":"France","OPM":1,"Total_sales_vol":70.80000305175781,"rate_of_return":0.0}
{"window":{"start":"2022-05-05T20:07:00.000Z","end":"2022-05-05T20:08:00.000Z"},"country":"United Kingdom","OPM":12,"Total_sales_vol":680.4000002741814,"rate_of_return":0.05660377358490566}
{"window":{"start":"2022-05-09T11:37:00.000Z","end":"2022-05-09T11:38:00.000Z"},"country":"United Kingdom","OPM":12,"Total_sales_vol":1106.720006376505,"rate_of_return":0.0}
{"window":{"start":"2022-05-09T11:38:00.000Z","end":"2022-05-09T11:39:00.000Z"},"country":"Germany","OPM":1,"Total_sales_vol":29.670000076293945,"rate_of_return":0.0}
{"window":{"start":"2022-05-07T17:01:00.000Z","end":"2022-05-07T17:02:00.000Z"},"country":"Switzerland","OPM":1,"Total_sales_vol":84.05999898910522,"rate_of_return":0.0}
{"window":{"start":"2022-05-05T22:45:00.000Z","end":"2022-05-05T22:46:00.000Z"},"country":"France","OPM":1,"Total_sales_vol":2.4600000381469727,"rate_of_return":0.0}
{"window":{"start":"2022-05-10T06:53:00.000Z","end":"2022-05-10T06:54:00.000Z"},"country":"United Kingdom","OPM":5,"Total_sales_vol":302.32000491023064,"rate_of_return":0.34615384615384615}
{"window":{"start":"2022-05-06T13:58:00.000Z","end":"2022-05-06T13:59:00.000Z"},"country":"Norway","OPM":1,"Total_sales_vol":170.34000074863434,"rate_of_return":0.0}
{"window":{"start":"2022-05-08T02:55:00.000Z","end":"2022-05-08T02:56:00.000Z"},"country":"United Kingdom","OPM":11,"Total_sales_vol":277.2600027322769,"rate_of_return":0.06451612903225806}
{"window":{"start":"2022-05-07T07:53:00.000Z","end":"2022-05-07T07:54:00.000Z"},"country":"United Kingdom","OPM":8,"Total_sales_vol":1320.4199956059456,"rate_of_return":0.0}
{"window":{"start":"2022-05-07T14:04:00.000Z","end":"2022-05-07T14:05:00.000Z"},"country":"United Kingdom","OPM":7,"Total_sales_vol":177.62000060081482,"rate_of_return":0.0}
{"window":{"start":"2022-05-10T12:19:00.000Z","end":"2022-05-10T12:20:00.000Z"},"country":"United Kingdom","OPM":9,"Total_sales_vol":1671.2900210618973,"rate_of_return":0.0}
{"window":{"start":"2022-05-07T17:09:00.000Z","end":"2022-05-07T17:10:00.000Z"},"country":"Switzerland","OPM":1,"Total_sales_vol":17.81999969482422,"rate_of_return":0.0}
{"window":{"start":"2022-05-07T22:21:00.000Z","end":"2022-05-07T22:22:00.000Z"},"country":"Portugal","OPM":1,"Total_sales_vol":77.22999882698059,"rate_of_return":0.0}
{"window":{"start":"2022-05-08T20:55:00.000Z","end":"2022-05-08T20:56:00.000Z"},"country":"United Kingdom","OPM":12,"Total_sales_vol":438.40996903181076,"rate_of_return":0.06060606060606061}
{"window":{"start":"2022-05-08T10:14:00.000Z","end":"2022-05-08T10:15:00.000Z"},"country":"Germany","OPM":1,"Total_sales_vol":106.51000094413757,"rate_of_return":0.0}
{"window":{"start":"2022-05-06T07:15:00.000Z","end":"2022-05-06T07:16:00.000Z"},"country":"United Kingdom","OPM":10,"Total_sales_vol":468.909997433424,"rate_of_return":0.125}
{"window":{"start":"2022-05-07T01:19:00.000Z","end":"2022-05-07T01:20:00.000Z"},"country":"United Kingdom","OPM":11,"Total_sales_vol":580.6699929833412,"rate_of_return":0.09375}
{"window":{"start":"2022-05-07T02:56:00.000Z","end":"2022-05-07T02:57:00.000Z"},"country":"EIRE","OPM":1,"Total_sales_vol":19.559999465942383,"rate_of_return":0.0}
{"window":{"start":"2022-05-08T12:12:00.000Z","end":"2022-05-08T12:13:00.000Z"},"country":"United Kingdom","OPM":13,"Total_sales_vol":2412.8300001621246,"rate_of_return":0.07462686567164178}
{"window":{"start":"2022-05-07T04:49:00.000Z","end":"2022-05-07T04:50:00.000Z"},"country":"Germany","OPM":1,"Total_sales_vol":49.55000305175781,"rate_of_return":0.0}
{"window":{"start":"2022-05-09T02:54:00.000Z","end":"2022-05-09T02:55:00.000Z"},"country":"United Kingdom","OPM":14,"Total_sales_vol":824.2400064468384,"rate_of_return":0.0}
{"window":{"start":"2022-05-08T01:59:00.000Z","end":"2022-05-08T02:00:00.000Z"},"country":"United Kingdom","OPM":10,"Total_sales_vol":892.0800044834614,"rate_of_return":0.1702127659574468}
{"window":{"start":"2022-05-07T20:08:00.000Z","end":"2022-05-07T20:09:00.000Z"},"country":"United Kingdom","OPM":7,"Total_sales_vol":190.089998960495,"rate_of_return":0.0}
{"window":{"start":"2022-05-08T17:37:00.000Z","end":"2022-05-08T17:38:00.000Z"},"country":"United Kingdom","OPM":12,"Total_sales_vol":426.97998464107513,"rate_of_return":0.12903225806451613}
{"window":{"start":"2022-05-09T19:46:00.000Z","end":"2022-05-09T19:47:00.000Z"},"country":"United Kingdom","OPM":11,"Total_sales_vol":795.8300147652626,"rate_of_return":0.0}
{"window":{"start":"2022-05-09T02:41:00.000Z","end":"2022-05-09T02:42:00.000Z"},"country":"Portugal","OPM":1,"Total_sales_vol":0.550000011920929,"rate_of_return":0.0}
{"window":{"start":"2022-05-09T23:03:00.000Z","end":"2022-05-09T23:04:00.000Z"},"country":"Norway","OPM":1,"Total_sales_vol":232.9999908208847,"rate_of_return":0.0}
{"window":{"start":"2022-05-07T08:08:00.000Z","end":"2022-05-07T08:09:00.000Z"},"country":"Germany","OPM":1,"Total_sales_vol":32.0,"rate_of_return":0.0}
{"window":{"start":"2022-05-07T19:06:00.000Z","end":"2022-05-07T19:07:00.000Z"},"country":"United Kingdom","OPM":11,"Total_sales_vol":1073.329985871911,"rate_of_return":0.058823529411764705}
{"window":{"start":"2022-05-05T16:58:00.000Z","end":"2022-05-05T16:59:00.000Z"},"country":"United Kingdom","OPM":10,"Total_sales_vol":1100.2500031590462,"rate_of_return":0.0}
{"window":{"start":"2022-05-09T23:36:00.000Z","end":"2022-05-09T23:37:00.000Z"},"country":"France","OPM":1,"Total_sales_vol":6.579999923706055,"rate_of_return":0.0}
{"window":{"start":"2022-05-06T14:26:00.000Z","end":"2022-05-06T14:27:00.000Z"},"country":"EIRE","OPM":1,"Total_sales_vol":8.230000019073486,"rate_of_return":0.0}
{"window":{"start":"2022-05-08T11:39:00.000Z","end":"2022-05-08T11:40:00.000Z"},"country":"Portugal","OPM":1,"Total_sales_vol":129.7899992465973,"rate_of_return":0.0}
{"window":{"start":"2022-05-09T04:30:00.000Z","end":"2022-05-09T04:31:00.000Z"},"country":"United Kingdom","OPM":11,"Total_sales_vol":472.2499928474426,"rate_of_return":0.0}
{"window":{"start":"2022-05-07T06:03:00.000Z","end":"2022-05-07T06:04:00.000Z"},"country":"EIRE","OPM":1,"Total_sales_vol":9.949999809265137,"rate_of_return":0.0}
{"window":{"start":"2022-05-07T08:47:00.000Z","end":"2022-05-07T08:48:00.000Z"},"country":"France","OPM":1,"Total_sales_vol":114.37000042200089,"rate_of_return":0.0}
{"window":{"start":"2022-05-07T03:19:00.000Z","end":"2022-05-07T03:20:00.000Z"},"country":"United Kingdom","OPM":10,"Total_sales_vol":307.9099975824356,"rate_of_return":0.0}
{"window":{"start":"2022-05-07T22:02:00.000Z","end":"2022-05-07T22:03:00.000Z"},"country":"United Kingdom","OPM":11,"Total_sales_vol":1004.1500512361526,"rate_of_return":0.0}
{"window":{"start":"2022-05-08T14:30:00.000Z","end":"2022-05-08T14:31:00.000Z"},"country":"United Kingdom","OPM":8,"Total_sales_vol":343.6099933385849,"rate_of_return":0.0}
{"window":{"start":"2022-05-09T15:03:00.000Z","end":"2022-05-09T15:04:00.000Z"},"country":"Portugal","OPM":1,"Total_sales_vol":287.55000001192093,"rate_of_return":0.0}
{"window":{"start":"2022-05-09T02:27:00.000Z","end":"2022-05-09T02:28:00.000Z"},"country":"United Kingdom","OPM":12,"Total_sales_vol":689.3700145483017,"rate_of_return":0.0}
{"window":{"start":"2022-05-09T03:41:00.000Z","end":"2022-05-09T03:42:00.000Z"},"country":"United Kingdom","OPM":14,"Total_sales_vol":665.8999984264374,"rate_of_return":0.023255813953488372}
{"window":{"start":"2022-05-08T14:20:00.000Z","end":"2022-05-08T14:21:00.000Z"},"country":"United Kingdom","OPM":5,"Total_sales_vol":416.2900104522705,"rate_of_return":0.0}
{"window":{"start":"2022-05-06T06:25:00.000Z","end":"2022-05-06T06:26:00.000Z"},"country":"United Kingdom","OPM":14,"Total_sales_vol":642.9999929666519,"rate_of_return":0.0}
{"window":{"start":"2022-05-07T20:02:00.000Z","end":"2022-05-07T20:03:00.000Z"},"country":"EIRE","OPM":1,"Total_sales_vol":19.739999771118164,"rate_of_return":0.0}
{"window":{"start":"2022-05-07T02:32:00.000Z","end":"2022-05-07T02:33:00.000Z"},"country":"United Kingdom","OPM":15,"Total_sales_vol":809.9000006020069,"rate_of_return":0.0}
{"window":{"start":"2022-05-09T08:26:00.000Z","end":"2022-05-09T08:27:00.000Z"},"country":"Spain","OPM":1,"Total_sales_vol":123.82999992370605,"rate_of_return":0.0}
{"window":{"start":"2022-05-09T12:24:00.000Z","end":"2022-05-09T12:25:00.000Z"},"country":"Germany","OPM":3,"Total_sales_vol":54.830002784729004,"rate_of_return":0.2857142857142857}
{"window":{"start":"2022-05-06T20:28:00.000Z","end":"2022-05-06T20:29:00.000Z"},"country":"United Kingdom","OPM":11,"Total_sales_vol":1516.690044105053,"rate_of_return":0.0}
{"window":{"start":"2022-05-08T19:06:00.000Z","end":"2022-05-08T19:07:00.000Z"},"country":"United Kingdom","OPM":17,"Total_sales_vol":1183.9500007331371,"rate_of_return":0.0}
{"window":{"start":"2022-05-07T16:35:00.000Z","end":"2022-05-07T16:36:00.000Z"},"country":"United Kingdom","OPM":6,"Total_sales_vol":561.87999522686,"rate_of_return":0.0}
{"window":{"start":"2022-05-06T13:34:00.000Z","end":"2022-05-06T13:35:00.000Z"},"country":"Netherlands","OPM":1,"Total_sales_vol":11.25,"rate_of_return":0.0}
{"window":{"start":"2022-05-08T22:31:00.000Z","end":"2022-05-08T22:32:00.000Z"},"country":"EIRE","OPM":1,"Total_sales_vol":121.91999816894531,"rate_of_return":0.0}
{"window":{"start":"2022-05-09T14:34:00.000Z","end":"2022-05-09T14:35:00.000Z"},"country":"Unspecified","OPM":1,"Total_sales_vol":79.20000457763672,"rate_of_return":0.0}
{"window":{"start":"2022-05-09T22:53:00.000Z","end":"2022-05-09T22:54:00.000Z"},"country":"Germany","OPM":1,"Total_sales_vol":70.02000045776367,"rate_of_return":0.0}
{"window":{"start":"2022-05-07T15:05:00.000Z","end":"2022-05-07T15:06:00.000Z"},"country":"United Kingdom","OPM":13,"Total_sales_vol":1368.1000054776669,"rate_of_return":0.0}
{"window":{"start":"2022-05-07T22:27:00.000Z","end":"2022-05-07T22:28:00.000Z"},"country":"United Kingdom","OPM":13,"Total_sales_vol":399.3899997472763,"rate_of_return":0.0}
{"window":{"start":"2022-05-10T09:00:00.000Z","end":"2022-05-10T09:01:00.000Z"},"country":"United Kingdom","OPM":5,"Total_sales_vol":351.1299995929003,"rate_of_return":0.0}
{"window":{"start":"2022-05-06T09:10:00.000Z","end":"2022-05-06T09:11:00.000Z"},"country":"Portugal","OPM":1,"Total_sales_vol":6.75,"rate_of_return":0.0}
{"window":{"start":"2022-05-08T23:08:00.000Z","end":"2022-05-08T23:09:00.000Z"},"country":"United Kingdom","OPM":7,"Total_sales_vol":338.23999363183975,"rate_of_return":0.0}
{"window":{"start":"2022-05-06T14:14:00.000Z","end":"2022-05-06T14:15:00.000Z"},"country":"EIRE","OPM":1,"Total_sales_vol":-8.289999842643738,"rate_of_return":1.0}
{"window":{"start":"2022-05-08T01:45:00.000Z","end":"2022-05-08T01:46:00.000Z"},"country":"United Kingdom","OPM":8,"Total_sales_vol":310.9999969005585,"rate_of_return":0.0}
{"window":{"start":"2022-05-08T06:38:00.000Z","end":"2022-05-08T06:39:00.000Z"},"country":"United Kingdom","OPM":11,"Total_sales_vol":471.38999542593956,"rate_of_return":0.1935483870967742}
{"window":{"start":"2022-05-07T00:50:00.000Z","end":"2022-05-07T00:51:00.000Z"},"country":"EIRE","OPM":1,"Total_sales_vol":121.65999782085419,"rate_of_return":0.0}
{"window":{"start":"2022-05-09T23:34:00.000Z","end":"2022-05-09T23:35:00.000Z"},"country":"Switzerland","OPM":1,"Total_sales_vol":11.59000015258789,"rate_of_return":0.0}
{"window":{"start":"2022-05-06T20:11:00.000Z","end":"2022-05-06T20:12:00.000Z"},"country":"United Kingdom","OPM":11,"Total_sales_vol":641.3199833631516,"rate_of_return":0.09090909090909091}
{"window":{"start":"2022-05-09T14:06:00.000Z","end":"2022-05-09T14:07:00.000Z"},"country":"United Kingdom","OPM":4,"Total_sales_vol":256.67999678850174,"rate_of_return":0.0}
{"window":{"start":"2022-05-07T10:24:00.000Z","end":"2022-05-07T10:25:00.000Z"},"country":"United Kingdom","OPM":9,"Total_sales_vol":291.0200048685074,"rate_of_return":0.0}
{"window":{"start":"2022-05-09T00:01:00.000Z","end":"2022-05-09T00:02:00.000Z"},"country":"United Kingdom","OPM":10,"Total_sales_vol":991.6700119376183,"rate_of_return":0.0}
{"window":{"start":"2022-05-07T17:40:00.000Z","end":"2022-05-07T17:41:00.000Z"},"country":"United Kingdom","OPM":7,"Total_sales_vol":464.1200067102909,"rate_of_return":0.0}
