{"window":{"start":"2022-05-06T23:01:00.000Z","end":"2022-05-06T23:02:00.000Z"},"country":"United Kingdom","OPM":4,"Total_sales_vol":420.9099881052971,"rate_of_return":0.0}
{"window":{"start":"2022-05-08T17:19:00.000Z","end":"2022-05-08T17:20:00.000Z"},"country":"United Kingdom","OPM":13,"Total_sales_vol":991.2099961042404,"rate_of_return":0.08163265306122448}
{"window":{"start":"2022-05-09T09:33:00.000Z","end":"2022-05-09T09:34:00.000Z"},"country":"United Kingdom","OPM":11,"Total_sales_vol":735.819993108511,"rate_of_return":0.0851063829787234}
{"window":{"start":"2022-05-08T08:22:00.000Z","end":"2022-05-08T08:23:00.000Z"},"country":"United Kingdom","OPM":11,"Total_sales_vol":558.8600082397461,"rate_of_return":0.09375}
{"window":{"start":"2022-05-09T10:51:00.000Z","end":"2022-05-09T10:52:00.000Z"},"country":"Netherlands","OPM":1,"Total_sales_vol":69.84000015258789,"rate_of_return":0.0}
{"window":{"start":"2022-05-08T00:11:00.000Z","end":"2022-05-08T00:12:00.000Z"},"country":"Switzerland","OPM":1,"Total_sales_vol":27.45000147819519,"rate_of_return":0.0}
{"window":{"start":"2022-05-07T16:57:00.000Z","end":"2022-05-07T16:58:00.000Z"},"country":"United Kingdom","OPM":9,"Total_sales_vol":357.92000460624695,"rate_of_return":0.05}
{"window":{"start":"2022-05-10T13:07:00.000Z","end":"2022-05-10T13:08:00.000Z"},"country":"United Kingdom","OPM":7,"Total_sales_vol":153.39999547600746,"rate_of_return":0.25}
{"window":{"start":"2022-05-08T02:55:00.000Z","end":"2022-05-08T02:56:00.000Z"},"country":"Germany","OPM":1,"Total_sales_vol":416.4500000476837,"rate_of_return":0.0}
{"window":{"start":"2022-05-10T12:34:00.000Z","end":"2022-05-10T12:35:00.000Z"},"country":"Netherlands","OPM":1,"Total_sales_vol":26.3799991607666,"rate_of_return":0.0}
{"window":{"start":"2022-05-06T16:54:00.000Z","end":"2022-05-06T16:55:00.000Z"},"country":"United Kingdom","OPM":5,"Total_sales_vol":863.0700299739838,"rate_of_return":0.0}
{"window":{"start":"2022-05-09T22:42:00.000Z","end":"2022-05-09T22:43:00.000Z"},"country":"United Kingdom","OPM":8,"Total_sales_vol":375.4500040411949,"rate_of_return":0.0}
{"window":{"start":"2022-05-05T22:06:00.000Z","end":"2022-05-05T22:07:00.000Z"},"country":"United Kingdom","OPM":5,"Total_sales_vol":228.71999847888947,"rate_of_return":0.0}
{"window":{"start":"2022-05-07T22:54:00.000Z","end":"2022-05-07T22:55:00.000Z"},"country":"Belgium","OPM":1,"Total_sales_vol":-35.699997901916504,"rate_of_return":1.0}
{"window":{"start":"2022-05-05T18:52:00.000Z","end":"2022-05-05T18:53:00.000Z"},"country":"Germany","OPM":1,"Total_sales_vol":17.700000762939453,"rate_of_return":0.0}
{"window":{"start":"2022-05-06T21:44:00.000Z","end":"2022-05-06T21:45:00.000Z"},"country":"Germany","OPM":1,"Total_sales_vol":63.95999574661255,"rate_of_return":0.0}
{"window":{"start":"2022-05-09T03:45:00.000Z","end":"2022-05-09T03:46:00.000Z"},"country":"EIRE","OPM":1,"Total_sales_vol":80.60999989509583,"rate_of_return":0.0}
{"window":{"start":"2022-05-10T07:38:00.000Z","end":"2022-05-10T07:39:00.000Z"},"country":"France","OPM":1,"Total_sales_vol":55.71000075340271,"rate_of_return":0.0}
{"window":{"start":"2022-05-05T19:55:00.000Z","end":"2022-05-05T19:56:00.000Z"},"country":"United Kingdom","OPM":12,"Total_sales_vol":2571.459923326969,"rate_of_return":0.0}
{"window":{"start":"2022-05-09T19:38:00.000Z","end":"2022-05-09T19:39:00.000Z"},"country":"United Kingdom","OPM":7,"Total_sales_vol":273.8499985933304,"rate_of_return":0.0}
{"window":{"start":"2022-05-07T23:38:00.000Z","end":"2022-05-07T23:39:00.000Z"},"country":"United Kingdom","OPM":11,"Total_sales_vol":666.9899929761887,"rate_of_return":0.06896551724137931}
{"window":{"start":"2022-05-08T14:23:00.000Z","end":"2022-05-08T14:24:00.000Z"},"country":"United Kingdom","OPM":9,"Total_sales_vol":673.2699888348579,"rate_of_return":0.0}
{"window":{"start":"2022-05-10T10:28:00.000Z","end":"2022-05-10T10:29:00.000Z"},"country":"United Kingdom","OPM":9,"Total_sales_vol":508.5199968367815,"rate_of_return":0.0}
{"window":{"start":"2022-05-09T06:11:00.000Z","end":"2022-05-09T06:12:00.000Z"},"country":"United Kingdom","OPM":5,"Total_sales_vol":-149.93000334501266,"rate_of_return":0.25}
{"window":{"start":"2022-05-07T17:42:00.000Z","end":"2022-05-07T17:43:00.000Z"},"country":"United Kingdom","OPM":8,"Total_sales_vol":283.4000073671341,"rate_of_return":0.0}
{"window":{"start":"2022-05-05T20:03:00.000Z","end":"2022-05-05T20:04:00.000Z"},"country":"Channel Islands","OPM":1,"Total_sales_vol":17.400001525878906,"rate_of_return":0.0}
{"window":{"start":"2022-05-08T03:32:00.000Z","end":"2022-05-08T03:33:00.000Z"},"country":"Israel","OPM":1,"Total_sales_vol":19.05000150203705,"rate_of_return":0.0}
{"window":{"start":"2022-05-07T07:21:00.000Z","end":"2022-05-07T07:22:00.000Z"},"country":"United Kingdom","OPM":3,"Total_sales_vol":92.09999942779541,"rate_of_return":0.0}
{"window":{"start":"2022-05-08T13:43:00.000Z","end":"2022-05-08T13:44:00.000Z"},"country":"United Kingdom","OPM":12,"Total_sales_vol":423.8999993801117,"rate_of_return":0.0}
{"window":{"start":"2022-05-10T12:14:00.000Z","end":"2022-05-10T12:15:00.000Z"},"country":"United Kingdom","OPM":6,"Total_sales_vol":359.24999928474426,"rate_of_return":0.0}
{"window":{"start":"2022-05-09T04:20:00.000Z","end":"2022-05-09T04:21:00.000Z"},"country":"Germany","OPM":1,"Total_sales_vol":23.48000007867813,"rate_of_return":0.0}
{"window":{"start":"2022-05-07T05:25:00.000Z","end":"2022-05-07T05:26:00.000Z"},"country":"United Kingdom","OPM":16,"Total_sales_vol":306.32000356540084,"rate_of_return":0.24489795918367346}
{"window":{"start":"2022-05-08T16:56:00.000Z","end":"2022-05-08T16:57:00.000Z"},"country":"Netherlands","OPM":1,"Total_sales_vol":5.099999904632568,"rate_of_return":0.0}
{"window":{"start":"2022-05-05T22:45:00.000Z","end":"2022-05-05T22:46:00.000Z"},"country":"United Kingdom","OPM":12,"Total_sales_vol":1248.970022559166,"rate_of_return":0.0}
{"window":{"start":"2022-05-09T00:11:00.000Z","end":"2022-05-09T00:12:00.000Z"},"country":"United Kingdom","OPM":11,"Total_sales_vol":1693.2299904376268,"rate_of_return":0.0}
{"window":{"start":"2022-05-07T13:18:00.000Z","end":"2022-05-07T13:19:00.000Z"},"country":"United Kingdom","OPM":9,"Total_sales_vol":322.57999232411385,"rate_of_return":0.3103448275862069}
{"window":{"start":"2022-05-07T07:05:00.000Z","end":"2022-05-07T07:06:00.000Z"},"country":"United Kingdom","OPM":15,"Total_sales_vol":618.1399989128113,"rate_of_return":0.0}
{"window":{"start":"2022-05-08T17:00:00.000Z","end":"2022-05-08T17:01:00.000Z"},"country":"United Kingdom","OPM":12,"Total_sales_vol":900.9200049638748,"rate_of_return":0.0}
{"window":{"start":"2022-05-09T21:18:00.000Z","end":"2022-05-09T21:19:00.000Z"},"country":"United Kingdom","OPM":8,"Total_sales_vol":893.1100055575371,"rate_of_return":0.3}
{"window":{"start":"2022-05-06T15:09:00.000Z","end":"2022-05-06T15:10:00.000Z"},"country":"United Kingdom","OPM":13,"Total_sales_vol":920.8199868798256,"rate_of_return":0.0}
{"window":{"start":"2022-05-07T17:21:00.000Z","end":"2022-05-07T17:22:00.000Z"},"country":"United Kingdom","OPM":3,"Total_sales_vol":17.600001335144043,"rate_of_return":0.3333333333333333}
{"window":{"start":"2022-05-06T23:30:00.000Z","end":"2022-05-06T23:31:00.000Z"},"country":"United Kingdom","OPM":5,"Total_sales_vol":190.3800007402897,"rate_of_return":0.0}
{"window":{"start":"2022-05-09T11:32:00.000Z","end":"2022-05-09T11:33:00.000Z"},"country":"United Kingdom","OPM":14,"Total_sales_vol":1073.9399835467339,"rate_of_return":0.0}
{"window":{"start":"2022-05-08T06:19:00.000Z","end":"2022-05-08T06:20:00.000Z"},"country":"France","OPM":1,"Total_sales_vol":37.38000002503395,"rate_of_return":0.0}
{"window":{"start":"2022-05-05T22:36:00.000Z","end":"2022-05-05T22:37:00.000Z"},"country":"United Kingdom","OPM":16,"Total_sales_vol":488.5899996161461,"rate_of_return":0.10526315789473684}
{"window":{"start":"2022-05-06T16:29:00.000Z","end":"2022-05-06T16:30:00.000Z"},"country":"United Kingdom","OPM":6,"Total_sales_vol":198.24999523162842,"rate_of_return":0.0}
{"window":{"start":"2022-05-10T08:53:00.000Z","end":"2022-05-10T08:54:00.000Z"},"country":"Netherlands","OPM":1,"Total_sales_vol":29.69999921321869,"rate_of_return":0.0}
{"window":{"start":"2022-05-08T10:51:00.000Z","end":"2022-05-08T10:52:00.000Z"},"country":"EIRE","OPM":1,"Total_sales_vol":35.62999999523163,"rate_of_return":0.0}
{"window":{"start":"2022-05-10T06:04:00.000Z","end":"2022-05-10T06:05:00.000Z"},"country":"United Kingdom","OPM":12,"Total_sales_vol":370.38999927043915,"rate_of_return":0.0}
{"window":{"start":"2022-05-07T13:32:00.000Z","end":"2022-05-07T13:33:00.000Z"},"country":"United Kingdom","OPM":13,"Total_sales_vol":757.44999563694,"rate_of_return":0.0}
{"window":{"start":"2022-05-07T13:34:00.000Z","end":"2022-05-07T13:35:00.000Z"},"country":"France","OPM":1,"Total_sales_vol":79.55999946594238,"rate_of_return":0.0}
{"window":{"start":"2022-05-06T09:16:00.000Z","end":"2022-05-06T09:17:00.000Z"},"country":"United Kingdom","OPM":5,"Total_sales_vol":955.8500026464462,"rate_of_return":0.0}
{"window":{"start":"2022-05-05T22:15:00.000Z","end":"2022-05-05T22:16:00.000Z"},"country":"Sweden","OPM":1,"Total_sales_vol":115.92999830842018,"rate_of_return":0.0}
{"window":{"start":"2022-05-07T18:49:00.000Z","end":"2022-05-07T18:50:00.000Z"},"country":"Portugal","OPM":1,"Total_sales_vol":18.319999933242798,"rate_of_return":0.0}
{"window":{"start":"2022-05-07T21:40:00.000Z","end":"2022-05-07T21:41:00.000Z"},"country":"United Kingdom","OPM":7,"Total_sales_vol":279.5100072026253,"rate_of_return":0.0}
{"window":{"start":"2022-05-05T19:02:00.000Z","end":"2022-05-05T19:03:00.000Z"},"country":"Italy","OPM":1,"Total_sales_vol":2.0799999237060547,"rate_of_return":0.0}
{"window":{"start":"2022-05-10T04:30:00.000Z","end":"2022-05-10T04:31:00.000Z"},"country":"United Kingdom","OPM":12,"Total_sales_vol":495.7500025033951,"rate_of_return":0.0}
{"window":{"start":"2022-05-06T04:00:00.000Z","end":"2022-05-06T04:01:00.000Z"},"country":"United Kingdom","OPM":11,"Total_sales_vol":1140.969983100891,"rate_of_return":0.0}
{"window":{"start":"2022-05-05T22:33:00.000Z","end":"2022-05-05T22:34:00.000Z"},"country":"Finland","OPM":1,"Total_sales_vol":-2.5,"rate_of_return":1.0}
{"window":{"start":"2022-05-07T23:44:00.000Z","end":"2022-05-07T23:45:00.000Z"},"country":"United Kingdom","OPM":15,"Total_sales_vol":1212.19999229908,"rate_of_return":0.07692307692307693}
{"window":{"start":"2022-05-07T23:08:00.000Z","end":"2022-05-07T23:09:00.000Z"},"country":"United Kingdom","OPM":6,"Total_sales_vol":379.8599990606308,"rate_of_return":0.0}
{"window":{"start":"2022-05-06T06:32:00.000Z","end":"2022-05-06T06:33:00.000Z"},"country":"Spain","OPM":1,"Total_sales_vol":32.790000200271606,"rate_of_return":0.0}
{"window":{"start":"2022-05-10T02:36:00.000Z","end":"2022-05-10T02:37:00.000Z"},"country":"United Kingdom","OPM":5,"Total_sales_vol":1943.0098875761032,"rate_of_return":0.0}
{"window":{"start":"2022-05-08T22:22:00.000Z","end":"2022-05-08T22:23:00.000Z"},"country":"France","OPM":1,"Total_sales_vol":19.40999937057495,"rate_of_return":0.0}
{"window":{"start":"2022-05-09T14:02:00.000Z","end":"2022-05-09T14:03:00.000Z"},"country":"Belgium","OPM":1,"Total_sales_vol":93.53999900817871,"rate_of_return":0.0}
{"window":{"start":"2022-05-08T09:31:00.000Z","end":"2022-05-08T09:32:00.000Z"},"country":"EIRE","OPM":1,"Total_sales_vol":4.150000095367432,"rate_of_return":0.0}
{"window":{"start":"2022-05-06T00:17:00.000Z","end":"2022-05-06T00:18:00.000Z"},"country":"United Kingdom","OPM":9,"Total_sales_vol":758.8600146770477,"rate_of_return":0.0}
{"window":{"start":"2022-05-07T15:04:00.000Z","end":"2022-05-07T15:05:00.000Z"},"country":"Portugal","OPM":1,"Total_sales_vol":52.74000000953674,"rate_of_return":0.0}
{"window":{"start":"2022-05-09T02:11:00.000Z","end":"2022-05-09T02:12:00.000Z"},"country":"France","OPM":1,"Total_sales_vol":15.919999599456787,"rate_of_return":0.0}
{"window":{"start":"2022-05-09T05:10:00.000Z","end":"2022-05-09T05:11:00.000Z"},"country":"Hong Kong","OPM":1,"Total_sales_vol":22.449999809265137,"rate_of_return":0.0}
{"window":{"start":"2022-05-09T13:22:00.000Z","end":"2022-05-09T13:23:00.000Z"},"country":"United Kingdom","OPM":5,"Total_sales_vol":137.98999869823456,"rate_of_return":0.07692307692307693}
