{"window":{"start":"2022-05-09T01:57:00.000Z","end":"2022-05-09T01:58:00.000Z"},"country":"United Kingdom","OPM":12,"Total_sales_vol":392.03999733924866,"rate_of_return":0.0}
{"window":{"start":"2022-05-08T02:34:00.000Z","end":"2022-05-08T02:35:00.000Z"},"country":"Austria","OPM":1,"Total_sales_vol":31.34999942779541,"rate_of_return":0.0}
{"window":{"start":"2022-05-08T04:57:00.000Z","end":"2022-05-08T04:58:00.000Z"},"country":"Germany","OPM":1,"Total_sales_vol":72.70000076293945,"rate_of_return":0.0}
{"window":{"start":"2022-05-06T02:26:00.000Z","end":"2022-05-06T02:27:00.000Z"},"country":"United Kingdom","OPM":12,"Total_sales_vol":1285.1499736309052,"rate_of_return":0.0}
{"window":{"start":"2022-05-06T09:52:00.000Z","end":"2022-05-06T09:53:00.000Z"},"country":"United Kingdom","OPM":5,"Total_sales_vol":325.81000059843063,"rate_of_return":0.0}
{"window":{"start":"2022-05-06T10:09:00.000Z","end":"2022-05-06T10:10:00.000Z"},"country":"Hong Kong","OPM":1,"Total_sales_vol":21.359999895095825,"rate_of_return":0.0}
{"window":{"start":"2022-05-09T17:45:00.000Z","end":"2022-05-09T17:46:00.000Z"},"country":"Cyprus","OPM":1,"Total_sales_vol":5.150000095367432,"rate_of_return":0.0}
{"window":{"start":"2022-05-10T04:14:00.000Z","end":"2022-05-10T04:15:00.000Z"},"country":"United Kingdom","OPM":10,"Total_sales_vol":261.0900009870529,"rate_of_return":0.22580645161290322}
{"window":{"start":"2022-05-09T19:05:00.000Z","end":"2022-05-09T19:06:00.000Z"},"country":"United Kingdom","OPM":13,"Total_sales_vol":673.6500127911568,"rate_of_return":0.05714285714285714}
{"window":{"start":"2022-05-08T19:07:00.000Z","end":"2022-05-08T19:08:00.000Z"},"country":"United Kingdom","OPM":9,"Total_sales_vol":799.8499839827418,"rate_of_return":0.14285714285714285}
{"window":{"start":"2022-05-09T23:40:00.000Z","end":"2022-05-09T23:41:00.000Z"},"country":"Germany","OPM":1,"Total_sales_vol":17.460000038146973,"rate_of_return":0.0}
{"window":{"start":"2022-05-07T10:01:00.000Z","end":"2022-05-07T10:02:00.000Z"},"country":"France","OPM":1,"Total_sales_vol":41.89999961853027,"rate_of_return":0.0}
{"window":{"start":"2022-05-07T10:37:00.000Z","end":"2022-05-07T10:38:00.000Z"},"country":"United Kingdom","OPM":8,"Total_sales_vol":336.3299899995327,"rate_of_return":0.3793103448275862}
{"window":{"start":"2022-05-06T01:20:00.000Z","end":"2022-05-06T01:21:00.000Z"},"country":"EIRE","OPM":1,"Total_sales_vol":32.64999997615814,"rate_of_return":0.0}
{"window":{"start":"2022-05-08T22:40:00.000Z","end":"2022-05-08T22:41:00.000Z"},"country":"Belgium","OPM":1,"Total_sales_vol":17.579999923706055,"rate_of_return":0.0}
{"window":{"start":"2022-05-09T15:29:00.000Z","end":"2022-05-09T15:30:00.000Z"},"country":"Germany","OPM":1,"Total_sales_vol":72.7599989771843,"rate_of_return":0.0}
{"window":{"start":"2022-05-09T04:23:00.000Z","end":"2022-05-09T04:24:00.000Z"},"country":"United Kingdom","OPM":4,"Total_sales_vol":136.93000042438507,"rate_of_return":0.0}
{"window":{"start":"2022-05-08T07:19:00.000Z","end":"2022-05-08T07:20:00.000Z"},"country":"United Kingdom","OPM":6,"Total_sales_vol":147.3799996972084,"rate_of_return":0.0}
{"window":{"start":"2022-05-09T13:04:00.000Z","end":"2022-05-09T13:05:00.000Z"},"country":"Germany","OPM":1,"Total_sales_vol":39.920000076293945,"rate_of_return":0.0}
{"window":{"start":"2022-05-07T22:58:00.000Z","end":"2022-05-07T22:59:00.000Z"},"country":"France","OPM":1,"Total_sales_vol":275.18001103401184,"rate_of_return":0.0}
{"window":{"start":"2022-05-08T07:31:00.000Z","end":"2022-05-08T07:32:00.000Z"},"country":"EIRE","OPM":1,"Total_sales_vol":90.97000139951706,"rate_of_return":0.0}
{"window":{"start":"2022-05-10T06:16:00.000Z","end":"2022-05-10T06:17:00.000Z"},"country":"United Kingdom","OPM":7,"Total_sales_vol":147.39000076055527,"rate_of_return":0.16666666666666666}
{"window":{"start":"2022-05-06T04:43:00.000Z","end":"2022-05-06T04:44:00.000Z"},"country":"United Kingdom","OPM":6,"Total_sales_vol":168.36000311374664,"rate_of_return":0.0}
{"window":{"start":"2022-05-05T21:09:00.000Z","end":"2022-05-05T21:10:00.000Z"},"country":"United Kingdom","OPM":14,"Total_sales_vol":2390.7200023829937,"rate_of_return":0.13725490196078433}
{"window":{"start":"2022-05-07T22:14:00.000Z","end":"2022-05-07T22:15:00.000Z"},"country":"United Kingdom","OPM":14,"Total_sales_vol":783.1899988949299,"rate_of_return":0.044444444444444446}
{"window":{"start":"2022-05-08T21:51:00.000Z","end":"2022-05-08T21:52:00.000Z"},"country":"Netherlands","OPM":1,"Total_sales_vol":17.399999618530273,"rate_of_return":0.0}
{"window":{"start":"2022-05-08T20:22:00.000Z","end":"2022-05-08T20:23:00.000Z"},"country":"United Kingdom","OPM":9,"Total_sales_vol":-39.05003008246422,"rate_of_return":0.16129032258064516}
{"window":{"start":"2022-05-05T23:29:00.000Z","end":"2022-05-05T23:30:00.000Z"},"country":"EIRE","OPM":2,"Total_sales_vol":318.37001672387123,"rate_of_return":0.0}
{"window":{"start":"2022-05-08T15:14:00.000Z","end":"2022-05-08T15:15:00.000Z"},"country":"United Kingdom","OPM":13,"Total_sales_vol":1072.4100066423416,"rate_of_return":0.06349206349206349}
{"window":{"start":"2022-05-10T08:39:00.000Z","end":"2022-05-10T08:40:00.000Z"},"country":"Netherlands","OPM":1,"Total_sales_vol":46.80999946594238,"rate_of_return":0.0}
{"window":{"start":"2022-05-10T09:29:00.000Z","end":"2022-05-10T09:30:00.000Z"},"country":"United Kingdom","OPM":12,"Total_sales_vol":553.1700079143047,"rate_of_return":0.0}
{"window":{"start":"2022-05-07T02:54:00.000Z","end":"2022-05-07T02:55:00.000Z"},"country":"Australia","OPM":1,"Total_sales_vol":44.90999889373779,"rate_of_return":0.0}
{"window":{"start":"2022-05-07T05:33:00.000Z","end":"2022-05-07T05:34:00.000Z"},"country":"Germany","OPM":1,"Total_sales_vol":44.52000141143799,"rate_of_return":0.0}
{"window":{"start":"2022-05-08T23:32:00.000Z","end":"2022-05-08T23:33:00.000Z"},"country":"Germany","OPM":1,"Total_sales_vol":3.8000000715255737,"rate_of_return":0.0}
{"window":{"start":"2022-05-07T16:28:00.000Z","end":"2022-05-07T16:29:00.000Z"},"country":"United Kingdom","OPM":8,"Total_sales_vol":388.49001094698906,"rate_of_return":0.32432432432432434}
{"window":{"start":"2022-05-09T09:38:00.000Z","end":"2022-05-09T09:39:00.000Z"},"country":"Germany","OPM":1,"Total_sales_vol":47.2299998998642,"rate_of_return":0.0}
{"window":{"start":"2022-05-06T18:03:00.000Z","end":"2022-05-06T18:04:00.000Z"},"country":"Switzerland","OPM":1,"Total_sales_vol":25.570000767707825,"rate_of_return":0.0}
{"window":{"start":"2022-05-08T09:55:00.000Z","end":"2022-05-08T09:56:00.000Z"},"country":"United Kingdom","OPM":9,"Total_sales_vol":2408.67997148633,"rate_of_return":0.0}
{"window":{"start":"2022-05-07T19:04:00.000Z","end":"2022-05-07T19:05:00.000Z"},"country":"France","OPM":1,"Total_sales_vol":-12.5,"rate_of_return":1.0}
{"window":{"start":"2022-05-06T00:09:00.000Z","end":"2022-05-06T00:10:00.000Z"},"country":"United Kingdom","OPM":12,"Total_sales_vol":397.56999784708023,"rate_of_return":0.029411764705882353}
{"window":{"start":"2022-05-07T08:54:00.000Z","end":"2022-05-07T08:55:00.000Z"},"country":"United Kingdom","OPM":10,"Total_sales_vol":2207.1300017237663,"rate_of_return":0.0}
{"window":{"start":"2022-05-07T23:38:00.000Z","end":"2022-05-07T23:39:00.000Z"},"country":"France","OPM":1,"Total_sales_vol":-20.799999237060547,"rate_of_return":1.0}
{"window":{"start":"2022-05-09T03:16:00.000Z","end":"2022-05-09T03:17:00.000Z"},"country":"Germany","OPM":1,"Total_sales_vol":8.399999618530273,"rate_of_return":0.0}
{"window":{"start":"2022-05-06T06:44:00.000Z","end":"2022-05-06T06:45:00.000Z"},"country":"France","OPM":1,"Total_sales_vol":29.520000457763672,"rate_of_return":0.0}
{"window":{"start":"2022-05-08T02:10:00.000Z","end":"2022-05-08T02:11:00.000Z"},"country":"United Kingdom","OPM":10,"Total_sales_vol":445.7399976849556,"rate_of_return":0.0}
{"window":{"start":"2022-05-07T23:38:00.000Z","end":"2022-05-07T23:39:00.000Z"},"country":"Czech Republic","OPM":1,"Total_sales_vol":82.39000630378723,"rate_of_return":0.0}
{"window":{"start":"2022-05-05T19:10:00.000Z","end":"2022-05-05T19:11:00.000Z"},"country":"Germany","OPM":2,"Total_sales_vol":86.9200029373169,"rate_of_return":0.0}
{"window":{"start":"2022-05-09T16:05:00.000Z","end":"2022-05-09T16:06:00.000Z"},"country":"United Kingdom","OPM":12,"Total_sales_vol":623.699992954731,"rate_of_return":0.027777777777777776}
{"window":{"start":"2022-05-06T17:41:00.000Z","end":"2022-05-06T17:42:00.000Z"},"country":"United Kingdom","OPM":7,"Total_sales_vol":116.28000140190125,"rate_of_return":0.15789473684210525}
{"window":{"start":"2022-05-09T17:14:00.000Z","end":"2022-05-09T17:15:00.000Z"},"country":"United Kingdom","OPM":12,"Total_sales_vol":875.4300033450127,"rate_of_return":0.0}
{"window":{"start":"2022-05-10T08:20:00.000Z","end":"2022-05-10T08:21:00.000Z"},"country":"Netherlands","OPM":1,"Total_sales_vol":11.669999599456787,"rate_of_return":0.0}
{"window":{"start":"2022-05-10T13:13:00.000Z","end":"2022-05-10T13:14:00.000Z"},"country":"EIRE","OPM":1,"Total_sales_vol":92.96999835968018,"rate_of_return":0.0}
{"window":{"start":"2022-05-06T21:21:00.000Z","end":"2022-05-06T21:22:00.000Z"},"country":"Germany","OPM":1,"Total_sales_vol":85.0,"rate_of_return":0.0}
{"window":{"start":"2022-05-08T16:40:00.000Z","end":"2022-05-08T16:41:00.000Z"},"country":"Unspecified","OPM":1,"Total_sales_vol":33.67999881505966,"rate_of_return":0.0}
{"window":{"start":"2022-05-09T23:06:00.000Z","end":"2022-05-09T23:07:00.000Z"},"country":"United Kingdom","OPM":6,"Total_sales_vol":23.510000735521317,"rate_of_return":0.23076923076923078}
{"window":{"start":"2022-05-07T13:11:00.000Z","end":"2022-05-07T13:12:00.000Z"},"country":"Spain","OPM":1,"Total_sales_vol":23.699999809265137,"rate_of_return":0.0}
{"window":{"start":"2022-05-09T07:24:00.000Z","end":"2022-05-09T07:25:00.000Z"},"country":"EIRE","OPM":1,"Total_sales_vol":48.150001525878906,"rate_of_return":0.0}
{"window":{"start":"2022-05-08T17:16:00.000Z","end":"2022-05-08T17:17:00.000Z"},"country":"United Kingdom","OPM":18,"Total_sales_vol":2753.7299979627132,"rate_of_return":0.014492753623188406}
{"window":{"start":"2022-05-08T08:58:00.000Z","end":"2022-05-08T08:59:00.000Z"},"country":"United Kingdom","OPM":13,"Total_sales_vol":463.59999719262123,"rate_of_return":0.09523809523809523}
{"window":{"start":"2022-05-06T10:50:00.000Z","end":"2022-05-06T10:51:00.000Z"},"country":"United Kingdom","OPM":16,"Total_sales_vol":2222.650046646595,"rate_of_return":0.07142857142857142}
{"window":{"start":"2022-05-07T15:31:00.000Z","end":"2022-05-07T15:32:00.000Z"},"country":"Cyprus","OPM":1,"Total_sales_vol":47.5,"rate_of_return":0.0}
{"window":{"start":"2022-05-07T13:54:00.000Z","end":"2022-05-07T13:55:00.000Z"},"country":"United Arab Emirates","OPM":1,"Total_sales_vol":60.439998626708984,"rate_of_return":0.0}
{"window":{"start":"2022-05-09T06:15:00.000Z","end":"2022-05-09T06:16:00.000Z"},"country":"United Kingdom","OPM":11,"Total_sales_vol":1078.0300072431564,"rate_of_return":0.0}
{"window":{"start":"2022-05-07T05:50:00.000Z","end":"2022-05-07T05:51:00.000Z"},"country":"United Kingdom","OPM":5,"Total_sales_vol":604.4699820280075,"rate_of_return":0.0}
{"window":{"start":"2022-05-09T08:13:00.000Z","end":"2022-05-09T08:14:00.000Z"},"country":"United Kingdom","OPM":6,"Total_sales_vol":553.0700211524963,"rate_of_return":0.06666666666666667}
{"window":{"start":"2022-05-10T07:57:00.000Z","end":"2022-05-10T07:58:00.000Z"},"country":"EIRE","OPM":2,"Total_sales_vol":303.00000405311584,"rate_of_return":0.0}
{"window":{"start":"2022-05-09T12:47:00.000Z","end":"2022-05-09T12:48:00.000Z"},"country":"Spain","OPM":1,"Total_sales_vol":17.700000762939453,"rate_of_return":0.0}
{"window":{"start":"2022-05-07T20:43:00.000Z","end":"2022-05-07T20:44:00.000Z"},"country":"United Kingdom","OPM":13,"Total_sales_vol":218.68999862670898,"rate_of_return":0.1}
{"window":{"start":"2022-05-06T12:32:00.000Z","end":"2022-05-06T12:33:00.000Z"},"country":"Poland","OPM":1,"Total_sales_vol":42.63000202178955,"rate_of_return":0.0}
{"window":{"start":"2022-05-09T13:04:00.000Z","end":"2022-05-09T13:05:00.000Z"},"country":"Portugal","OPM":1,"Total_sales_vol":72.2000036239624,"rate_of_return":0.0}
{"window":{"start":"2022-05-08T19:40:00.000Z","end":"2022-05-08T19:41:00.000Z"},"country":"France","OPM":1,"Total_sales_vol":44.09999930858612,"rate_of_return":0.0}
{"window":{"start":"2022-05-07T22:23:00.000Z","end":"2022-05-07T22:24:00.000Z"},"country":"Netherlands","OPM":1,"Total_sales_vol":43.459999084472656,"rate_of_return":0.0}
{"window":{"start":"2022-05-08T12:59:00.000Z","end":"2022-05-08T13:00:00.000Z"},"country":"France","OPM":1,"Total_sales_vol":27.1200008392334,"rate_of_return":0.0}
