{"window":{"start":"2022-05-08T18:11:00.000Z","end":"2022-05-08T18:12:00.000Z"},"country":"United Kingdom","OPM":9,"Total_sales_vol":186.64000073075294,"rate_of_return":0.0}
{"window":{"start":"2022-05-05T21:31:00.000Z","end":"2022-05-05T21:32:00.000Z"},"country":"Switzerland","OPM":1,"Total_sales_vol":76.95000171661377,"rate_of_return":0.0}
{"window":{"start":"2022-05-06T23:17:00.000Z","end":"2022-05-06T23:18:00.000Z"},"country":"United Kingdom","OPM":4,"Total_sales_vol":37.74999964237213,"rate_of_return":0.2857142857142857}
{"window":{"start":"2022-05-07T16:29:00.000Z","end":"2022-05-07T16:30:00.000Z"},"country":"France","OPM":1,"Total_sales_vol":423.64999997615814,"rate_of_return":0.0}
{"window":{"start":"2022-05-06T12:05:00.000Z","end":"2022-05-06T12:06:00.000Z"},"country":"Germany","OPM":1,"Total_sales_vol":13.010000348091125,"rate_of_return":0.0}
{"window":{"start":"2022-05-06T02:37:00.000Z","end":"2022-05-06T02:38:00.000Z"},"country":"United Kingdom","OPM":4,"Total_sales_vol":183.27000510692596,"rate_of_return":0.0}
{"window":{"start":"2022-05-07T03:49:00.000Z","end":"2022-05-07T03:50:00.000Z"},"country":"United Kingdom","OPM":11,"Total_sales_vol":660.0099978744984,"rate_of_return":0.0}
{"window":{"start":"2022-05-08T05:05:00.000Z","end":"2022-05-08T05:06:00.000Z"},"country":"Austria","OPM":1,"Total_sales_vol":90.22000217437744,"rate_of_return":0.0}
{"window":{"start":"2022-05-07T13:59:00.000Z","end":"2022-05-07T14:00:00.000Z"},"country":"United Kingdom","OPM":11,"Total_sales_vol":704.0799826383591,"rate_of_return":0.08}
{"window":{"start":"2022-05-09T21:52:00.000Z","end":"2022-05-09T21:53:00.000Z"},"country":"Germany","OPM":1,"Total_sales_vol":10.799999952316284,"rate_of_return":0.0}
{"window":{"start":"2022-05-07T19:56:00.000Z","end":"2022-05-07T19:57:00.000Z"},"country":"Netherlands","OPM":1,"Total_sales_vol":215.87999725341797,"rate_of_return":0.0}
{"window":{"start":"2022-05-05T23:59:00.000Z","end":"2022-05-06T00:00:00.000Z"},"country":"United Kingdom","OPM":10,"Total_sales_vol":765.8700013756752,"rate_of_return":0.21212121212121213}
{"window":{"start":"2022-05-06T21:35:00.000Z","end":"2022-05-06T21:36:00.000Z"},"country":"EIRE","OPM":1,"Total_sales_vol":-45.9999994635582,"rate_of_return":1.0}
{"window":{"start":"2022-05-08T08:31:00.000Z","end":"2022-05-08T08:32:00.000Z"},"country":"United Kingdom","OPM":13,"Total_sales_vol":342.750012755394,"rate_of_return":0.0975609756097561}
{"window":{"start":"2022-05-06T10:02:00.000Z","end":"2022-05-06T10:03:00.000Z"},"country":"Netherlands","OPM":1,"Total_sales_vol":31.25,"rate_of_return":0.0}
{"window":{"start":"2022-05-08T08:32:00.000Z","end":"2022-05-08T08:33:00.000Z"},"country":"United Kingdom","OPM":12,"Total_sales_vol":383.52001041173935,"rate_of_return":0.03571428571428571}
{"window":{"start":"2022-05-06T13:19:00.000Z","end":"2022-05-06T13:20:00.000Z"},"country":"Germany","OPM":2,"Total_sales_vol":392.9099922180176,"rate_of_return":0.0}
{"window":{"start":"2022-05-06T05:16:00.000Z","end":"2022-05-06T05:17:00.000Z"},"country":"United Kingdom","OPM":10,"Total_sales_vol":989.9499961733818,"rate_of_return":0.0}
{"window":{"start":"2022-05-06T20:10:00.000Z","end":"2022-05-06T20:11:00.000Z"},"country":"United Kingdom","OPM":13,"Total_sales_vol":1491.1199658215046,"rate_of_return":0.0}
{"window":{"start":"2022-05-06T09:04:00.000Z","end":"2022-05-06T09:05:00.000Z"},"country":"France","OPM":1,"Total_sales_vol":17.3799991607666,"rate_of_return":0.0}
{"window":{"start":"2022-05-07T16:43:00.000Z","end":"2022-05-07T16:44:00.000Z"},"country":"Japan","OPM":1,"Total_sales_vol":251.6999968290329,"rate_of_return":0.0}
{"window":{"start":"2022-05-06T12:01:00.000Z","end":"2022-05-06T12:02:00.000Z"},"country":"United Kingdom","OPM":16,"Total_sales_vol":2831.7200069129467,"rate_of_return":0.018867924528301886}
{"window":{"start":"2022-05-10T10:34:00.000Z","end":"2022-05-10T10:35:00.000Z"},"country":"United Kingdom","OPM":10,"Total_sales_vol":8883.670113801956,"rate_of_return":0.09090909090909091}
{"window":{"start":"2022-05-06T20:56:00.000Z","end":"2022-05-06T20:57:00.000Z"},"country":"Switzerland","OPM":1,"Total_sales_vol":338.84999990463257,"rate_of_return":0.0}
{"window":{"start":"2022-05-06T08:03:00.000Z","end":"2022-05-06T08:04:00.000Z"},"country":"United Kingdom","OPM":12,"Total_sales_vol":1756.0299911499023,"rate_of_return":0.0}
{"window":{"start":"2022-05-08T04:27:00.000Z","end":"2022-05-08T04:28:00.000Z"},"country":"Norway","OPM":1,"Total_sales_vol":8.209999799728394,"rate_of_return":0.0}
{"window":{"start":"2022-05-05T17:00:00.000Z","end":"2022-05-05T17:01:00.000Z"},"country":"France","OPM":1,"Total_sales_vol":-7.8999998569488525,"rate_of_return":1.0}
{"window":{"start":"2022-05-10T09:52:00.000Z","end":"2022-05-10T09:53:00.000Z"},"country":"United Kingdom","OPM":11,"Total_sales_vol":754.4099912643433,"rate_of_return":0.0}
{"window":{"start":"2022-05-09T12:14:00.000Z","end":"2022-05-09T12:15:00.000Z"},"country":"United Kingdom","OPM":12,"Total_sales_vol":657.9300010800362,"rate_of_return":0.0}
{"window":{"start":"2022-05-07T21:25:00.000Z","end":"2022-05-07T21:26:00.000Z"},"country":"United Kingdom","OPM":7,"Total_sales_vol":427.16000348329544,"rate_of_return":0.0}
{"window":{"start":"2022-05-08T15:14:00.000Z","end":"2022-05-08T15:15:00.000Z"},"country":"Channel Islands","OPM":1,"Total_sales_vol":71.30000233650208,"rate_of_return":0.0}
{"window":{"start":"2022-05-10T07:22:00.000Z","end":"2022-05-10T07:23:00.000Z"},"country":"United Kingdom","OPM":8,"Total_sales_vol":419.409999281168,"rate_of_return":0.0}
{"window":{"start":"2022-05-10T05:55:00.000Z","end":"2022-05-10T05:56:00.000Z"},"country":"United Kingdom","OPM":12,"Total_sales_vol":704.9000010043383,"rate_of_return":0.0}
{"window":{"start":"2022-05-05T21:33:00.000Z","end":"2022-05-05T21:34:00.000Z"},"country":"United Kingdom","OPM":11,"Total_sales_vol":1146.0400055646896,"rate_of_return":0.0}
{"window":{"start":"2022-05-08T03:22:00.000Z","end":"2022-05-08T03:23:00.000Z"},"country":"United Kingdom","OPM":12,"Total_sales_vol":1202.4600085318089,"rate_of_return":0.0}
{"window":{"start":"2022-05-06T00:06:00.000Z","end":"2022-05-06T00:07:00.000Z"},"country":"France","OPM":1,"Total_sales_vol":51.09000015258789,"rate_of_return":0.0}
{"window":{"start":"2022-05-06T19:47:00.000Z","end":"2022-05-06T19:48:00.000Z"},"country":"United Kingdom","OPM":5,"Total_sales_vol":623.0300070047379,"rate_of_return":0.0}
{"window":{"start":"2022-05-09T23:35:00.000Z","end":"2022-05-09T23:36:00.000Z"},"country":"Channel Islands","OPM":1,"Total_sales_vol":110.45000004768372,"rate_of_return":0.0}
{"window":{"start":"2022-05-07T21:04:00.000Z","end":"2022-05-07T21:05:00.000Z"},"country":"United Kingdom","OPM":10,"Total_sales_vol":722.0499939918518,"rate_of_return":0.0}
{"window":{"start":"2022-05-09T21:07:00.000Z","end":"2022-05-09T21:08:00.000Z"},"country":"France","OPM":1,"Total_sales_vol":69.46999967098236,"rate_of_return":0.0}
{"window":{"start":"2022-05-06T15:08:00.000Z","end":"2022-05-06T15:09:00.000Z"},"country":"France","OPM":1,"Total_sales_vol":61.52000045776367,"rate_of_return":0.0}
{"window":{"start":"2022-05-09T18:18:00.000Z","end":"2022-05-09T18:19:00.000Z"},"country":"Belgium","OPM":1,"Total_sales_vol":16.919999986886978,"rate_of_return":0.0}
{"window":{"start":"2022-05-07T01:23:00.000Z","end":"2022-05-07T01:24:00.000Z"},"country":"France","OPM":1,"Total_sales_vol":60.23999786376953,"rate_of_return":0.0}
{"window":{"start":"2022-05-09T02:10:00.000Z","end":"2022-05-09T02:11:00.000Z"},"country":"United Kingdom","OPM":9,"Total_sales_vol":357.94000378251076,"rate_of_return":0.12121212121212122}
{"window":{"start":"2022-05-06T16:10:00.000Z","end":"2022-05-06T16:11:00.000Z"},"country":"EIRE","OPM":1,"Total_sales_vol":189.8500028848648,"rate_of_return":0.0}
{"window":{"start":"2022-05-09T18:26:00.000Z","end":"2022-05-09T18:27:00.000Z"},"country":"United Kingdom","OPM":7,"Total_sales_vol":805.0099872350693,"rate_of_return":0.0}
{"window":{"start":"2022-05-09T10:22:00.000Z","end":"2022-05-09T10:23:00.000Z"},"country":"EIRE","OPM":2,"Total_sales_vol":29.729999780654907,"rate_of_return":0.0}
{"window":{"start":"2022-05-06T02:57:00.000Z","end":"2022-05-06T02:58:00.000Z"},"country":"France","OPM":1,"Total_sales_vol":2.950000047683716,"rate_of_return":0.0}
{"window":{"start":"2022-05-09T23:45:00.000Z","end":"2022-05-09T23:46:00.000Z"},"country":"Austria","OPM":1,"Total_sales_vol":73.21999871730804,"rate_of_return":0.0}
{"window":{"start":"2022-05-07T21:17:00.000Z","end":"2022-05-07T21:18:00.000Z"},"country":"EIRE","OPM":1,"Total_sales_vol":34.739999294281006,"rate_of_return":0.0}
{"window":{"start":"2022-05-08T19:17:00.000Z","end":"2022-05-08T19:18:00.000Z"},"country":"EIRE","OPM":1,"Total_sales_vol":30.460000038146973,"rate_of_return":0.0}
{"window":{"start":"2022-05-10T11:25:00.000Z","end":"2022-05-10T11:26:00.000Z"},"country":"EIRE","OPM":1,"Total_sales_vol":33.06000033020973,"rate_of_return":0.0}
{"window":{"start":"2022-05-08T08:33:00.000Z","end":"2022-05-08T08:34:00.000Z"},"country":"United Kingdom","OPM":6,"Total_sales_vol":641.5899956822395,"rate_of_return":0.0}
{"window":{"start":"2022-05-08T10:25:00.000Z","end":"2022-05-08T10:26:00.000Z"},"country":"Channel Islands","OPM":1,"Total_sales_vol":12.650000095367432,"rate_of_return":0.0}
{"window":{"start":"2022-05-06T20:57:00.000Z","end":"2022-05-06T20:58:00.000Z"},"country":"France","OPM":2,"Total_sales_vol":23.639999628067017,"rate_of_return":0.0}
{"window":{"start":"2022-05-08T05:58:00.000Z","end":"2022-05-08T05:59:00.000Z"},"country":"United Kingdom","OPM":10,"Total_sales_vol":355.31999135017395,"rate_of_return":0.14285714285714285}
{"window":{"start":"2022-05-07T01:25:00.000Z","end":"2022-05-07T01:26:00.000Z"},"country":"United Kingdom","OPM":5,"Total_sales_vol":164.22000110149384,"rate_of_return":0.0}
{"window":{"start":"2022-05-07T21:23:00.000Z","end":"2022-05-07T21:24:00.000Z"},"country":"EIRE","OPM":1,"Total_sales_vol":14.00999927520752,"rate_of_return":0.0}
{"window":{"start":"2022-05-08T01:51:00.000Z","end":"2022-05-08T01:52:00.000Z"},"country":"EIRE","OPM":1,"Total_sales_vol":83.81999969482422,"rate_of_return":0.0}
{"window":{"start":"2022-05-09T00:47:00.000Z","end":"2022-05-09T00:48:00.000Z"},"country":"United Kingdom","OPM":5,"Total_sales_vol":308.5699965059757,"rate_of_return":0.0}
{"window":{"start":"2022-05-08T05:03:00.000Z","end":"2022-05-08T05:04:00.000Z"},"country":"Germany","OPM":1,"Total_sales_vol":140.8300018310547,"rate_of_return":0.0}
{"window":{"start":"2022-05-10T00:53:00.000Z","end":"2022-05-10T00:54:00.000Z"},"country":"United Kingdom","OPM":9,"Total_sales_vol":361.010000705719,"rate_of_return":0.0}
{"window":{"start":"2022-05-07T11:53:00.000Z","end":"2022-05-07T11:54:00.000Z"},"country":"United Kingdom","OPM":14,"Total_sales_vol":540.189993917942,"rate_of_return":0.0}
{"window":{"start":"2022-05-10T07:00:00.000Z","end":"2022-05-10T07:01:00.000Z"},"country":"United Kingdom","OPM":8,"Total_sales_vol":391.74000430107117,"rate_of_return":0.0}
{"window":{"start":"2022-05-06T09:09:00.000Z","end":"2022-05-06T09:10:00.000Z"},"country":"Finland","OPM":1,"Total_sales_vol":27.949999809265137,"rate_of_return":0.0}
