{"window":{"start":"2022-05-07T02:03:00.000Z","end":"2022-05-07T02:04:00.000Z"},"country":"EIRE","OPM":1,"Total_sales_vol":213.1300048828125,"rate_of_return":0.0}
{"window":{"start":"2022-05-06T08:59:00.000Z","end":"2022-05-06T09:00:00.000Z"},"country":"Unspecified","OPM":1,"Total_sales_vol":28.179999828338623,"rate_of_return":0.0}
{"window":{"start":"2022-05-06T22:48:00.000Z","end":"2022-05-06T22:49:00.000Z"},"country":"France","OPM":1,"Total_sales_vol":21.84999966621399,"rate_of_return":0.0}
{"window":{"start":"2022-05-05T17:17:00.000Z","end":"2022-05-05T17:18:00.000Z"},"country":"Hong Kong","OPM":1,"Total_sales_vol":554.8099892139435,"rate_of_return":0.0}
{"window":{"start":"2022-05-09T00:56:00.000Z","end":"2022-05-09T00:57:00.000Z"},"country":"Portugal","OPM":1,"Total_sales_vol":24.920000076293945,"rate_of_return":0.0}
{"window":{"start":"2022-05-09T12:33:00.000Z","end":"2022-05-09T12:34:00.000Z"},"country":"Portugal","OPM":1,"Total_sales_vol":308.460000038147,"rate_of_return":0.0}
{"window":{"start":"2022-05-06T06:41:00.000Z","end":"2022-05-06T06:42:00.000Z"},"country":"France","OPM":1,"Total_sales_vol":80.75000381469727,"rate_of_return":0.0}
{"window":{"start":"2022-05-08T22:12:00.000Z","end":"2022-05-08T22:13:00.000Z"},"country":"United Kingdom","OPM":10,"Total_sales_vol":550.7699941396713,"rate_of_return":0.0}
{"window":{"start":"2022-05-09T13:42:00.000Z","end":"2022-05-09T13:43:00.000Z"},"country":"Portugal","OPM":1,"Total_sales_vol":45.74000024795532,"rate_of_return":0.0}
{"window":{"start":"2022-05-07T21:53:00.000Z","end":"2022-05-07T21:54:00.000Z"},"country":"United Kingdom","OPM":6,"Total_sales_vol":821.8799993395805,"rate_of_return":0.34782608695652173}
{"window":{"start":"2022-05-08T15:30:00.000Z","end":"2022-05-08T15:31:00.000Z"},"country":"United Kingdom","OPM":12,"Total_sales_vol":776.9599871002138,"rate_of_return":0.041666666666666664}
{"window":{"start":"2022-05-08T03:39:00.000Z","end":"2022-05-08T03:40:00.000Z"},"country":"United Kingdom","OPM":6,"Total_sales_vol":123.41999697685242,"rate_of_return":0.0}
{"window":{"start":"2022-05-10T03:18:00.000Z","end":"2022-05-10T03:19:00.000Z"},"country":"France","OPM":1,"Total_sales_vol":21.810000777244568,"rate_of_return":0.0}
{"window":{"start":"2022-05-07T17:28:00.000Z","end":"2022-05-07T17:29:00.000Z"},"country":"United Kingdom","OPM":9,"Total_sales_vol":279.10999846458435,"rate_of_return":0.0}
{"window":{"start":"2022-05-07T16:42:00.000Z","end":"2022-05-07T16:43:00.000Z"},"country":"United Kingdom","OPM":15,"Total_sales_vol":793.9500076174736,"rate_of_return":0.07317073170731707}
{"window":{"start":"2022-05-08T05:49:00.000Z","end":"2022-05-08T05:50:00.000Z"},"country":"Netherlands","OPM":1,"Total_sales_vol":104.10000038146973,"rate_of_return":0.0}
{"window":{"start":"2022-05-09T14:15:00.000Z","end":"2022-05-09T14:16:00.000Z"},"country":"United Kingdom","OPM":17,"Total_sales_vol":449.2499997615814,"rate_of_return":0.0}
{"window":{"start":"2022-05-07T10:44:00.000Z","end":"2022-05-07T10:45:00.000Z"},"country":"United Kingdom","OPM":14,"Total_sales_vol":816.0900041460991,"rate_of_return":0.0}
{"window":{"start":"2022-05-08T12:14:00.000Z","end":"2022-05-08T12:15:00.000Z"},"country":"United Kingdom","OPM":11,"Total_sales_vol":1478.9699529111385,"rate_of_return":0.0}
{"window":{"start":"2022-05-06T11:08:00.000Z","end":"2022-05-06T11:09:00.000Z"},"country":"United Kingdom","OPM":15,"Total_sales_vol":1446.1099784374237,"rate_of_return":0.047619047619047616}
{"window":{"start":"2022-05-05T21:29:00.000Z","end":"2022-05-05T21:30:00.000Z"},"country":"United Kingdom","OPM":9,"Total_sales_vol":470.4399963617325,"rate_of_return":0.0}
{"window":{"start":"2022-05-09T01:59:00.000Z","end":"2022-05-09T02:00:00.000Z"},"country":"United Kingdom","OPM":6,"Total_sales_vol":1300.9299984276295,"rate_of_return":0.07692307692307693}
{"window":{"start":"2022-05-06T00:13:00.000Z","end":"2022-05-06T00:14:00.000Z"},"country":"Singapore","OPM":1,"Total_sales_vol":77.36999702453613,"rate_of_return":0.0}
{"window":{"start":"2022-05-08T18:41:00.000Z","end":"2022-05-08T18:42:00.000Z"},"country":"United Kingdom","OPM":13,"Total_sales_vol":665.4599943459034,"rate_of_return":0.0}
{"window":{"start":"2022-05-07T14:25:00.000Z","end":"2022-05-07T14:26:00.000Z"},"country":"United Kingdom","OPM":9,"Total_sales_vol":860.8099885582924,"rate_of_return":0.0}
{"window":{"start":"2022-05-09T10:48:00.000Z","end":"2022-05-09T10:49:00.000Z"},"country":"United Kingdom","OPM":6,"Total_sales_vol":208.6600021123886,"rate_of_return":0.0}
{"window":{"start":"2022-05-09T08:44:00.000Z","end":"2022-05-09T08:45:00.000Z"},"country":"United Kingdom","OPM":7,"Total_sales_vol":649.2600009441376,"rate_of_return":0.0}
{"window":{"start":"2022-05-05T18:19:00.000Z","end":"2022-05-05T18:20:00.000Z"},"country":"France","OPM":1,"Total_sales_vol":5.0299999713897705,"rate_of_return":0.0}
{"window":{"start":"2022-05-06T04:12:00.000Z","end":"2022-05-06T04:13:00.000Z"},"country":"United Kingdom","OPM":6,"Total_sales_vol":1079.4900031387806,"rate_of_return":0.0}
{"window":{"start":"2022-05-09T22:02:00.000Z","end":"2022-05-09T22:03:00.000Z"},"country":"United Kingdom","OPM":8,"Total_sales_vol":71.89999651908875,"rate_of_return":0.4230769230769231}
{"window":{"start":"2022-05-08T01:31:00.000Z","end":"2022-05-08T01:32:00.000Z"},"country":"Germany","OPM":1,"Total_sales_vol":1.4500000476837158,"rate_of_return":0.0}
{"window":{"start":"2022-05-08T16:57:00.000Z","end":"2022-05-08T16:58:00.000Z"},"country":"United Kingdom","OPM":4,"Total_sales_vol":464.8899954557419,"rate_of_return":0.0}
{"window":{"start":"2022-05-07T10:49:00.000Z","end":"2022-05-07T10:50:00.000Z"},"country":"France","OPM":1,"Total_sales_vol":38.87999939918518,"rate_of_return":0.0}
{"window":{"start":"2022-05-08T01:20:00.000Z","end":"2022-05-08T01:21:00.000Z"},"country":"United Kingdom","OPM":6,"Total_sales_vol":334.69999223947525,"rate_of_return":0.0}
{"window":{"start":"2022-05-06T12:04:00.000Z","end":"2022-05-06T12:05:00.000Z"},"country":"United Kingdom","OPM":9,"Total_sales_vol":690.2500007748604,"rate_of_return":0.0}
{"window":{"start":"2022-05-06T23:12:00.000Z","end":"2022-05-06T23:13:00.000Z"},"country":"Switzerland","OPM":1,"Total_sales_vol":26.84999942779541,"rate_of_return":0.0}
{"window":{"start":"2022-05-05T21:42:00.000Z","end":"2022-05-05T21:43:00.000Z"},"country":"United Kingdom","OPM":7,"Total_sales_vol":544.1599937677383,"rate_of_return":0.0}
{"window":{"start":"2022-05-07T16:49:00.000Z","end":"2022-05-07T16:50:00.000Z"},"country":"Germany","OPM":1,"Total_sales_vol":315.34999990463257,"rate_of_return":0.0}
{"window":{"start":"2022-05-06T22:15:00.000Z","end":"2022-05-06T22:16:00.000Z"},"country":"EIRE","OPM":1,"Total_sales_vol":2.950000047683716,"rate_of_return":0.0}
{"window":{"start":"2022-05-07T00:27:00.000Z","end":"2022-05-07T00:28:00.000Z"},"country":"Belgium","OPM":1,"Total_sales_vol":36.59999990463257,"rate_of_return":0.0}
{"window":{"start":"2022-05-08T11:27:00.000Z","end":"2022-05-08T11:28:00.000Z"},"country":"United Kingdom","OPM":11,"Total_sales_vol":433.2799996063113,"rate_of_return":0.07894736842105263}
{"window":{"start":"2022-05-08T17:39:00.000Z","end":"2022-05-08T17:40:00.000Z"},"country":"United Kingdom","OPM":7,"Total_sales_vol":375.88999116420746,"rate_of_return":0.0}
{"window":{"start":"2022-05-10T09:28:00.000Z","end":"2022-05-10T09:29:00.000Z"},"country":"Spain","OPM":1,"Total_sales_vol":18.240000009536743,"rate_of_return":0.0}
{"window":{"start":"2022-05-08T05:13:00.000Z","end":"2022-05-08T05:14:00.000Z"},"country":"France","OPM":1,"Total_sales_vol":-15.169999986886978,"rate_of_return":1.0}
{"window":{"start":"2022-05-10T05:36:00.000Z","end":"2022-05-10T05:37:00.000Z"},"country":"United Kingdom","OPM":11,"Total_sales_vol":595.829994738102,"rate_of_return":0.025}
{"window":{"start":"2022-05-08T22:19:00.000Z","end":"2022-05-08T22:20:00.000Z"},"country":"United Kingdom","OPM":8,"Total_sales_vol":567.8500021696091,"rate_of_return":0.041666666666666664}
{"window":{"start":"2022-05-08T21:41:00.000Z","end":"2022-05-08T21:42:00.000Z"},"country":"United Kingdom","OPM":11,"Total_sales_vol":946.1999813020229,"rate_of_return":0.0}
{"window":{"start":"2022-05-08T12:37:00.000Z","end":"2022-05-08T12:38:00.000Z"},"country":"United Kingdom","OPM":8,"Total_sales_vol":160.12999683618546,"rate_of_return":0.0}
{"window":{"start":"2022-05-09T20:32:00.000Z","end":"2022-05-09T20:33:00.000Z"},"country":"United Kingdom","OPM":10,"Total_sales_vol":1060.8099937736988,"rate_of_return":0.0}
{"window":{"start":"2022-05-08T05:33:00.000Z","end":"2022-05-08T05:34:00.000Z"},"country":"United Kingdom","OPM":11,"Total_sales_vol":416.33000618219376,"rate_of_return":0.20408163265306123}
{"window":{"start":"2022-05-07T13:38:00.000Z","end":"2022-05-07T13:39:00.000Z"},"country":"United Kingdom","OPM":11,"Total_sales_vol":604.2499971687794,"rate_of_return":0.0}
{"window":{"start":"2022-05-09T02:43:00.000Z","end":"2022-05-09T02:44:00.000Z"},"country":"United Kingdom","OPM":15,"Total_sales_vol":622.3999969065189,"rate_of_return":0.046511627906976744}
{"window":{"start":"2022-05-07T12:41:00.000Z","end":"2022-05-07T12:42:00.000Z"},"country":"United Kingdom","OPM":8,"Total_sales_vol":1390.3899386525154,"rate_of_return":0.21428571428571427}
{"window":{"start":"2022-05-09T10:56:00.000Z","end":"2022-05-09T10:57:00.000Z"},"country":"Switzerland","OPM":1,"Total_sales_vol":36.8799991607666,"rate_of_return":0.0}
{"window":{"start":"2022-05-06T17:31:00.000Z","end":"2022-05-06T17:32:00.000Z"},"country":"United Kingdom","OPM":10,"Total_sales_vol":426.1099910736084,"rate_of_return":0.0}
{"window":{"start":"2022-05-05T20:25:00.000Z","end":"2022-05-05T20:26:00.000Z"},"country":"EIRE","OPM":1,"Total_sales_vol":158.0100020468235,"rate_of_return":0.0}
{"window":{"start":"2022-05-06T03:14:00.000Z","end":"2022-05-06T03:15:00.000Z"},"country":"United Kingdom","OPM":8,"Total_sales_vol":961.6200081110001,"rate_of_return":0.0}
{"window":{"start":"2022-05-06T06:23:00.000Z","end":"2022-05-06T06:24:00.000Z"},"country":"Belgium","OPM":1,"Total_sales_vol":44.09999942779541,"rate_of_return":0.0}
{"window":{"start":"2022-05-05T18:15:00.000Z","end":"2022-05-05T18:16:00.000Z"},"country":"United Kingdom","OPM":7,"Total_sales_vol":529.9399881362915,"rate_of_return":0.0}
{"window":{"start":"2022-05-09T18:27:00.000Z","end":"2022-05-09T18:28:00.000Z"},"country":"Canada","OPM":1,"Total_sales_vol":-54.57999897003174,"rate_of_return":1.0}
{"window":{"start":"2022-05-08T06:54:00.000Z","end":"2022-05-08T06:55:00.000Z"},"country":"Spain","OPM":1,"Total_sales_vol":44.93000102043152,"rate_of_return":0.0}
{"window":{"start":"2022-05-08T08:36:00.000Z","end":"2022-05-08T08:37:00.000Z"},"country":"Germany","OPM":1,"Total_sales_vol":85.83999967575073,"rate_of_return":0.0}
{"window":{"start":"2022-05-08T14:01:00.000Z","end":"2022-05-08T14:02:00.000Z"},"country":"Germany","OPM":1,"Total_sales_vol":15.899999618530273,"rate_of_return":0.0}
{"window":{"start":"2022-05-09T10:56:00.000Z","end":"2022-05-09T10:57:00.000Z"},"country":"Unspecified","OPM":1,"Total_sales_vol":30.799999713897705,"rate_of_return":0.0}
{"window":{"start":"2022-05-10T00:10:00.000Z","end":"2022-05-10T00:11:00.000Z"},"country":"United Kingdom","OPM":15,"Total_sales_vol":760.4999940991402,"rate_of_return":0.041666666666666664}
{"window":{"start":"2022-05-08T00:08:00.000Z","end":"2022-05-08T00:09:00.000Z"},"country":"Switzerland","OPM":1,"Total_sales_vol":2.0999999046325684,"rate_of_return":0.0}
{"window":{"start":"2022-05-05T19:40:00.000Z","end":"2022-05-05T19:41:00.000Z"},"country":"Spain","OPM":1,"Total_sales_vol":21.340000867843628,"rate_of_return":0.0}
{"window":{"start":"2022-05-08T05:50:00.000Z","end":"2022-05-08T05:51:00.000Z"},"country":"Germany","OPM":1,"Total_sales_vol":19.27999973297119,"rate_of_return":0.0}
{"window":{"start":"2022-05-06T02:38:00.000Z","end":"2022-05-06T02:39:00.000Z"},"country":"United Kingdom","OPM":5,"Total_sales_vol":421.879990875721,"rate_of_return":0.0}
{"window":{"start":"2022-05-06T21:58:00.000Z","end":"2022-05-06T21:59:00.000Z"},"country":"United Kingdom","OPM":14,"Total_sales_vol":1181.1999746263027,"rate_of_return":0.01818181818181818}
