{"window":{"start":"2022-05-09T22:03:00.000Z","end":"2022-05-09T22:04:00.000Z"},"country":"Germany","OPM":1,"Total_sales_vol":3.75,"rate_of_return":0.0}
{"window":{"start":"2022-05-07T14:26:00.000Z","end":"2022-05-07T14:27:00.000Z"},"country":"United Kingdom","OPM":4,"Total_sales_vol":228.2500001192093,"rate_of_return":0.0}
{"window":{"start":"2022-05-06T20:18:00.000Z","end":"2022-05-06T20:19:00.000Z"},"country":"United Kingdom","OPM":15,"Total_sales_vol":1157.0899962186813,"rate_of_return":0.0}
{"window":{"start":"2022-05-08T13:10:00.000Z","end":"2022-05-08T13:11:00.000Z"},"country":"United Kingdom","OPM":4,"Total_sales_vol":280.2399961948395,"rate_of_return":0.0}
{"window":{"start":"2022-05-10T08:48:00.000Z","end":"2022-05-10T08:49:00.000Z"},"country":"United Kingdom","OPM":10,"Total_sales_vol":761.7299931645393,"rate_of_return":0.0}
{"window":{"start":"2022-05-10T11:56:00.000Z","end":"2022-05-10T11:57:00.000Z"},"country":"United Kingdom","OPM":14,"Total_sales_vol":984.6600034832954,"rate_of_return":0.1276595744680851}
{"window":{"start":"2022-05-08T06:22:00.000Z","end":"2022-05-08T06:23:00.000Z"},"country":"Malta","OPM":1,"Total_sales_vol":34.04999905824661,"rate_of_return":0.0}
{"window":{"start":"2022-05-06T16:55:00.000Z","end":"2022-05-06T16:56:00.000Z"},"country":"United Kingdom","OPM":13,"Total_sales_vol":1125.0699841082096,"rate_of_return":0.02631578947368421}
{"window":{"start":"2022-05-07T01:57:00.000Z","end":"2022-05-07T01:58:00.000Z"},"country":"United Kingdom","OPM":12,"Total_sales_vol":749.0599982142448,"rate_of_return":0.0975609756097561}
{"window":{"start":"2022-05-07T09:47:00.000Z","end":"2022-05-07T09:48:00.000Z"},"country":"United Kingdom","OPM":11,"Total_sales_vol":1589.829987257719,"rate_of_return":0.08108108108108109}
{"window":{"start":"2022-05-08T12:46:00.000Z","end":"2022-05-08T12:47:00.000Z"},"country":"United Kingdom","OPM":5,"Total_sales_vol":375.34000396728516,"rate_of_return":0.0}
{"window":{"start":"2022-05-07T02:19:00.000Z","end":"2022-05-07T02:20:00.000Z"},"country":"United Kingdom","OPM":7,"Total_sales_vol":189.88000079989433,"rate_of_return":0.05263157894736842}
{"window":{"start":"2022-05-08T16:39:00.000Z","end":"2022-05-08T16:40:00.000Z"},"country":"France","OPM":1,"Total_sales_vol":39.69999885559082,"rate_of_return":0.0}
{"window":{"start":"2022-05-08T08:03:00.000Z","end":"2022-05-08T08:04:00.000Z"},"country":"Poland","OPM":1,"Total_sales_vol":64.68000030517578,"rate_of_return":0.0}
{"window":{"start":"2022-05-08T17:10:00.000Z","end":"2022-05-08T17:11:00.000Z"},"country":"United Kingdom","OPM":8,"Total_sales_vol":1069.5400037765503,"rate_of_return":0.0}
{"window":{"start":"2022-05-09T17:42:00.000Z","end":"2022-05-09T17:43:00.000Z"},"country":"United Kingdom","OPM":10,"Total_sales_vol":254.77999830245972,"rate_of_return":0.24}
{"window":{"start":"2022-05-06T05:05:00.000Z","end":"2022-05-06T05:06:00.000Z"},"country":"United Kingdom","OPM":2,"Total_sales_vol":103.7400016784668,"rate_of_return":0.0}
{"window":{"start":"2022-05-09T15:49:00.000Z","end":"2022-05-09T15:50:00.000Z"},"country":"Italy","OPM":1,"Total_sales_vol":1.1999999582767487,"rate_of_return":0.0}
{"window":{"start":"2022-05-06T12:54:00.000Z","end":"2022-05-06T12:55:00.000Z"},"country":"United Kingdom","OPM":9,"Total_sales_vol":639.3600072860718,"rate_of_return":0.0}
{"window":{"start":"2022-05-09T23:51:00.000Z","end":"2022-05-09T23:52:00.000Z"},"country":"Germany","OPM":2,"Total_sales_vol":111.18999862670898,"rate_of_return":0.0}
{"window":{"start":"2022-05-09T19:47:00.000Z","end":"2022-05-09T19:48:00.000Z"},"country":"United Kingdom","OPM":8,"Total_sales_vol":334.77000081539154,"rate_of_return":0.03125}
{"window":{"start":"2022-05-06T14:12:00.000Z","end":"2022-05-06T14:13:00.000Z"},"country":"United Kingdom","OPM":11,"Total_sales_vol":423.9100006520748,"rate_of_return":0.0}
{"window":{"start":"2022-05-08T20:37:00.000Z","end":"2022-05-08T20:38:00.000Z"},"country":"France","OPM":1,"Total_sales_vol":16.5,"rate_of_return":0.0}
{"window":{"start":"2022-05-06T08:16:00.000Z","end":"2022-05-06T08:17:00.000Z"},"country":"France","OPM":1,"Total_sales_vol":14.760000109672546,"rate_of_return":0.0}
{"window":{"start":"2022-05-05T16:26:00.000Z","end":"2022-05-05T16:27:00.000Z"},"country":"United Kingdom","OPM":12,"Total_sales_vol":1141.6900241971016,"rate_of_return":0.023255813953488372}
{"window":{"start":"2022-05-06T19:24:00.000Z","end":"2022-05-06T19:25:00.000Z"},"country":"EIRE","OPM":1,"Total_sales_vol":35.939999878406525,"rate_of_return":0.0}
{"window":{"start":"2022-05-10T12:51:00.000Z","end":"2022-05-10T12:52:00.000Z"},"country":"Germany","OPM":1,"Total_sales_vol":29.130000114440918,"rate_of_return":0.0}
{"window":{"start":"2022-05-06T17:29:00.000Z","end":"2022-05-06T17:30:00.000Z"},"country":"United Kingdom","OPM":10,"Total_sales_vol":499.1200096607208,"rate_of_return":0.03333333333333333}
{"window":{"start":"2022-05-10T13:26:00.000Z","end":"2022-05-10T13:27:00.000Z"},"country":"United Kingdom","OPM":7,"Total_sales_vol":310.27999943494797,"rate_of_return":0.0}
{"window":{"start":"2022-05-09T05:59:00.000Z","end":"2022-05-09T06:00:00.000Z"},"country":"United Kingdom","OPM":9,"Total_sales_vol":342.6400034427643,"rate_of_return":0.0}
{"window":{"start":"2022-05-07T15:53:00.000Z","end":"2022-05-07T15:54:00.000Z"},"country":"United Kingdom","OPM":7,"Total_sales_vol":318.790000975132,"rate_of_return":0.0}
{"window":{"start":"2022-05-07T18:35:00.000Z","end":"2022-05-07T18:36:00.000Z"},"country":"Spain","OPM":1,"Total_sales_vol":1.6299999952316284,"rate_of_return":0.0}
{"window":{"start":"2022-05-09T02:20:00.000Z","end":"2022-05-09T02:21:00.000Z"},"country":"United Kingdom","OPM":3,"Total_sales_vol":718.0800180435181,"rate_of_return":0.0}
{"window":{"start":"2022-05-05T17:07:00.000Z","end":"2022-05-05T17:08:00.000Z"},"country":"United Kingdom","OPM":13,"Total_sales_vol":965.3899811506271,"rate_of_return":0.0}
{"window":{"start":"2022-05-06T00:03:00.000Z","end":"2022-05-06T00:04:00.000Z"},"country":"EIRE","OPM":1,"Total_sales_vol":62.170000076293945,"rate_of_return":0.0}
{"window":{"start":"2022-05-09T11:07:00.000Z","end":"2022-05-09T11:08:00.000Z"},"country":"Portugal","OPM":1,"Total_sales_vol":46.459999561309814,"rate_of_return":0.0}
{"window":{"start":"2022-05-07T00:28:00.000Z","end":"2022-05-07T00:29:00.000Z"},"country":"United Kingdom","OPM":9,"Total_sales_vol":569.4400000274181,"rate_of_return":0.0}
{"window":{"start":"2022-05-08T08:27:00.000Z","end":"2022-05-08T08:28:00.000Z"},"country":"France","OPM":1,"Total_sales_vol":148.77999687194824,"rate_of_return":0.0}
{"window":{"start":"2022-05-09T03:22:00.000Z","end":"2022-05-09T03:23:00.000Z"},"country":"United Kingdom","OPM":11,"Total_sales_vol":428.96000760793686,"rate_of_return":0.0}
{"window":{"start":"2022-05-09T09:13:00.000Z","end":"2022-05-09T09:14:00.000Z"},"country":"United Kingdom","OPM":12,"Total_sales_vol":971.2700011134148,"rate_of_return":0.0}
{"window":{"start":"2022-05-09T01:20:00.000Z","end":"2022-05-09T01:21:00.000Z"},"country":"Italy","OPM":1,"Total_sales_vol":26.8799991607666,"rate_of_return":0.0}
{"window":{"start":"2022-05-09T04:36:00.000Z","end":"2022-05-09T04:37:00.000Z"},"country":"EIRE","OPM":1,"Total_sales_vol":52.79999923706055,"rate_of_return":0.0}
{"window":{"start":"2022-05-08T01:34:00.000Z","end":"2022-05-08T01:35:00.000Z"},"country":"United Kingdom","OPM":6,"Total_sales_vol":951.4800060987473,"rate_of_return":0.0}
{"window":{"start":"2022-05-07T11:03:00.000Z","end":"2022-05-07T11:04:00.000Z"},"country":"United Kingdom","OPM":6,"Total_sales_vol":305.36999943852425,"rate_of_return":0.0}
{"window":{"start":"2022-05-07T14:12:00.000Z","end":"2022-05-07T14:13:00.000Z"},"country":"Norway","OPM":1,"Total_sales_vol":3.75,"rate_of_return":0.0}
{"window":{"start":"2022-05-07T18:25:00.000Z","end":"2022-05-07T18:26:00.000Z"},"country":"France","OPM":2,"Total_sales_vol":36.65999960899353,"rate_of_return":0.0}
{"window":{"start":"2022-05-05T19:16:00.000Z","end":"2022-05-05T19:17:00.000Z"},"country":"United Kingdom","OPM":8,"Total_sales_vol":503.4699962735176,"rate_of_return":0.0}
{"window":{"start":"2022-05-07T12:49:00.000Z","end":"2022-05-07T12:50:00.000Z"},"country":"United Kingdom","OPM":6,"Total_sales_vol":291.24999099969864,"rate_of_return":0.0}
{"window":{"start":"2022-05-07T09:26:00.000Z","end":"2022-05-07T09:27:00.000Z"},"country":"Switzerland","OPM":1,"Total_sales_vol":67.69000005722046,"rate_of_return":0.0}
{"window":{"start":"2022-05-08T03:46:00.000Z","end":"2022-05-08T03:47:00.000Z"},"country":"United Kingdom","OPM":8,"Total_sales_vol":433.7399997636676,"rate_of_return":0.0}
{"window":{"start":"2022-05-08T06:33:00.000Z","end":"2022-05-08T06:34:00.000Z"},"country":"United Kingdom","OPM":7,"Total_sales_vol":861.6999707221985,"rate_of_return":0.0}
{"window":{"start":"2022-05-09T00:36:00.000Z","end":"2022-05-09T00:37:00.000Z"},"country":"France","OPM":1,"Total_sales_vol":5.900000095367432,"rate_of_return":0.0}
{"window":{"start":"2022-05-08T16:25:00.000Z","end":"2022-05-08T16:26:00.000Z"},"country":"United Kingdom","OPM":7,"Total_sales_vol":237.30999965965748,"rate_of_return":0.16666666666666666}
{"window":{"start":"2022-05-09T14:58:00.000Z","end":"2022-05-09T14:59:00.000Z"},"country":"United Kingdom","OPM":4,"Total_sales_vol":202.71000111103058,"rate_of_return":0.0}
{"window":{"start":"2022-05-08T12:23:00.000Z","end":"2022-05-08T12:24:00.000Z"},"country":"France","OPM":1,"Total_sales_vol":-23.03999900817871,"rate_of_return":1.0}
{"window":{"start":"2022-05-06T21:47:00.000Z","end":"2022-05-06T21:48:00.000Z"},"country":"United Kingdom","OPM":9,"Total_sales_vol":341.7399971485138,"rate_of_return":0.0}
{"window":{"start":"2022-05-08T03:18:00.000Z","end":"2022-05-08T03:19:00.000Z"},"country":"United Kingdom","OPM":11,"Total_sales_vol":1290.670014679432,"rate_of_return":0.0}
{"window":{"start":"2022-05-05T16:55:00.000Z","end":"2022-05-05T16:56:00.000Z"},"country":"United Kingdom","OPM":10,"Total_sales_vol":849.0699716806412,"rate_of_return":0.0}
{"window":{"start":"2022-05-07T11:53:00.000Z","end":"2022-05-07T11:54:00.000Z"},"country":"France","OPM":1,"Total_sales_vol":102.94999980926514,"rate_of_return":0.0}
{"window":{"start":"2022-05-08T21:04:00.000Z","end":"2022-05-08T21:05:00.000Z"},"country":"United Kingdom","OPM":9,"Total_sales_vol":195.41000100970268,"rate_of_return":0.041666666666666664}
{"window":{"start":"2022-05-06T08:04:00.000Z","end":"2022-05-06T08:05:00.000Z"},"country":"United Kingdom","OPM":8,"Total_sales_vol":290.63999459147453,"rate_of_return":0.0}
{"window":{"start":"2022-05-06T05:21:00.000Z","end":"2022-05-06T05:22:00.000Z"},"country":"EIRE","OPM":1,"Total_sales_vol":10.730000078678131,"rate_of_return":0.0}
{"window":{"start":"2022-05-05T23:50:00.000Z","end":"2022-05-05T23:51:00.000Z"},"country":"United Kingdom","OPM":9,"Total_sales_vol":424.8200103342533,"rate_of_return":0.0}
{"window":{"start":"2022-05-07T22:38:00.000Z","end":"2022-05-07T22:39:00.000Z"},"country":"EIRE","OPM":1,"Total_sales_vol":32.03999996185303,"rate_of_return":0.0}
{"window":{"start":"2022-05-08T08:35:00.000Z","end":"2022-05-08T08:36:00.000Z"},"country":"United Kingdom","OPM":11,"Total_sales_vol":352.54999127984047,"rate_of_return":0.0}
{"window":{"start":"2022-05-07T19:35:00.000Z","end":"2022-05-07T19:36:00.000Z"},"country":"United Kingdom","OPM":11,"Total_sales_vol":1160.6799959242344,"rate_of_return":0.0}
{"window":{"start":"2022-05-06T11:39:00.000Z","end":"2022-05-06T11:40:00.000Z"},"country":"United Kingdom","OPM":4,"Total_sales_vol":68.95000123977661,"rate_of_return":0.0}
