{"window":{"start":"2022-05-10T00:35:00.000Z","end":"2022-05-10T00:36:00.000Z"},"country":"United Kingdom","OPM":5,"Total_sales_vol":285.100001513958,"rate_of_return":0.0}
{"window":{"start":"2022-05-05T21:39:00.000Z","end":"2022-05-05T21:40:00.000Z"},"country":"Germany","OPM":2,"Total_sales_vol":430.75999450683594,"rate_of_return":0.0}
{"window":{"start":"2022-05-09T09:58:00.000Z","end":"2022-05-09T09:59:00.000Z"},"country":"Germany","OPM":1,"Total_sales_vol":52.55000019073486,"rate_of_return":0.0}
{"window":{"start":"2022-05-07T19:42:00.000Z","end":"2022-05-07T19:43:00.000Z"},"country":"United Kingdom","OPM":3,"Total_sales_vol":85.80000078678131,"rate_of_return":0.0}
{"window":{"start":"2022-05-08T13:30:00.000Z","end":"2022-05-08T13:31:00.000Z"},"country":"United Kingdom","OPM":15,"Total_sales_vol":653.8599972426891,"rate_of_return":0.09090909090909091}
{"window":{"start":"2022-05-08T04:47:00.000Z","end":"2022-05-08T04:48:00.000Z"},"country":"United Kingdom","OPM":10,"Total_sales_vol":327.1599981188774,"rate_of_return":0.0}
{"window":{"start":"2022-05-07T01:37:00.000Z","end":"2022-05-07T01:38:00.000Z"},"country":"United Kingdom","OPM":5,"Total_sales_vol":201.7900002002716,"rate_of_return":0.0}
{"window":{"start":"2022-05-06T00:22:00.000Z","end":"2022-05-06T00:23:00.000Z"},"country":"France","OPM":1,"Total_sales_vol":43.75000047683716,"rate_of_return":0.0}
{"window":{"start":"2022-05-08T13:55:00.000Z","end":"2022-05-08T13:56:00.000Z"},"country":"Poland","OPM":1,"Total_sales_vol":71.84999752044678,"rate_of_return":0.0}
{"window":{"start":"2022-05-09T01:01:00.000Z","end":"2022-05-09T01:02:00.000Z"},"country":"Switzerland","OPM":1,"Total_sales_vol":57.16999793052673,"rate_of_return":0.0}
{"window":{"start":"2022-05-08T21:46:00.000Z","end":"2022-05-08T21:47:00.000Z"},"country":"Netherlands","OPM":1,"Total_sales_vol":6.75,"rate_of_return":0.0}
{"window":{"start":"2022-05-08T10:00:00.000Z","end":"2022-05-08T10:01:00.000Z"},"country":"Germany","OPM":1,"Total_sales_vol":117.94000005722046,"rate_of_return":0.0}
{"window":{"start":"2022-05-08T00:16:00.000Z","end":"2022-05-08T00:17:00.000Z"},"country":"United Kingdom","OPM":11,"Total_sales_vol":619.8699925541878,"rate_of_return":0.05714285714285714}
{"window":{"start":"2022-05-09T17:45:00.000Z","end":"2022-05-09T17:46:00.000Z"},"country":"Unspecified","OPM":1,"Total_sales_vol":31.799999237060547,"rate_of_return":0.0}
{"window":{"start":"2022-05-06T13:46:00.000Z","end":"2022-05-06T13:47:00.000Z"},"country":"France","OPM":1,"Total_sales_vol":-11.880000114440918,"rate_of_return":1.0}
{"window":{"start":"2022-05-06T15:22:00.000Z","end":"2022-05-06T15:23:00.000Z"},"country":"Greece","OPM":1,"Total_sales_vol":172.28000378608704,"rate_of_return":0.0}
{"window":{"start":"2022-05-10T03:53:00.000Z","end":"2022-05-10T03:54:00.000Z"},"country":"United Kingdom","OPM":9,"Total_sales_vol":680.9300014972687,"rate_of_return":0.0}
{"window":{"start":"2022-05-10T09:08:00.000Z","end":"2022-05-10T09:09:00.000Z"},"country":"United Kingdom","OPM":8,"Total_sales_vol":480.91999650001526,"rate_of_return":0.043478260869565216}
{"window":{"start":"2022-05-10T06:15:00.000Z","end":"2022-05-10T06:16:00.000Z"},"country":"Germany","OPM":1,"Total_sales_vol":30.839999675750732,"rate_of_return":0.0}
{"window":{"start":"2022-05-06T13:57:00.000Z","end":"2022-05-06T13:58:00.000Z"},"country":"United Kingdom","OPM":4,"Total_sales_vol":522.4899834394455,"rate_of_return":0.0}
{"window":{"start":"2022-05-06T03:01:00.000Z","end":"2022-05-06T03:02:00.000Z"},"country":"United Kingdom","OPM":9,"Total_sales_vol":1143.2900040149689,"rate_of_return":0.13157894736842105}
{"window":{"start":"2022-05-08T15:47:00.000Z","end":"2022-05-08T15:48:00.000Z"},"country":"Portugal","OPM":1,"Total_sales_vol":24.09999978542328,"rate_of_return":0.0}
{"window":{"start":"2022-05-10T09:24:00.000Z","end":"2022-05-10T09:25:00.000Z"},"country":"United Kingdom","OPM":10,"Total_sales_vol":264.5299962759018,"rate_of_return":0.09375}
{"window":{"start":"2022-05-06T10:29:00.000Z","end":"2022-05-06T10:30:00.000Z"},"country":"Switzerland","OPM":2,"Total_sales_vol":83.3499984741211,"rate_of_return":0.0}
{"window":{"start":"2022-05-08T08:30:00.000Z","end":"2022-05-08T08:31:00.000Z"},"country":"United Kingdom","OPM":15,"Total_sales_vol":434.8599665462971,"rate_of_return":0.25806451612903225}
{"window":{"start":"2022-05-08T16:43:00.000Z","end":"2022-05-08T16:44:00.000Z"},"country":"Japan","OPM":1,"Total_sales_vol":7.4700000286102295,"rate_of_return":0.0}
{"window":{"start":"2022-05-09T15:14:00.000Z","end":"2022-05-09T15:15:00.000Z"},"country":"Germany","OPM":1,"Total_sales_vol":33.579999923706055,"rate_of_return":0.0}
{"window":{"start":"2022-05-08T22:00:00.000Z","end":"2022-05-08T22:01:00.000Z"},"country":"Belgium","OPM":1,"Total_sales_vol":20.15000057220459,"rate_of_return":0.0}
{"window":{"start":"2022-05-05T17:48:00.000Z","end":"2022-05-05T17:49:00.000Z"},"country":"United Kingdom","OPM":11,"Total_sales_vol":498.7399962246418,"rate_of_return":0.17307692307692307}
{"window":{"start":"2022-05-10T01:21:00.000Z","end":"2022-05-10T01:22:00.000Z"},"country":"United Kingdom","OPM":6,"Total_sales_vol":214.77000051736832,"rate_of_return":0.0}
{"window":{"start":"2022-05-06T13:17:00.000Z","end":"2022-05-06T13:18:00.000Z"},"country":"United Kingdom","OPM":9,"Total_sales_vol":787.3400095179677,"rate_of_return":0.0}
{"window":{"start":"2022-05-06T18:27:00.000Z","end":"2022-05-06T18:28:00.000Z"},"country":"Netherlands","OPM":1,"Total_sales_vol":22.929999947547913,"rate_of_return":0.0}
{"window":{"start":"2022-05-09T17:40:00.000Z","end":"2022-05-09T17:41:00.000Z"},"country":"United Kingdom","OPM":13,"Total_sales_vol":887.4899756610394,"rate_of_return":0.0}
{"window":{"start":"2022-05-08T21:01:00.000Z","end":"2022-05-08T21:02:00.000Z"},"country":"EIRE","OPM":1,"Total_sales_vol":31.619999170303345,"rate_of_return":0.0}
{"window":{"start":"2022-05-08T22:42:00.000Z","end":"2022-05-08T22:43:00.000Z"},"country":"Germany","OPM":2,"Total_sales_vol":107.10000228881836,"rate_of_return":0.0}
{"window":{"start":"2022-05-06T01:34:00.000Z","end":"2022-05-06T01:35:00.000Z"},"country":"United Kingdom","OPM":10,"Total_sales_vol":901.7900084555149,"rate_of_return":0.0}
{"window":{"start":"2022-05-08T20:34:00.000Z","end":"2022-05-08T20:35:00.000Z"},"country":"United Kingdom","OPM":7,"Total_sales_vol":1043.5099646747112,"rate_of_return":0.0}
{"window":{"start":"2022-05-09T14:03:00.000Z","end":"2022-05-09T14:04:00.000Z"},"country":"United Kingdom","OPM":9,"Total_sales_vol":1393.23999863863,"rate_of_return":0.0}
{"window":{"start":"2022-05-07T15:50:00.000Z","end":"2022-05-07T15:51:00.000Z"},"country":"Unspecified","OPM":1,"Total_sales_vol":48.60000038146973,"rate_of_return":0.0}
{"window":{"start":"2022-05-08T10:56:00.000Z","end":"2022-05-08T10:57:00.000Z"},"country":"United Kingdom","OPM":15,"Total_sales_vol":659.8900025486946,"rate_of_return":0.0}
{"window":{"start":"2022-05-08T22:42:00.000Z","end":"2022-05-08T22:43:00.000Z"},"country":"EIRE","OPM":1,"Total_sales_vol":32.61999988555908,"rate_of_return":0.0}
{"window":{"start":"2022-05-08T13:28:00.000Z","end":"2022-05-08T13:29:00.000Z"},"country":"United Kingdom","OPM":7,"Total_sales_vol":344.10000467300415,"rate_of_return":0.0}
{"window":{"start":"2022-05-10T02:37:00.000Z","end":"2022-05-10T02:38:00.000Z"},"country":"United Kingdom","OPM":12,"Total_sales_vol":352.4099988043308,"rate_of_return":0.11428571428571428}
{"window":{"start":"2022-05-10T01:27:00.000Z","end":"2022-05-10T01:28:00.000Z"},"country":"Belgium","OPM":1,"Total_sales_vol":35.010000228881836,"rate_of_return":0.0}
{"window":{"start":"2022-05-06T12:19:00.000Z","end":"2022-05-06T12:20:00.000Z"},"country":"Italy","OPM":1,"Total_sales_vol":426.6799995303154,"rate_of_return":0.0}
{"window":{"start":"2022-05-09T06:39:00.000Z","end":"2022-05-09T06:40:00.000Z"},"country":"EIRE","OPM":1,"Total_sales_vol":19.099998474121094,"rate_of_return":0.0}
{"window":{"start":"2022-05-05T21:47:00.000Z","end":"2022-05-05T21:48:00.000Z"},"country":"Iceland","OPM":1,"Total_sales_vol":52.90000009536743,"rate_of_return":0.0}
{"window":{"start":"2022-05-06T12:00:00.000Z","end":"2022-05-06T12:01:00.000Z"},"country":"United Kingdom","OPM":8,"Total_sales_vol":800.840026140213,"rate_of_return":0.0}
{"window":{"start":"2022-05-06T22:39:00.000Z","end":"2022-05-06T22:40:00.000Z"},"country":"Germany","OPM":1,"Total_sales_vol":37.550000071525574,"rate_of_return":0.0}
{"window":{"start":"2022-05-05T23:55:00.000Z","end":"2022-05-05T23:56:00.000Z"},"country":"Italy","OPM":1,"Total_sales_vol":66.03999710083008,"rate_of_return":0.0}
{"window":{"start":"2022-05-07T15:46:00.000Z","end":"2022-05-07T15:47:00.000Z"},"country":"EIRE","OPM":1,"Total_sales_vol":206.5,"rate_of_return":0.0}
{"window":{"start":"2022-05-07T03:02:00.000Z","end":"2022-05-07T03:03:00.000Z"},"country":"United Kingdom","OPM":14,"Total_sales_vol":697.4200111627579,"rate_of_return":0.0}
{"window":{"start":"2022-05-07T13:28:00.000Z","end":"2022-05-07T13:29:00.000Z"},"country":"United Kingdom","OPM":11,"Total_sales_vol":313.32000309228897,"rate_of_return":0.2222222222222222}
{"window":{"start":"2022-05-08T10:25:00.000Z","end":"2022-05-08T10:26:00.000Z"},"country":"United Kingdom","OPM":9,"Total_sales_vol":762.3900102972984,"rate_of_return":0.0}
{"window":{"start":"2022-05-08T13:05:00.000Z","end":"2022-05-08T13:06:00.000Z"},"country":"United Kingdom","OPM":15,"Total_sales_vol":619.6700021624565,"rate_of_return":0.0}
{"window":{"start":"2022-05-08T11:20:00.000Z","end":"2022-05-08T11:21:00.000Z"},"country":"France","OPM":1,"Total_sales_vol":5.689999997615814,"rate_of_return":0.0}
{"window":{"start":"2022-05-08T06:06:00.000Z","end":"2022-05-08T06:07:00.000Z"},"country":"Australia","OPM":1,"Total_sales_vol":15.899999618530273,"rate_of_return":0.0}
{"window":{"start":"2022-05-10T09:05:00.000Z","end":"2022-05-10T09:06:00.000Z"},"country":"Germany","OPM":1,"Total_sales_vol":49.670002937316895,"rate_of_return":0.0}
{"window":{"start":"2022-05-07T03:50:00.000Z","end":"2022-05-07T03:51:00.000Z"},"country":"United Kingdom","OPM":16,"Total_sales_vol":636.1600009799004,"rate_of_return":0.10526315789473684}
{"window":{"start":"2022-05-08T15:09:00.000Z","end":"2022-05-08T15:10:00.000Z"},"country":"United Kingdom","OPM":4,"Total_sales_vol":93.24999952316284,"rate_of_return":0.0}
{"window":{"start":"2022-05-06T07:42:00.000Z","end":"2022-05-06T07:43:00.000Z"},"country":"Germany","OPM":1,"Total_sales_vol":66.09999918937683,"rate_of_return":0.0}
{"window":{"start":"2022-05-07T22:56:00.000Z","end":"2022-05-07T22:57:00.000Z"},"country":"France","OPM":1,"Total_sales_vol":121.7499989271164,"rate_of_return":0.0}
{"window":{"start":"2022-05-07T09:43:00.000Z","end":"2022-05-07T09:44:00.000Z"},"country":"United Kingdom","OPM":9,"Total_sales_vol":415.99999383091927,"rate_of_return":0.14814814814814814}
{"window":{"start":"2022-05-06T17:43:00.000Z","end":"2022-05-06T17:44:00.000Z"},"country":"United Kingdom","OPM":17,"Total_sales_vol":832.2000080943108,"rate_of_return":0.11538461538461539}
{"window":{"start":"2022-05-06T11:27:00.000Z","end":"2022-05-06T11:28:00.000Z"},"country":"United Kingdom","OPM":6,"Total_sales_vol":231.0599982738495,"rate_of_return":0.0}
{"window":{"start":"2022-05-06T23:55:00.000Z","end":"2022-05-06T23:56:00.000Z"},"country":"EIRE","OPM":1,"Total_sales_vol":68.63999938964844,"rate_of_return":0.0}
{"window":{"start":"2022-05-09T14:41:00.000Z","end":"2022-05-09T14:42:00.000Z"},"country":"Switzerland","OPM":1,"Total_sales_vol":12.75,"rate_of_return":0.0}
