{"window":{"start":"2022-05-08T07:08:00.000Z","end":"2022-05-08T07:09:00.000Z"},"country":"United Kingdom","OPM":16,"Total_sales_vol":708.9300014972687,"rate_of_return":0.041666666666666664}
{"window":{"start":"2022-05-08T01:26:00.000Z","end":"2022-05-08T01:27:00.000Z"},"country":"United Kingdom","OPM":5,"Total_sales_vol":378.0900021791458,"rate_of_return":0.0}
{"window":{"start":"2022-05-06T11:44:00.000Z","end":"2022-05-06T11:45:00.000Z"},"country":"France","OPM":1,"Total_sales_vol":35.69999694824219,"rate_of_return":0.0}
{"window":{"start":"2022-05-08T03:01:00.000Z","end":"2022-05-08T03:02:00.000Z"},"country":"Netherlands","OPM":1,"Total_sales_vol":585.9000052213669,"rate_of_return":0.0}
{"window":{"start":"2022-05-10T02:34:00.000Z","end":"2022-05-10T02:35:00.000Z"},"country":"France","OPM":1,"Total_sales_vol":15.859999895095825,"rate_of_return":0.0}
{"window":{"start":"2022-05-06T21:41:00.000Z","end":"2022-05-06T21:42:00.000Z"},"country":"United Kingdom","OPM":9,"Total_sales_vol":301.169999063015,"rate_of_return":0.0}
{"window":{"start":"2022-05-06T14:47:00.000Z","end":"2022-05-06T14:48:00.000Z"},"country":"United Kingdom","OPM":8,"Total_sales_vol":644.5299929380417,"rate_of_return":0.0}
{"window":{"start":"2022-05-08T03:18:00.000Z","end":"2022-05-08T03:19:00.000Z"},"country":"Portugal","OPM":1,"Total_sales_vol":215.94999980926514,"rate_of_return":0.0}
{"window":{"start":"2022-05-09T23:49:00.000Z","end":"2022-05-09T23:50:00.000Z"},"country":"Denmark","OPM":1,"Total_sales_vol":140.2999917268753,"rate_of_return":0.0}
{"window":{"start":"2022-05-05T19:52:00.000Z","end":"2022-05-05T19:53:00.000Z"},"country":"Germany","OPM":1,"Total_sales_vol":85.89999866485596,"rate_of_return":0.0}
{"window":{"start":"2022-05-08T13:54:00.000Z","end":"2022-05-08T13:55:00.000Z"},"country":"United Kingdom","OPM":8,"Total_sales_vol":384.460002720356,"rate_of_return":0.0}
{"window":{"start":"2022-05-07T03:11:00.000Z","end":"2022-05-07T03:12:00.000Z"},"country":"Spain","OPM":1,"Total_sales_vol":155.18999862670898,"rate_of_return":0.0}
{"window":{"start":"2022-05-06T03:23:00.000Z","end":"2022-05-06T03:24:00.000Z"},"country":"United Kingdom","OPM":9,"Total_sales_vol":1129.3200008571148,"rate_of_return":0.0}
{"window":{"start":"2022-05-09T02:37:00.000Z","end":"2022-05-09T02:38:00.000Z"},"country":"EIRE","OPM":1,"Total_sales_vol":4.949999809265137,"rate_of_return":0.0}
{"window":{"start":"2022-05-06T10:59:00.000Z","end":"2022-05-06T11:00:00.000Z"},"country":"United Kingdom","OPM":13,"Total_sales_vol":196.91999924182892,"rate_of_return":0.06382978723404255}
{"window":{"start":"2022-05-08T15:54:00.000Z","end":"2022-05-08T15:55:00.000Z"},"country":"United Kingdom","OPM":6,"Total_sales_vol":538.7300110459328,"rate_of_return":0.0}
{"window":{"start":"2022-05-10T12:43:00.000Z","end":"2022-05-10T12:44:00.000Z"},"country":"EIRE","OPM":1,"Total_sales_vol":24.959999084472656,"rate_of_return":0.0}
{"window":{"start":"2022-05-06T12:17:00.000Z","end":"2022-05-06T12:18:00.000Z"},"country":"Switzerland","OPM":1,"Total_sales_vol":25.7400004863739,"rate_of_return":0.0}
{"window":{"start":"2022-05-08T07:56:00.000Z","end":"2022-05-08T07:57:00.000Z"},"country":"EIRE","OPM":1,"Total_sales_vol":29.760000228881836,"rate_of_return":0.0}
{"window":{"start":"2022-05-08T23:10:00.000Z","end":"2022-05-08T23:11:00.000Z"},"country":"United Kingdom","OPM":8,"Total_sales_vol":313.0099973976612,"rate_of_return":0.14285714285714285}
{"window":{"start":"2022-05-06T02:43:00.000Z","end":"2022-05-06T02:44:00.000Z"},"country":"United Kingdom","OPM":6,"Total_sales_vol":125.45000034570694,"rate_of_return":0.0}
{"window":{"start":"2022-05-08T14:32:00.000Z","end":"2022-05-08T14:33:00.000Z"},"country":"Netherlands","OPM":1,"Total_sales_vol":188.02999687194824,"rate_of_return":0.0}
{"window":{"start":"2022-05-08T19:19:00.000Z","end":"2022-05-08T19:20:00.000Z"},"country":"United Kingdom","OPM":5,"Total_sales_vol":322.0799976885319,"rate_of_return":0.0}
{"window":{"start":"2022-05-07T03:48:00.000Z","end":"2022-05-07T03:49:00.000Z"},"country":"Germany","OPM":2,"Total_sales_vol":379.4199901819229,"rate_of_return":0.0}
{"window":{"start":"2022-05-07T00:44:00.000Z","end":"2022-05-07T00:45:00.000Z"},"country":"United Kingdom","OPM":8,"Total_sales_vol":340.5300005674362,"rate_of_return":0.0}
{"window":{"start":"2022-05-07T07:11:00.000Z","end":"2022-05-07T07:12:00.000Z"},"country":"United Kingdom","OPM":13,"Total_sales_vol":315.8300007581711,"rate_of_return":0.10526315789473684}
{"window":{"start":"2022-05-08T07:54:00.000Z","end":"2022-05-08T07:55:00.000Z"},"country":"France","OPM":1,"Total_sales_vol":7.0199995040893555,"rate_of_return":0.0}
{"window":{"start":"2022-05-07T01:33:00.000Z","end":"2022-05-07T01:34:00.000Z"},"country":"Portugal","OPM":1,"Total_sales_vol":175.6500015258789,"rate_of_return":0.0}
{"window":{"start":"2022-05-09T18:18:00.000Z","end":"2022-05-09T18:19:00.000Z"},"country":"Netherlands","OPM":1,"Total_sales_vol":1240.4500000476837,"rate_of_return":0.0}
{"window":{"start":"2022-05-10T02:28:00.000Z","end":"2022-05-10T02:29:00.000Z"},"country":"United Kingdom","OPM":7,"Total_sales_vol":182.29000064730644,"rate_of_return":0.125}
{"window":{"start":"2022-05-10T01:22:00.000Z","end":"2022-05-10T01:23:00.000Z"},"country":"United Kingdom","OPM":11,"Total_sales_vol":300.2600028514862,"rate_of_return":0.10526315789473684}
{"window":{"start":"2022-05-07T05:59:00.000Z","end":"2022-05-07T06:00:00.000Z"},"country":"United Kingdom","OPM":7,"Total_sales_vol":340.150004029274,"rate_of_return":0.0}
{"window":{"start":"2022-05-09T03:00:00.000Z","end":"2022-05-09T03:01:00.000Z"},"country":"United Kingdom","OPM":5,"Total_sales_vol":148.46000343561172,"rate_of_return":0.1111111111111111}
{"window":{"start":"2022-05-10T07:16:00.000Z","end":"2022-05-10T07:17:00.000Z"},"country":"United Kingdom","OPM":11,"Total_sales_vol":489.9399948120117,"rate_of_return":0.0}
{"window":{"start":"2022-05-10T05:46:00.000Z","end":"2022-05-10T05:47:00.000Z"},"country":"United Kingdom","OPM":10,"Total_sales_vol":51.71999627351761,"rate_of_return":0.2857142857142857}
{"window":{"start":"2022-05-07T14:19:00.000Z","end":"2022-05-07T14:20:00.000Z"},"country":"United Kingdom","OPM":11,"Total_sales_vol":646.1300061047077,"rate_of_return":0.058823529411764705}
{"window":{"start":"2022-05-09T06:40:00.000Z","end":"2022-05-09T06:41:00.000Z"},"country":"Germany","OPM":1,"Total_sales_vol":165.63999938964844,"rate_of_return":0.0}
{"window":{"start":"2022-05-08T10:59:00.000Z","end":"2022-05-08T11:00:00.000Z"},"country":"United Kingdom","OPM":11,"Total_sales_vol":-392.8099784851074,"rate_of_return":0.125}
{"window":{"start":"2022-05-10T00:34:00.000Z","end":"2022-05-10T00:35:00.000Z"},"country":"Germany","OPM":1,"Total_sales_vol":94.61000540852547,"rate_of_return":0.0}
{"window":{"start":"2022-05-06T16:11:00.000Z","end":"2022-05-06T16:12:00.000Z"},"country":"Italy","OPM":1,"Total_sales_vol":14.940000534057617,"rate_of_return":0.0}
{"window":{"start":"2022-05-06T05:39:00.000Z","end":"2022-05-06T05:40:00.000Z"},"country":"United Kingdom","OPM":14,"Total_sales_vol":1443.8400090932846,"rate_of_return":0.0}
{"window":{"start":"2022-05-08T06:37:00.000Z","end":"2022-05-08T06:38:00.000Z"},"country":"France","OPM":1,"Total_sales_vol":26.309999465942383,"rate_of_return":0.0}
{"window":{"start":"2022-05-07T06:51:00.000Z","end":"2022-05-07T06:52:00.000Z"},"country":"United Kingdom","OPM":14,"Total_sales_vol":588.5600025355816,"rate_of_return":0.058823529411764705}
{"window":{"start":"2022-05-09T20:17:00.000Z","end":"2022-05-09T20:18:00.000Z"},"country":"France","OPM":1,"Total_sales_vol":14.920000076293945,"rate_of_return":0.0}
{"window":{"start":"2022-05-09T02:58:00.000Z","end":"2022-05-09T02:59:00.000Z"},"country":"Germany","OPM":1,"Total_sales_vol":34.20999991893768,"rate_of_return":0.0}
{"window":{"start":"2022-05-08T16:52:00.000Z","end":"2022-05-08T16:53:00.000Z"},"country":"United Kingdom","OPM":12,"Total_sales_vol":225.8999968469143,"rate_of_return":0.12903225806451613}
{"window":{"start":"2022-05-10T08:24:00.000Z","end":"2022-05-10T08:25:00.000Z"},"country":"Germany","OPM":1,"Total_sales_vol":15.299999237060547,"rate_of_return":0.0}
{"window":{"start":"2022-05-06T18:38:00.000Z","end":"2022-05-06T18:39:00.000Z"},"country":"United Kingdom","OPM":9,"Total_sales_vol":744.340004503727,"rate_of_return":0.0}
{"window":{"start":"2022-05-06T09:38:00.000Z","end":"2022-05-06T09:39:00.000Z"},"country":"EIRE","OPM":1,"Total_sales_vol":137.16000086069107,"rate_of_return":0.0}
{"window":{"start":"2022-05-08T14:59:00.000Z","end":"2022-05-08T15:00:00.000Z"},"country":"United Kingdom","OPM":8,"Total_sales_vol":95.47001028060913,"rate_of_return":0.3076923076923077}
{"window":{"start":"2022-05-07T02:45:00.000Z","end":"2022-05-07T02:46:00.000Z"},"country":"United Kingdom","OPM":9,"Total_sales_vol":819.08000010252,"rate_of_return":0.12}
{"window":{"start":"2022-05-10T04:45:00.000Z","end":"2022-05-10T04:46:00.000Z"},"country":"Switzerland","OPM":1,"Total_sales_vol":679.7199802398682,"rate_of_return":0.0}
{"window":{"start":"2022-05-08T19:10:00.000Z","end":"2022-05-08T19:11:00.000Z"},"country":"United Kingdom","OPM":15,"Total_sales_vol":565.2399960979819,"rate_of_return":0.023809523809523808}
{"window":{"start":"2022-05-08T06:55:00.000Z","end":"2022-05-08T06:56:00.000Z"},"country":"Germany","OPM":1,"Total_sales_vol":138.77999877929688,"rate_of_return":0.0}
{"window":{"start":"2022-05-08T17:47:00.000Z","end":"2022-05-08T17:48:00.000Z"},"country":"Finland","OPM":1,"Total_sales_vol":-46.3100004196167,"rate_of_return":1.0}
{"window":{"start":"2022-05-09T20:05:00.000Z","end":"2022-05-09T20:06:00.000Z"},"country":"EIRE","OPM":1,"Total_sales_vol":32.820000410079956,"rate_of_return":0.0}
{"window":{"start":"2022-05-06T04:24:00.000Z","end":"2022-05-06T04:25:00.000Z"},"country":"EIRE","OPM":1,"Total_sales_vol":21.03000032901764,"rate_of_return":0.0}
{"window":{"start":"2022-05-07T00:47:00.000Z","end":"2022-05-07T00:48:00.000Z"},"country":"United Kingdom","OPM":9,"Total_sales_vol":642.0800038576126,"rate_of_return":0.0}
{"window":{"start":"2022-05-08T04:31:00.000Z","end":"2022-05-08T04:32:00.000Z"},"country":"United Kingdom","OPM":8,"Total_sales_vol":427.07999789714813,"rate_of_return":0.0}
{"window":{"start":"2022-05-08T23:30:00.000Z","end":"2022-05-08T23:31:00.000Z"},"country":"United Kingdom","OPM":13,"Total_sales_vol":602.0999928712845,"rate_of_return":0.1724137931034483}
{"window":{"start":"2022-05-09T07:52:00.000Z","end":"2022-05-09T07:53:00.000Z"},"country":"United Kingdom","OPM":8,"Total_sales_vol":618.4100064635277,"rate_of_return":0.0}
{"window":{"start":"2022-05-07T18:13:00.000Z","end":"2022-05-07T18:14:00.000Z"},"country":"United Kingdom","OPM":14,"Total_sales_vol":-49.16000035405159,"rate_of_return":0.09090909090909091}
{"window":{"start":"2022-05-10T02:21:00.000Z","end":"2022-05-10T02:22:00.000Z"},"country":"Poland","OPM":1,"Total_sales_vol":10.200000762939453,"rate_of_return":0.0}
{"window":{"start":"2022-05-08T07:49:00.000Z","end":"2022-05-08T07:50:00.000Z"},"country":"Germany","OPM":1,"Total_sales_vol":982.849999666214,"rate_of_return":0.0}
{"window":{"start":"2022-05-10T06:45:00.000Z","end":"2022-05-10T06:46:00.000Z"},"country":"United Kingdom","OPM":8,"Total_sales_vol":560.7900006175041,"rate_of_return":0.0}
{"window":{"start":"2022-05-08T18:37:00.000Z","end":"2022-05-08T18:38:00.000Z"},"country":"RSA","OPM":1,"Total_sales_vol":14.109999537467957,"rate_of_return":0.0}
