{"window":{"start":"2022-05-06T02:21:00.000Z","end":"2022-05-06T02:22:00.000Z"},"country":"United Kingdom","OPM":4,"Total_sales_vol":196.80000519752502,"rate_of_return":0.0}
{"window":{"start":"2022-05-08T04:03:00.000Z","end":"2022-05-08T04:04:00.000Z"},"country":"United Kingdom","OPM":15,"Total_sales_vol":662.5799950659275,"rate_of_return":0.0}
{"window":{"start":"2022-05-08T23:20:00.000Z","end":"2022-05-08T23:21:00.000Z"},"country":"EIRE","OPM":1,"Total_sales_vol":97.83999729156494,"rate_of_return":0.0}
{"window":{"start":"2022-05-08T15:07:00.000Z","end":"2022-05-08T15:08:00.000Z"},"country":"United Kingdom","OPM":14,"Total_sales_vol":1354.1600197553635,"rate_of_return":0.05555555555555555}
{"window":{"start":"2022-05-08T03:05:00.000Z","end":"2022-05-08T03:06:00.000Z"},"country":"United Kingdom","OPM":8,"Total_sales_vol":383.91000413894653,"rate_of_return":0.0}
{"window":{"start":"2022-05-08T07:02:00.000Z","end":"2022-05-08T07:03:00.000Z"},"country":"United Kingdom","OPM":9,"Total_sales_vol":242.26998883485794,"rate_of_return":0.18518518518518517}
{"window":{"start":"2022-05-06T01:05:00.000Z","end":"2022-05-06T01:06:00.000Z"},"country":"United Kingdom","OPM":12,"Total_sales_vol":411.0900027155876,"rate_of_return":0.06451612903225806}
{"window":{"start":"2022-05-06T15:05:00.000Z","end":"2022-05-06T15:06:00.000Z"},"country":"EIRE","OPM":1,"Total_sales_vol":21.579999923706055,"rate_of_return":0.0}
{"window":{"start":"2022-05-08T21:11:00.000Z","end":"2022-05-08T21:12:00.000Z"},"country":"EIRE","OPM":1,"Total_sales_vol":12.290000081062317,"rate_of_return":0.0}
{"window":{"start":"2022-05-07T21:37:00.000Z","end":"2022-05-07T21:38:00.000Z"},"country":"Germany","OPM":1,"Total_sales_vol":214.94999980926514,"rate_of_return":0.0}
{"window":{"start":"2022-05-08T06:20:00.000Z","end":"2022-05-08T06:21:00.000Z"},"country":"United Kingdom","OPM":15,"Total_sales_vol":861.829995661974,"rate_of_return":0.0}
{"window":{"start":"2022-05-09T19:29:00.000Z","end":"2022-05-09T19:30:00.000Z"},"country":"United Kingdom","OPM":3,"Total_sales_vol":-50.010000348091125,"rate_of_return":0.75}
{"window":{"start":"2022-05-08T18:47:00.000Z","end":"2022-05-08T18:48:00.000Z"},"country":"United Kingdom","OPM":12,"Total_sales_vol":1241.1599873900414,"rate_of_return":0.0}
{"window":{"start":"2022-05-07T23:36:00.000Z","end":"2022-05-07T23:37:00.000Z"},"country":"United Kingdom","OPM":9,"Total_sales_vol":834.5999971330166,"rate_of_return":0.0}
{"window":{"start":"2022-05-06T18:47:00.000Z","end":"2022-05-06T18:48:00.000Z"},"country":"United Kingdom","OPM":9,"Total_sales_vol":1004.6800023317337,"rate_of_return":0.0}
{"window":{"start":"2022-05-08T10:33:00.000Z","end":"2022-05-08T10:34:00.000Z"},"country":"United Kingdom","OPM":5,"Total_sales_vol":194.8299909234047,"rate_of_return":0.05555555555555555}
{"window":{"start":"2022-05-06T05:40:00.000Z","end":"2022-05-06T05:41:00.000Z"},"country":"United Kingdom","OPM":8,"Total_sales_vol":2012.1399940252304,"rate_of_return":0.0}
{"window":{"start":"2022-05-07T06:33:00.000Z","end":"2022-05-07T06:34:00.000Z"},"country":"Switzerland","OPM":1,"Total_sales_vol":21.009999752044678,"rate_of_return":0.0}
{"window":{"start":"2022-05-06T22:53:00.000Z","end":"2022-05-06T22:54:00.000Z"},"country":"United Kingdom","OPM":13,"Total_sales_vol":480.56000193208456,"rate_of_return":0.0}
{"window":{"start":"2022-05-10T03:48:00.000Z","end":"2022-05-10T03:49:00.000Z"},"country":"United Kingdom","OPM":5,"Total_sales_vol":291.09999990463257,"rate_of_return":0.0}
{"window":{"start":"2022-05-06T07:40:00.000Z","end":"2022-05-06T07:41:00.000Z"},"country":"United Kingdom","OPM":6,"Total_sales_vol":614.8399985432625,"rate_of_return":0.19047619047619047}
{"window":{"start":"2022-05-10T01:26:00.000Z","end":"2022-05-10T01:27:00.000Z"},"country":"Germany","OPM":1,"Total_sales_vol":51.46999979019165,"rate_of_return":0.0}
{"window":{"start":"2022-05-08T18:59:00.000Z","end":"2022-05-08T19:00:00.000Z"},"country":"United Kingdom","OPM":4,"Total_sales_vol":404.5400005578995,"rate_of_return":0.0}
{"window":{"start":"2022-05-10T00:52:00.000Z","end":"2022-05-10T00:53:00.000Z"},"country":"Iceland","OPM":1,"Total_sales_vol":17.400001525878906,"rate_of_return":0.0}
{"window":{"start":"2022-05-09T22:19:00.000Z","end":"2022-05-09T22:20:00.000Z"},"country":"United Kingdom","OPM":6,"Total_sales_vol":259.6800164282322,"rate_of_return":0.22727272727272727}
{"window":{"start":"2022-05-05T17:41:00.000Z","end":"2022-05-05T17:42:00.000Z"},"country":"United Kingdom","OPM":11,"Total_sales_vol":416.11999648809433,"rate_of_return":0.11538461538461539}
{"window":{"start":"2022-05-08T23:26:00.000Z","end":"2022-05-08T23:27:00.000Z"},"country":"Germany","OPM":1,"Total_sales_vol":-159.29999899864197,"rate_of_return":1.0}
{"window":{"start":"2022-05-07T05:45:00.000Z","end":"2022-05-07T05:46:00.000Z"},"country":"EIRE","OPM":2,"Total_sales_vol":42.949997425079346,"rate_of_return":0.0}
{"window":{"start":"2022-05-09T15:10:00.000Z","end":"2022-05-09T15:11:00.000Z"},"country":"USA","OPM":1,"Total_sales_vol":180.56001210212708,"rate_of_return":0.0}
{"window":{"start":"2022-05-06T06:38:00.000Z","end":"2022-05-06T06:39:00.000Z"},"country":"United Kingdom","OPM":18,"Total_sales_vol":802.5799950659275,"rate_of_return":0.041666666666666664}
{"window":{"start":"2022-05-08T14:08:00.000Z","end":"2022-05-08T14:09:00.000Z"},"country":"United Kingdom","OPM":8,"Total_sales_vol":367.1600015759468,"rate_of_return":0.0}
{"window":{"start":"2022-05-09T06:23:00.000Z","end":"2022-05-09T06:24:00.000Z"},"country":"Portugal","OPM":1,"Total_sales_vol":29.520000457763672,"rate_of_return":0.0}
{"window":{"start":"2022-05-08T10:13:00.000Z","end":"2022-05-08T10:14:00.000Z"},"country":"EIRE","OPM":1,"Total_sales_vol":78.7099974155426,"rate_of_return":0.0}
{"window":{"start":"2022-05-06T07:51:00.000Z","end":"2022-05-06T07:52:00.000Z"},"country":"United Kingdom","OPM":12,"Total_sales_vol":486.999997317791,"rate_of_return":0.0}
{"window":{"start":"2022-05-06T19:31:00.000Z","end":"2022-05-06T19:32:00.000Z"},"country":"United Kingdom","OPM":7,"Total_sales_vol":1632.419998049736,"rate_of_return":0.043478260869565216}
{"window":{"start":"2022-05-09T11:33:00.000Z","end":"2022-05-09T11:34:00.000Z"},"country":"United Kingdom","OPM":7,"Total_sales_vol":1410.4399729967117,"rate_of_return":0.0}
{"window":{"start":"2022-05-08T05:50:00.000Z","end":"2022-05-08T05:51:00.000Z"},"country":"United Kingdom","OPM":2,"Total_sales_vol":252.23999643325806,"rate_of_return":0.0}
{"window":{"start":"2022-05-10T03:53:00.000Z","end":"2022-05-10T03:54:00.000Z"},"country":"France","OPM":1,"Total_sales_vol":10.200000762939453,"rate_of_return":0.0}
{"window":{"start":"2022-05-06T08:10:00.000Z","end":"2022-05-06T08:11:00.000Z"},"country":"EIRE","OPM":1,"Total_sales_vol":179.18999540805817,"rate_of_return":0.0}
{"window":{"start":"2022-05-08T22:16:00.000Z","end":"2022-05-08T22:17:00.000Z"},"country":"United Kingdom","OPM":7,"Total_sales_vol":1160.8300055265427,"rate_of_return":0.0}
{"window":{"start":"2022-05-09T05:09:00.000Z","end":"2022-05-09T05:10:00.000Z"},"country":"United Kingdom","OPM":5,"Total_sales_vol":548.6399997472763,"rate_of_return":0.0}
{"window":{"start":"2022-05-07T08:37:00.000Z","end":"2022-05-07T08:38:00.000Z"},"country":"Spain","OPM":1,"Total_sales_vol":21.0,"rate_of_return":0.0}
{"window":{"start":"2022-05-09T08:07:00.000Z","end":"2022-05-09T08:08:00.000Z"},"country":"United Kingdom","OPM":5,"Total_sales_vol":210.11000275611877,"rate_of_return":0.0}
{"window":{"start":"2022-05-10T03:30:00.000Z","end":"2022-05-10T03:31:00.000Z"},"country":"United Kingdom","OPM":8,"Total_sales_vol":462.63000029325485,"rate_of_return":0.0}
{"window":{"start":"2022-05-08T04:11:00.000Z","end":"2022-05-08T04:12:00.000Z"},"country":"Germany","OPM":2,"Total_sales_vol":43.14999997615814,"rate_of_return":0.0}
{"window":{"start":"2022-05-07T09:06:00.000Z","end":"2022-05-07T09:07:00.000Z"},"country":"United Kingdom","OPM":15,"Total_sales_vol":1429.7200339138508,"rate_of_return":0.057692307692307696}
{"window":{"start":"2022-05-07T12:59:00.000Z","end":"2022-05-07T13:00:00.000Z"},"country":"United Kingdom","OPM":14,"Total_sales_vol":662.9899981021881,"rate_of_return":0.0}
{"window":{"start":"2022-05-07T22:07:00.000Z","end":"2022-05-07T22:08:00.000Z"},"country":"EIRE","OPM":1,"Total_sales_vol":57.96000325679779,"rate_of_return":0.0}
{"window":{"start":"2022-05-09T03:02:00.000Z","end":"2022-05-09T03:03:00.000Z"},"country":"United Kingdom","OPM":7,"Total_sales_vol":1205.0600101947784,"rate_of_return":0.0}
{"window":{"start":"2022-05-10T08:46:00.000Z","end":"2022-05-10T08:47:00.000Z"},"country":"United Kingdom","OPM":14,"Total_sales_vol":1419.3899847269058,"rate_of_return":0.0}
{"window":{"start":"2022-05-06T21:34:00.000Z","end":"2022-05-06T21:35:00.000Z"},"country":"United Kingdom","OPM":8,"Total_sales_vol":595.9599891006947,"rate_of_return":0.06060606060606061}
{"window":{"start":"2022-05-05T19:19:00.000Z","end":"2022-05-05T19:20:00.000Z"},"country":"United Kingdom","OPM":6,"Total_sales_vol":593.980006724596,"rate_of_return":0.0}
{"window":{"start":"2022-05-06T05:45:00.000Z","end":"2022-05-06T05:46:00.000Z"},"country":"Italy","OPM":1,"Total_sales_vol":35.400001525878906,"rate_of_return":0.0}
{"window":{"start":"2022-05-08T20:59:00.000Z","end":"2022-05-08T21:00:00.000Z"},"country":"United Kingdom","OPM":6,"Total_sales_vol":1146.919984638691,"rate_of_return":0.0}
{"window":{"start":"2022-05-08T23:43:00.000Z","end":"2022-05-08T23:44:00.000Z"},"country":"United Kingdom","OPM":15,"Total_sales_vol":1142.0000021457672,"rate_of_return":0.0}
{"window":{"start":"2022-05-05T18:58:00.000Z","end":"2022-05-05T18:59:00.000Z"},"country":"Belgium","OPM":1,"Total_sales_vol":17.270000278949738,"rate_of_return":0.0}
{"window":{"start":"2022-05-06T12:24:00.000Z","end":"2022-05-06T12:25:00.000Z"},"country":"United Kingdom","OPM":9,"Total_sales_vol":569.6999999284744,"rate_of_return":0.0}
{"window":{"start":"2022-05-09T05:07:00.000Z","end":"2022-05-09T05:08:00.000Z"},"country":"United Kingdom","OPM":11,"Total_sales_vol":624.7000022232533,"rate_of_return":0.0}
{"window":{"start":"2022-05-06T10:13:00.000Z","end":"2022-05-06T10:14:00.000Z"},"country":"United Kingdom","OPM":11,"Total_sales_vol":1010.0600040853024,"rate_of_return":0.0}
