{"window":{"start":"2022-05-05T21:22:00.000Z","end":"2022-05-05T21:23:00.000Z"},"country":"United Kingdom","OPM":6,"Total_sales_vol":868.7400010824203,"rate_of_return":0.0}
{"window":{"start":"2022-05-07T04:42:00.000Z","end":"2022-05-07T04:43:00.000Z"},"country":"EIRE","OPM":1,"Total_sales_vol":-43.25999999046326,"rate_of_return":1.0}
{"window":{"start":"2022-05-08T23:56:00.000Z","end":"2022-05-08T23:57:00.000Z"},"country":"EIRE","OPM":1,"Total_sales_vol":4.949999809265137,"rate_of_return":0.0}
{"window":{"start":"2022-05-10T07:44:00.000Z","end":"2022-05-10T07:45:00.000Z"},"country":"Spain","OPM":1,"Total_sales_vol":15.800000190734863,"rate_of_return":0.0}
{"window":{"start":"2022-05-07T08:53:00.000Z","end":"2022-05-07T08:54:00.000Z"},"country":"United Kingdom","OPM":12,"Total_sales_vol":447.30998504161835,"rate_of_return":0.10344827586206896}
{"window":{"start":"2022-05-05T17:20:00.000Z","end":"2022-05-05T17:21:00.000Z"},"country":"EIRE","OPM":1,"Total_sales_vol":13.520000457763672,"rate_of_return":0.0}
{"window":{"start":"2022-05-10T02:27:00.000Z","end":"2022-05-10T02:28:00.000Z"},"country":"Norway","OPM":1,"Total_sales_vol":114.99999713897705,"rate_of_return":0.0}
{"window":{"start":"2022-05-10T13:19:00.000Z","end":"2022-05-10T13:20:00.000Z"},"country":"United Kingdom","OPM":8,"Total_sales_vol":399.51999562978745,"rate_of_return":0.0}
{"window":{"start":"2022-05-06T16:14:00.000Z","end":"2022-05-06T16:15:00.000Z"},"country":"United Kingdom","OPM":5,"Total_sales_vol":335.6999980211258,"rate_of_return":0.0}
{"window":{"start":"2022-05-06T03:41:00.000Z","end":"2022-05-06T03:42:00.000Z"},"country":"United Kingdom","OPM":12,"Total_sales_vol":882.059984087944,"rate_of_return":0.0}
{"window":{"start":"2022-05-07T08:07:00.000Z","end":"2022-05-07T08:08:00.000Z"},"country":"United Kingdom","OPM":10,"Total_sales_vol":534.1299960315228,"rate_of_return":0.0}
{"window":{"start":"2022-05-08T15:53:00.000Z","end":"2022-05-08T15:54:00.000Z"},"country":"United Arab Emirates","OPM":1,"Total_sales_vol":-45.6699994802475,"rate_of_return":1.0}
{"window":{"start":"2022-05-09T20:41:00.000Z","end":"2022-05-09T20:42:00.000Z"},"country":"United Kingdom","OPM":8,"Total_sales_vol":655.2300009429455,"rate_of_return":0.0}
{"window":{"start":"2022-05-07T13:44:00.000Z","end":"2022-05-07T13:45:00.000Z"},"country":"EIRE","OPM":1,"Total_sales_vol":18.450000047683716,"rate_of_return":0.0}
{"window":{"start":"2022-05-06T18:50:00.000Z","end":"2022-05-06T18:51:00.000Z"},"country":"Germany","OPM":1,"Total_sales_vol":0.38999998569488525,"rate_of_return":0.0}
{"window":{"start":"2022-05-06T22:57:00.000Z","end":"2022-05-06T22:58:00.000Z"},"country":"Hong Kong","OPM":1,"Total_sales_vol":14.949999809265137,"rate_of_return":0.0}
{"window":{"start":"2022-05-08T00:48:00.000Z","end":"2022-05-08T00:49:00.000Z"},"country":"United Kingdom","OPM":8,"Total_sales_vol":310.0899977684021,"rate_of_return":0.0}
{"window":{"start":"2022-05-06T19:50:00.000Z","end":"2022-05-06T19:51:00.000Z"},"country":"United Kingdom","OPM":7,"Total_sales_vol":279.22000336647034,"rate_of_return":0.0}
{"window":{"start":"2022-05-08T11:38:00.000Z","end":"2022-05-08T11:39:00.000Z"},"country":"United Kingdom","OPM":9,"Total_sales_vol":925.1500062346458,"rate_of_return":0.0}
{"window":{"start":"2022-05-08T23:50:00.000Z","end":"2022-05-08T23:51:00.000Z"},"country":"EIRE","OPM":1,"Total_sales_vol":17.700000762939453,"rate_of_return":0.0}
{"window":{"start":"2022-05-06T02:50:00.000Z","end":"2022-05-06T02:51:00.000Z"},"country":"United Kingdom","OPM":7,"Total_sales_vol":299.2199993133545,"rate_of_return":0.0}
{"window":{"start":"2022-05-10T10:47:00.000Z","end":"2022-05-10T10:48:00.000Z"},"country":"United Kingdom","OPM":14,"Total_sales_vol":2709.019953072071,"rate_of_return":0.0}
{"window":{"start":"2022-05-05T20:46:00.000Z","end":"2022-05-05T20:47:00.000Z"},"country":"United Kingdom","OPM":7,"Total_sales_vol":589.4899910092354,"rate_of_return":0.0}
{"window":{"start":"2022-05-10T10:57:00.000Z","end":"2022-05-10T10:58:00.000Z"},"country":"Germany","OPM":2,"Total_sales_vol":73.51999795436859,"rate_of_return":0.0}
{"window":{"start":"2022-05-08T01:12:00.000Z","end":"2022-05-08T01:13:00.000Z"},"country":"United Kingdom","OPM":9,"Total_sales_vol":40.66000556945801,"rate_of_return":0.37777777777777777}
{"window":{"start":"2022-05-06T03:50:00.000Z","end":"2022-05-06T03:51:00.000Z"},"country":"United Kingdom","OPM":10,"Total_sales_vol":704.3099907934666,"rate_of_return":0.0}
{"window":{"start":"2022-05-09T00:33:00.000Z","end":"2022-05-09T00:34:00.000Z"},"country":"United Kingdom","OPM":5,"Total_sales_vol":305.31999921798706,"rate_of_return":0.0}
{"window":{"start":"2022-05-06T17:02:00.000Z","end":"2022-05-06T17:03:00.000Z"},"country":"United Kingdom","OPM":6,"Total_sales_vol":155.02000254392624,"rate_of_return":0.08333333333333333}
{"window":{"start":"2022-05-07T08:05:00.000Z","end":"2022-05-07T08:06:00.000Z"},"country":"United Kingdom","OPM":7,"Total_sales_vol":260.1999963223934,"rate_of_return":0.0}
{"window":{"start":"2022-05-10T05:09:00.000Z","end":"2022-05-10T05:10:00.000Z"},"country":"Germany","OPM":1,"Total_sales_vol":100.90999901294708,"rate_of_return":0.0}
{"window":{"start":"2022-05-10T01:16:00.000Z","end":"2022-05-10T01:17:00.000Z"},"country":"United Kingdom","OPM":7,"Total_sales_vol":263.480001270771,"rate_of_return":0.0}
{"window":{"start":"2022-05-10T08:29:00.000Z","end":"2022-05-10T08:30:00.000Z"},"country":"Czech Republic","OPM":1,"Total_sales_vol":69.35999870300293,"rate_of_return":0.0}
{"window":{"start":"2022-05-06T09:22:00.000Z","end":"2022-05-06T09:23:00.000Z"},"country":"United Kingdom","OPM":7,"Total_sales_vol":295.4099988937378,"rate_of_return":0.0}
{"window":{"start":"2022-05-08T20:03:00.000Z","end":"2022-05-08T20:04:00.000Z"},"country":"Switzerland","OPM":1,"Total_sales_vol":146.76999950408936,"rate_of_return":0.0}
{"window":{"start":"2022-05-08T11:46:00.000Z","end":"2022-05-08T11:47:00.000Z"},"country":"Australia","OPM":1,"Total_sales_vol":230.23000887036324,"rate_of_return":0.0}
{"window":{"start":"2022-05-08T04:00:00.000Z","end":"2022-05-08T04:01:00.000Z"},"country":"Australia","OPM":1,"Total_sales_vol":183.0599980354309,"rate_of_return":0.0}
{"window":{"start":"2022-05-06T18:02:00.000Z","end":"2022-05-06T18:03:00.000Z"},"country":"United Kingdom","OPM":15,"Total_sales_vol":594.4900090098381,"rate_of_return":0.046511627906976744}
{"window":{"start":"2022-05-08T10:41:00.000Z","end":"2022-05-08T10:42:00.000Z"},"country":"United Kingdom","OPM":9,"Total_sales_vol":202.20999890565872,"rate_of_return":0.037037037037037035}
{"window":{"start":"2022-05-09T09:05:00.000Z","end":"2022-05-09T09:06:00.000Z"},"country":"EIRE","OPM":1,"Total_sales_vol":2.0999999046325684,"rate_of_return":0.0}
{"window":{"start":"2022-05-05T23:48:00.000Z","end":"2022-05-05T23:49:00.000Z"},"country":"United Kingdom","OPM":7,"Total_sales_vol":183527.1362452209,"rate_of_return":0.0}
{"window":{"start":"2022-05-08T18:53:00.000Z","end":"2022-05-08T18:54:00.000Z"},"country":"United Kingdom","OPM":9,"Total_sales_vol":279.69999873638153,"rate_of_return":0.04}
{"window":{"start":"2022-05-08T20:13:00.000Z","end":"2022-05-08T20:14:00.000Z"},"country":"Spain","OPM":1,"Total_sales_vol":57.52999973297119,"rate_of_return":0.0}
{"window":{"start":"2022-05-06T19:14:00.000Z","end":"2022-05-06T19:15:00.000Z"},"country":"United Kingdom","OPM":5,"Total_sales_vol":307.95999616384506,"rate_of_return":0.2}
{"window":{"start":"2022-05-10T05:06:00.000Z","end":"2022-05-10T05:07:00.000Z"},"country":"United Kingdom","OPM":4,"Total_sales_vol":327.3699995279312,"rate_of_return":0.0}
{"window":{"start":"2022-05-06T12:51:00.000Z","end":"2022-05-06T12:52:00.000Z"},"country":"Norway","OPM":1,"Total_sales_vol":238.9699993133545,"rate_of_return":0.0}
{"window":{"start":"2022-05-06T14:17:00.000Z","end":"2022-05-06T14:18:00.000Z"},"country":"United Kingdom","OPM":9,"Total_sales_vol":1107.9299776554108,"rate_of_return":0.10344827586206896}
{"window":{"start":"2022-05-06T15:48:00.000Z","end":"2022-05-06T15:49:00.000Z"},"country":"EIRE","OPM":1,"Total_sales_vol":0.41999998688697815,"rate_of_return":0.0}
{"window":{"start":"2022-05-07T06:19:00.000Z","end":"2022-05-07T06:20:00.000Z"},"country":"United Kingdom","OPM":11,"Total_sales_vol":1049.2999975681305,"rate_of_return":0.0}
{"window":{"start":"2022-05-08T20:47:00.000Z","end":"2022-05-08T20:48:00.000Z"},"country":"United Kingdom","OPM":10,"Total_sales_vol":583.739993929863,"rate_of_return":0.047619047619047616}
{"window":{"start":"2022-05-07T04:34:00.000Z","end":"2022-05-07T04:35:00.000Z"},"country":"France","OPM":1,"Total_sales_vol":156.0499975681305,"rate_of_return":0.0}
{"window":{"start":"2022-05-07T13:58:00.000Z","end":"2022-05-07T13:59:00.000Z"},"country":"Sweden","OPM":1,"Total_sales_vol":2.0999999046325684,"rate_of_return":0.0}
{"window":{"start":"2022-05-07T09:36:00.000Z","end":"2022-05-07T09:37:00.000Z"},"country":"France","OPM":1,"Total_sales_vol":7.460000157356262,"rate_of_return":0.0}
{"window":{"start":"2022-05-08T13:09:00.000Z","end":"2022-05-08T13:10:00.000Z"},"country":"United Kingdom","OPM":9,"Total_sales_vol":273.989999294281,"rate_of_return":0.0}
{"window":{"start":"2022-05-06T20:53:00.000Z","end":"2022-05-06T20:54:00.000Z"},"country":"Germany","OPM":1,"Total_sales_vol":18.299999952316284,"rate_of_return":0.0}
{"window":{"start":"2022-05-07T14:51:00.000Z","end":"2022-05-07T14:52:00.000Z"},"country":"Czech Republic","OPM":1,"Total_sales_vol":20.450000047683716,"rate_of_return":0.0}
{"window":{"start":"2022-05-08T01:16:00.000Z","end":"2022-05-08T01:17:00.000Z"},"country":"United Kingdom","OPM":10,"Total_sales_vol":674.9499994516373,"rate_of_return":0.18518518518518517}
{"window":{"start":"2022-05-06T20:30:00.000Z","end":"2022-05-06T20:31:00.000Z"},"country":"United Kingdom","OPM":8,"Total_sales_vol":358.14999228715897,"rate_of_return":0.0}
{"window":{"start":"2022-05-07T15:20:00.000Z","end":"2022-05-07T15:21:00.000Z"},"country":"United Kingdom","OPM":8,"Total_sales_vol":273.91000163555145,"rate_of_return":0.0}
{"window":{"start":"2022-05-10T08:12:00.000Z","end":"2022-05-10T08:13:00.000Z"},"country":"United Kingdom","OPM":11,"Total_sales_vol":650.1599894762039,"rate_of_return":0.0}
{"window":{"start":"2022-05-09T23:14:00.000Z","end":"2022-05-09T23:15:00.000Z"},"country":"France","OPM":1,"Total_sales_vol":-164.4599964618683,"rate_of_return":1.0}
{"window":{"start":"2022-05-09T19:14:00.000Z","end":"2022-05-09T19:15:00.000Z"},"country":"Germany","OPM":2,"Total_sales_vol":-22.83000072836876,"rate_of_return":0.5}
{"window":{"start":"2022-05-09T22:00:00.000Z","end":"2022-05-09T22:01:00.000Z"},"country":"United Kingdom","OPM":12,"Total_sales_vol":983.4099879264832,"rate_of_return":0.0}
{"window":{"start":"2022-05-06T23:00:00.000Z","end":"2022-05-06T23:01:00.000Z"},"country":"France","OPM":1,"Total_sales_vol":47.11999845504761,"rate_of_return":0.0}
{"window":{"start":"2022-05-08T00:36:00.000Z","end":"2022-05-08T00:37:00.000Z"},"country":"Netherlands","OPM":1,"Total_sales_vol":8.699999809265137,"rate_of_return":0.0}
{"window":{"start":"2022-05-08T16:50:00.000Z","end":"2022-05-08T16:51:00.000Z"},"country":"United Kingdom","OPM":10,"Total_sales_vol":1016.2099951207638,"rate_of_return":0.0}
{"window":{"start":"2022-05-06T06:37:00.000Z","end":"2022-05-06T06:38:00.000Z"},"country":"Iceland","OPM":1,"Total_sales_vol":1.6299999952316284,"rate_of_return":0.0}
