{"window":{"start":"2022-05-09T20:42:00.000Z","end":"2022-05-09T20:43:00.000Z"},"country":"United Kingdom","OPM":11,"Total_sales_vol":292.159998357296,"rate_of_return":0.3333333333333333}
{"window":{"start":"2022-05-10T06:17:00.000Z","end":"2022-05-10T06:18:00.000Z"},"country":"United Kingdom","OPM":13,"Total_sales_vol":654.0799908936024,"rate_of_return":0.25}
{"window":{"start":"2022-05-08T00:49:00.000Z","end":"2022-05-08T00:50:00.000Z"},"country":"Spain","OPM":1,"Total_sales_vol":134.5800006389618,"rate_of_return":0.0}
{"window":{"start":"2022-05-06T05:06:00.000Z","end":"2022-05-06T05:07:00.000Z"},"country":"United Kingdom","OPM":14,"Total_sales_vol":548.979999423027,"rate_of_return":0.06666666666666667}
{"window":{"start":"2022-05-05T16:23:00.000Z","end":"2022-05-05T16:24:00.000Z"},"country":"United Kingdom","OPM":5,"Total_sales_vol":346.4599991440773,"rate_of_return":0.0}
{"window":{"start":"2022-05-05T20:30:00.000Z","end":"2022-05-05T20:31:00.000Z"},"country":"United Kingdom","OPM":5,"Total_sales_vol":137.80999970436096,"rate_of_return":0.0}
{"window":{"start":"2022-05-06T19:18:00.000Z","end":"2022-05-06T19:19:00.000Z"},"country":"Spain","OPM":1,"Total_sales_vol":36.270000010728836,"rate_of_return":0.0}
{"window":{"start":"2022-05-06T12:56:00.000Z","end":"2022-05-06T12:57:00.000Z"},"country":"Netherlands","OPM":1,"Total_sales_vol":0.8399999737739563,"rate_of_return":0.0}
{"window":{"start":"2022-05-06T13:31:00.000Z","end":"2022-05-06T13:32:00.000Z"},"country":"United Kingdom","OPM":11,"Total_sales_vol":575.1700026988983,"rate_of_return":0.08108108108108109}
{"window":{"start":"2022-05-06T23:12:00.000Z","end":"2022-05-06T23:13:00.000Z"},"country":"EIRE","OPM":1,"Total_sales_vol":7.489999890327454,"rate_of_return":0.0}
{"window":{"start":"2022-05-06T00:12:00.000Z","end":"2022-05-06T00:13:00.000Z"},"country":"United Kingdom","OPM":17,"Total_sales_vol":1996.0799705088139,"rate_of_return":0.03508771929824561}
{"window":{"start":"2022-05-09T17:50:00.000Z","end":"2022-05-09T17:51:00.000Z"},"country":"United Kingdom","OPM":8,"Total_sales_vol":358.58000230789185,"rate_of_return":0.06451612903225806}
{"window":{"start":"2022-05-10T07:44:00.000Z","end":"2022-05-10T07:45:00.000Z"},"country":"United Kingdom","OPM":4,"Total_sales_vol":192.69999384880066,"rate_of_return":0.0}
{"window":{"start":"2022-05-07T11:15:00.000Z","end":"2022-05-07T11:16:00.000Z"},"country":"United Kingdom","OPM":10,"Total_sales_vol":130.1099978685379,"rate_of_return":0.24}
{"window":{"start":"2022-05-10T09:25:00.000Z","end":"2022-05-10T09:26:00.000Z"},"country":"EIRE","OPM":1,"Total_sales_vol":100.6599999666214,"rate_of_return":0.0}
{"window":{"start":"2022-05-06T01:33:00.000Z","end":"2022-05-06T01:34:00.000Z"},"country":"Poland","OPM":1,"Total_sales_vol":52.040000915527344,"rate_of_return":0.0}
{"window":{"start":"2022-05-09T21:19:00.000Z","end":"2022-05-09T21:20:00.000Z"},"country":"Sweden","OPM":1,"Total_sales_vol":34.05999994277954,"rate_of_return":0.0}
{"window":{"start":"2022-05-06T21:27:00.000Z","end":"2022-05-06T21:28:00.000Z"},"country":"United Kingdom","OPM":15,"Total_sales_vol":2630.010033518076,"rate_of_return":0.0}
{"window":{"start":"2022-05-07T06:11:00.000Z","end":"2022-05-07T06:12:00.000Z"},"country":"Netherlands","OPM":1,"Total_sales_vol":49.29999923706055,"rate_of_return":0.0}
{"window":{"start":"2022-05-06T08:05:00.000Z","end":"2022-05-06T08:06:00.000Z"},"country":"Poland","OPM":1,"Total_sales_vol":48.55000054836273,"rate_of_return":0.0}
{"window":{"start":"2022-05-09T00:00:00.000Z","end":"2022-05-09T00:01:00.000Z"},"country":"United Kingdom","OPM":11,"Total_sales_vol":560.9199976921082,"rate_of_return":0.0}
{"window":{"start":"2022-05-08T05:50:00.000Z","end":"2022-05-08T05:51:00.000Z"},"country":"EIRE","OPM":1,"Total_sales_vol":9.480000495910645,"rate_of_return":0.0}
{"window":{"start":"2022-05-10T07:00:00.000Z","end":"2022-05-10T07:01:00.000Z"},"country":"Switzerland","OPM":1,"Total_sales_vol":8.949999809265137,"rate_of_return":0.0}
{"window":{"start":"2022-05-09T11:26:00.000Z","end":"2022-05-09T11:27:00.000Z"},"country":"United Kingdom","OPM":9,"Total_sales_vol":51.180018067359924,"rate_of_return":0.06666666666666667}
{"window":{"start":"2022-05-06T15:18:00.000Z","end":"2022-05-06T15:19:00.000Z"},"country":"United Kingdom","OPM":14,"Total_sales_vol":558.8299976885319,"rate_of_return":0.0}
{"window":{"start":"2022-05-08T11:42:00.000Z","end":"2022-05-08T11:43:00.000Z"},"country":"United Kingdom","OPM":9,"Total_sales_vol":1061.6999911665916,"rate_of_return":0.0}
{"window":{"start":"2022-05-09T09:25:00.000Z","end":"2022-05-09T09:26:00.000Z"},"country":"Spain","OPM":1,"Total_sales_vol":2.75,"rate_of_return":0.0}
{"window":{"start":"2022-05-07T16:53:00.000Z","end":"2022-05-07T16:54:00.000Z"},"country":"United Kingdom","OPM":4,"Total_sales_vol":238.68000030517578,"rate_of_return":0.0}
{"window":{"start":"2022-05-06T19:23:00.000Z","end":"2022-05-06T19:24:00.000Z"},"country":"United Kingdom","OPM":10,"Total_sales_vol":487.2000038921833,"rate_of_return":0.0}
{"window":{"start":"2022-05-06T16:37:00.000Z","end":"2022-05-06T16:38:00.000Z"},"country":"USA","OPM":1,"Total_sales_vol":35.63999938964844,"rate_of_return":0.0}
{"window":{"start":"2022-05-05T21:58:00.000Z","end":"2022-05-05T21:59:00.000Z"},"country":"United Kingdom","OPM":15,"Total_sales_vol":1250.1699955761433,"rate_of_return":0.0}
{"window":{"start":"2022-05-09T07:56:00.000Z","end":"2022-05-09T07:57:00.000Z"},"country":"France","OPM":1,"Total_sales_vol":1.649999976158142,"rate_of_return":0.0}
{"window":{"start":"2022-05-05T18:03:00.000Z","end":"2022-05-05T18:04:00.000Z"},"country":"United Kingdom","OPM":10,"Total_sales_vol":1756.540008932352,"rate_of_return":0.02564102564102564}
{"window":{"start":"2022-05-10T07:07:00.000Z","end":"2022-05-10T07:08:00.000Z"},"country":"United Kingdom","OPM":12,"Total_sales_vol":782.6500005126,"rate_of_return":0.0}
{"window":{"start":"2022-05-06T20:15:00.000Z","end":"2022-05-06T20:16:00.000Z"},"country":"United Kingdom","OPM":5,"Total_sales_vol":178.97000332176685,"rate_of_return":0.0}
{"window":{"start":"2022-05-06T03:19:00.000Z","end":"2022-05-06T03:20:00.000Z"},"country":"France","OPM":1,"Total_sales_vol":-17.700000762939453,"rate_of_return":1.0}
{"window":{"start":"2022-05-07T19:02:00.000Z","end":"2022-05-07T19:03:00.000Z"},"country":"Germany","OPM":1,"Total_sales_vol":65.45000123977661,"rate_of_return":0.0}
{"window":{"start":"2022-05-06T14:54:00.000Z","end":"2022-05-06T14:55:00.000Z"},"country":"United Kingdom","OPM":7,"Total_sales_vol":356.2599947452545,"rate_of_return":0.0}
{"window":{"start":"2022-05-06T19:16:00.000Z","end":"2022-05-06T19:17:00.000Z"},"country":"EIRE","OPM":1,"Total_sales_vol":111.86999893188477,"rate_of_return":0.0}
{"window":{"start":"2022-05-07T23:07:00.000Z","end":"2022-05-07T23:08:00.000Z"},"country":"Denmark","OPM":1,"Total_sales_vol":16.52999973297119,"rate_of_return":0.0}
{"window":{"start":"2022-05-09T16:44:00.000Z","end":"2022-05-09T16:45:00.000Z"},"country":"United Kingdom","OPM":8,"Total_sales_vol":325.0700043439865,"rate_of_return":0.0}
{"window":{"start":"2022-05-06T02:12:00.000Z","end":"2022-05-06T02:13:00.000Z"},"country":"United Kingdom","OPM":8,"Total_sales_vol":900.8600047826767,"rate_of_return":0.0}
{"window":{"start":"2022-05-05T17:51:00.000Z","end":"2022-05-05T17:52:00.000Z"},"country":"United Kingdom","OPM":7,"Total_sales_vol":160.01999735832214,"rate_of_return":0.0}
{"window":{"start":"2022-05-07T17:32:00.000Z","end":"2022-05-07T17:33:00.000Z"},"country":"United Kingdom","OPM":14,"Total_sales_vol":1420.780000001192,"rate_of_return":0.0}
{"window":{"start":"2022-05-08T09:58:00.000Z","end":"2022-05-08T09:59:00.000Z"},"country":"United Kingdom","OPM":10,"Total_sales_vol":-80.2500022649765,"rate_of_return":0.16666666666666666}
{"window":{"start":"2022-05-06T16:02:00.000Z","end":"2022-05-06T16:03:00.000Z"},"country":"Germany","OPM":1,"Total_sales_vol":25.19999885559082,"rate_of_return":0.0}
{"window":{"start":"2022-05-08T02:08:00.000Z","end":"2022-05-08T02:09:00.000Z"},"country":"United Kingdom","OPM":10,"Total_sales_vol":921.3699976801872,"rate_of_return":0.0}
{"window":{"start":"2022-05-07T18:54:00.000Z","end":"2022-05-07T18:55:00.000Z"},"country":"Hong Kong","OPM":1,"Total_sales_vol":41.200000524520874,"rate_of_return":0.0}
{"window":{"start":"2022-05-08T11:25:00.000Z","end":"2022-05-08T11:26:00.000Z"},"country":"United Kingdom","OPM":12,"Total_sales_vol":1007.8399885296822,"rate_of_return":0.0}
{"window":{"start":"2022-05-06T21:20:00.000Z","end":"2022-05-06T21:21:00.000Z"},"country":"United Kingdom","OPM":5,"Total_sales_vol":1262.0299956798553,"rate_of_return":0.0}
{"window":{"start":"2022-05-08T08:26:00.000Z","end":"2022-05-08T08:27:00.000Z"},"country":"France","OPM":1,"Total_sales_vol":59.040000915527344,"rate_of_return":0.0}
{"window":{"start":"2022-05-07T22:32:00.000Z","end":"2022-05-07T22:33:00.000Z"},"country":"United Kingdom","OPM":14,"Total_sales_vol":1242.8300214707851,"rate_of_return":0.0}
{"window":{"start":"2022-05-07T10:16:00.000Z","end":"2022-05-07T10:17:00.000Z"},"country":"France","OPM":1,"Total_sales_vol":177.39999771118164,"rate_of_return":0.0}
{"window":{"start":"2022-05-07T14:34:00.000Z","end":"2022-05-07T14:35:00.000Z"},"country":"United Kingdom","OPM":6,"Total_sales_vol":349.61999493837357,"rate_of_return":0.0}
{"window":{"start":"2022-05-07T15:07:00.000Z","end":"2022-05-07T15:08:00.000Z"},"country":"United Kingdom","OPM":13,"Total_sales_vol":2334.539928793907,"rate_of_return":0.0}
{"window":{"start":"2022-05-09T09:57:00.000Z","end":"2022-05-09T09:58:00.000Z"},"country":"United Kingdom","OPM":9,"Total_sales_vol":877.7899982333183,"rate_of_return":0.0}
{"window":{"start":"2022-05-10T11:33:00.000Z","end":"2022-05-10T11:34:00.000Z"},"country":"United Kingdom","OPM":12,"Total_sales_vol":663.0500028133392,"rate_of_return":0.0}
{"window":{"start":"2022-05-08T07:40:00.000Z","end":"2022-05-08T07:41:00.000Z"},"country":"United Kingdom","OPM":11,"Total_sales_vol":491.55999970436096,"rate_of_return":0.14285714285714285}
{"window":{"start":"2022-05-07T17:44:00.000Z","end":"2022-05-07T17:45:00.000Z"},"country":"United Kingdom","OPM":8,"Total_sales_vol":319.9300084710121,"rate_of_return":0.0}
{"window":{"start":"2022-05-07T23:36:00.000Z","end":"2022-05-07T23:37:00.000Z"},"country":"Australia","OPM":1,"Total_sales_vol":54.08000183105469,"rate_of_return":0.0}
{"window":{"start":"2022-05-09T06:02:00.000Z","end":"2022-05-09T06:03:00.000Z"},"country":"United Kingdom","OPM":4,"Total_sales_vol":153.01000225543976,"rate_of_return":0.0}
{"window":{"start":"2022-05-07T11:09:00.000Z","end":"2022-05-07T11:10:00.000Z"},"country":"France","OPM":1,"Total_sales_vol":20.219999223947525,"rate_of_return":0.0}
{"window":{"start":"2022-05-05T22:29:00.000Z","end":"2022-05-05T22:30:00.000Z"},"country":"United Kingdom","OPM":10,"Total_sales_vol":273.4799926877022,"rate_of_return":0.0}
{"window":{"start":"2022-05-10T12:49:00.000Z","end":"2022-05-10T12:50:00.000Z"},"country":"EIRE","OPM":1,"Total_sales_vol":26.179999589920044,"rate_of_return":0.0}
{"window":{"start":"2022-05-05T16:52:00.000Z","end":"2022-05-05T16:53:00.000Z"},"country":"United Kingdom","OPM":8,"Total_sales_vol":1005.1999524831772,"rate_of_return":0.0}
{"window":{"start":"2022-05-07T02:07:00.000Z","end":"2022-05-07T02:08:00.000Z"},"country":"United Kingdom","OPM":9,"Total_sales_vol":950.9300055205822,"rate_of_return":0.0}
{"window":{"start":"2022-05-10T12:46:00.000Z","end":"2022-05-10T12:47:00.000Z"},"country":"United Kingdom","OPM":10,"Total_sales_vol":1048.4300023913383,"rate_of_return":0.0}
{"window":{"start":"2022-05-10T11:35:00.000Z","end":"2022-05-10T11:36:00.000Z"},"country":"United Kingdom","OPM":6,"Total_sales_vol":269.3300025463104,"rate_of_return":0.0}
{"window":{"start":"2022-05-09T11:29:00.000Z","end":"2022-05-09T11:30:00.000Z"},"country":"United Kingdom","OPM":4,"Total_sales_vol":69.62999868392944,"rate_of_return":0.0}
{"window":{"start":"2022-05-10T11:32:00.000Z","end":"2022-05-10T11:33:00.000Z"},"country":"Finland","OPM":1,"Total_sales_vol":13.200000762939453,"rate_of_return":0.0}
{"window":{"start":"2022-05-06T08:43:00.000Z","end":"2022-05-06T08:44:00.000Z"},"country":"United Kingdom","OPM":12,"Total_sales_vol":446.9199972450733,"rate_of_return":0.0}
{"window":{"start":"2022-05-08T07:17:00.000Z","end":"2022-05-08T07:18:00.000Z"},"country":"United Kingdom","OPM":11,"Total_sales_vol":440.6200073361397,"rate_of_return":0.05555555555555555}
