{"window":{"start":"2022-05-07T17:37:00.000Z","end":"2022-05-07T17:38:00.000Z"},"country":"Switzerland","OPM":1,"Total_sales_vol":10.5,"rate_of_return":0.0}
{"window":{"start":"2022-05-07T11:48:00.000Z","end":"2022-05-07T11:49:00.000Z"},"country":"United Kingdom","OPM":14,"Total_sales_vol":796.1999972462654,"rate_of_return":0.0}
{"window":{"start":"2022-05-09T01:09:00.000Z","end":"2022-05-09T01:10:00.000Z"},"country":"United Kingdom","OPM":10,"Total_sales_vol":277.95000344514847,"rate_of_return":0.03125}
{"window":{"start":"2022-05-06T04:54:00.000Z","end":"2022-05-06T04:55:00.000Z"},"country":"Germany","OPM":1,"Total_sales_vol":27.0,"rate_of_return":0.0}
{"window":{"start":"2022-05-06T16:16:00.000Z","end":"2022-05-06T16:17:00.000Z"},"country":"United Kingdom","OPM":12,"Total_sales_vol":578.0500022768974,"rate_of_return":0.0}
{"window":{"start":"2022-05-07T01:46:00.000Z","end":"2022-05-07T01:47:00.000Z"},"country":"United Kingdom","OPM":12,"Total_sales_vol":648.4199912548065,"rate_of_return":0.0}
{"window":{"start":"2022-05-07T12:20:00.000Z","end":"2022-05-07T12:21:00.000Z"},"country":"United Kingdom","OPM":12,"Total_sales_vol":1582.9599930644035,"rate_of_return":0.0}
{"window":{"start":"2022-05-08T18:11:00.000Z","end":"2022-05-08T18:12:00.000Z"},"country":"Portugal","OPM":1,"Total_sales_vol":41.290000915527344,"rate_of_return":0.0}
{"window":{"start":"2022-05-07T23:41:00.000Z","end":"2022-05-07T23:42:00.000Z"},"country":"France","OPM":1,"Total_sales_vol":34.0,"rate_of_return":0.0}
{"window":{"start":"2022-05-08T17:52:00.000Z","end":"2022-05-08T17:53:00.000Z"},"country":"Netherlands","OPM":1,"Total_sales_vol":306.0,"rate_of_return":0.0}
{"window":{"start":"2022-05-09T02:23:00.000Z","end":"2022-05-09T02:24:00.000Z"},"country":"United Kingdom","OPM":12,"Total_sales_vol":277.35000044107437,"rate_of_return":0.1}
{"window":{"start":"2022-05-06T01:06:00.000Z","end":"2022-05-06T01:07:00.000Z"},"country":"France","OPM":1,"Total_sales_vol":29.520000457763672,"rate_of_return":0.0}
{"window":{"start":"2022-05-05T17:19:00.000Z","end":"2022-05-05T17:20:00.000Z"},"country":"EIRE","OPM":1,"Total_sales_vol":1.649999976158142,"rate_of_return":0.0}
{"window":{"start":"2022-05-07T14:12:00.000Z","end":"2022-05-07T14:13:00.000Z"},"country":"United Kingdom","OPM":10,"Total_sales_vol":839.489991903305,"rate_of_return":0.030303030303030304}
{"window":{"start":"2022-05-08T12:59:00.000Z","end":"2022-05-08T13:00:00.000Z"},"country":"Spain","OPM":1,"Total_sales_vol":27.950000762939453,"rate_of_return":0.0}
{"window":{"start":"2022-05-06T02:49:00.000Z","end":"2022-05-06T02:50:00.000Z"},"country":"United Kingdom","OPM":10,"Total_sales_vol":468.9899973273277,"rate_of_return":0.0}
{"window":{"start":"2022-05-05T18:31:00.000Z","end":"2022-05-05T18:32:00.000Z"},"country":"United Kingdom","OPM":5,"Total_sales_vol":1501.059993505478,"rate_of_return":0.0}
{"window":{"start":"2022-05-10T12:52:00.000Z","end":"2022-05-10T12:53:00.000Z"},"country":"United Kingdom","OPM":7,"Total_sales_vol":-136.0500007867813,"rate_of_return":0.23529411764705882}
{"window":{"start":"2022-05-09T05:13:00.000Z","end":"2022-05-09T05:14:00.000Z"},"country":"United Kingdom","OPM":9,"Total_sales_vol":1148.6300039887428,"rate_of_return":0.0}
{"window":{"start":"2022-05-10T00:23:00.000Z","end":"2022-05-10T00:24:00.000Z"},"country":"United Kingdom","OPM":9,"Total_sales_vol":461.62999072670937,"rate_of_return":0.1111111111111111}
{"window":{"start":"2022-05-06T11:48:00.000Z","end":"2022-05-06T11:49:00.000Z"},"country":"United Kingdom","OPM":7,"Total_sales_vol":14016.850071877241,"rate_of_return":0.0}
{"window":{"start":"2022-05-07T13:27:00.000Z","end":"2022-05-07T13:28:00.000Z"},"country":"United Kingdom","OPM":7,"Total_sales_vol":392.1899978518486,"rate_of_return":0.0}
{"window":{"start":"2022-05-07T01:45:00.000Z","end":"2022-05-07T01:46:00.000Z"},"country":"France","OPM":1,"Total_sales_vol":20.100000143051147,"rate_of_return":0.0}
{"window":{"start":"2022-05-08T03:57:00.000Z","end":"2022-05-08T03:58:00.000Z"},"country":"Belgium","OPM":1,"Total_sales_vol":36.75,"rate_of_return":0.0}
{"window":{"start":"2022-05-08T19:46:00.000Z","end":"2022-05-08T19:47:00.000Z"},"country":"United Kingdom","OPM":8,"Total_sales_vol":1041.0900174379349,"rate_of_return":0.14814814814814814}
{"window":{"start":"2022-05-05T17:06:00.000Z","end":"2022-05-05T17:07:00.000Z"},"country":"United Kingdom","OPM":8,"Total_sales_vol":512.8699961304665,"rate_of_return":0.0}
{"window":{"start":"2022-05-07T15:06:00.000Z","end":"2022-05-07T15:07:00.000Z"},"country":"United Kingdom","OPM":12,"Total_sales_vol":180.09999749064445,"rate_of_return":0.09523809523809523}
{"window":{"start":"2022-05-08T17:15:00.000Z","end":"2022-05-08T17:16:00.000Z"},"country":"United Kingdom","OPM":10,"Total_sales_vol":737.2500240951777,"rate_of_return":0.0}
{"window":{"start":"2022-05-07T16:33:00.000Z","end":"2022-05-07T16:34:00.000Z"},"country":"Iceland","OPM":1,"Total_sales_vol":33.75,"rate_of_return":0.0}
{"window":{"start":"2022-05-08T16:42:00.000Z","end":"2022-05-08T16:43:00.000Z"},"country":"United Kingdom","OPM":6,"Total_sales_vol":400.650004029274,"rate_of_return":0.0}
{"window":{"start":"2022-05-09T15:16:00.000Z","end":"2022-05-09T15:17:00.000Z"},"country":"United Kingdom","OPM":6,"Total_sales_vol":685.2499934434891,"rate_of_return":0.0}
{"window":{"start":"2022-05-06T01:32:00.000Z","end":"2022-05-06T01:33:00.000Z"},"country":"Australia","OPM":1,"Total_sales_vol":36.79999923706055,"rate_of_return":0.0}
{"window":{"start":"2022-05-08T23:23:00.000Z","end":"2022-05-08T23:24:00.000Z"},"country":"Switzerland","OPM":1,"Total_sales_vol":8.289999961853027,"rate_of_return":0.0}
{"window":{"start":"2022-05-06T21:42:00.000Z","end":"2022-05-06T21:43:00.000Z"},"country":"United Kingdom","OPM":8,"Total_sales_vol":350.02999144792557,"rate_of_return":0.0}
{"window":{"start":"2022-05-06T02:29:00.000Z","end":"2022-05-06T02:30:00.000Z"},"country":"Germany","OPM":1,"Total_sales_vol":33.0,"rate_of_return":0.0}
{"window":{"start":"2022-05-07T15:06:00.000Z","end":"2022-05-07T15:07:00.000Z"},"country":"Spain","OPM":1,"Total_sales_vol":82.15999794006348,"rate_of_return":0.0}
{"window":{"start":"2022-05-10T05:15:00.000Z","end":"2022-05-10T05:16:00.000Z"},"country":"Portugal","OPM":1,"Total_sales_vol":2.9000000953674316,"rate_of_return":0.0}
{"window":{"start":"2022-05-09T13:56:00.000Z","end":"2022-05-09T13:57:00.000Z"},"country":"Norway","OPM":1,"Total_sales_vol":35.109999895095825,"rate_of_return":0.0}
{"window":{"start":"2022-05-09T03:13:00.000Z","end":"2022-05-09T03:14:00.000Z"},"country":"United Kingdom","OPM":9,"Total_sales_vol":317.3799993991852,"rate_of_return":0.0}
{"window":{"start":"2022-05-05T19:00:00.000Z","end":"2022-05-05T19:01:00.000Z"},"country":"France","OPM":1,"Total_sales_vol":33.15999984741211,"rate_of_return":0.0}
{"window":{"start":"2022-05-09T14:10:00.000Z","end":"2022-05-09T14:11:00.000Z"},"country":"United Kingdom","OPM":9,"Total_sales_vol":1042.6700177490711,"rate_of_return":0.07142857142857142}
{"window":{"start":"2022-05-08T11:34:00.000Z","end":"2022-05-08T11:35:00.000Z"},"country":"United Kingdom","OPM":8,"Total_sales_vol":340.41000866889954,"rate_of_return":0.13333333333333333}
{"window":{"start":"2022-05-06T07:51:00.000Z","end":"2022-05-06T07:52:00.000Z"},"country":"France","OPM":1,"Total_sales_vol":76.3800003528595,"rate_of_return":0.0}
{"window":{"start":"2022-05-07T23:54:00.000Z","end":"2022-05-07T23:55:00.000Z"},"country":"Germany","OPM":2,"Total_sales_vol":-44.749998331069946,"rate_of_return":0.75}
{"window":{"start":"2022-05-10T11:57:00.000Z","end":"2022-05-10T11:58:00.000Z"},"country":"United Kingdom","OPM":4,"Total_sales_vol":176.24999928474426,"rate_of_return":0.0}
{"window":{"start":"2022-05-06T01:45:00.000Z","end":"2022-05-06T01:46:00.000Z"},"country":"France","OPM":1,"Total_sales_vol":28.5,"rate_of_return":0.0}
{"window":{"start":"2022-05-08T02:02:00.000Z","end":"2022-05-08T02:03:00.000Z"},"country":"United Kingdom","OPM":9,"Total_sales_vol":450.61998653411865,"rate_of_return":0.038461538461538464}
{"window":{"start":"2022-05-09T03:26:00.000Z","end":"2022-05-09T03:27:00.000Z"},"country":"Belgium","OPM":1,"Total_sales_vol":38.05000019073486,"rate_of_return":0.0}
{"window":{"start":"2022-05-09T06:23:00.000Z","end":"2022-05-09T06:24:00.000Z"},"country":"United Kingdom","OPM":10,"Total_sales_vol":1041.379994660616,"rate_of_return":0.0}
{"window":{"start":"2022-05-08T22:35:00.000Z","end":"2022-05-08T22:36:00.000Z"},"country":"United Kingdom","OPM":8,"Total_sales_vol":363.8500052690506,"rate_of_return":0.0}
{"window":{"start":"2022-05-07T06:32:00.000Z","end":"2022-05-07T06:33:00.000Z"},"country":"Netherlands","OPM":1,"Total_sales_vol":53.29000008106232,"rate_of_return":0.0}
{"window":{"start":"2022-05-09T06:00:00.000Z","end":"2022-05-09T06:01:00.000Z"},"country":"United Kingdom","OPM":10,"Total_sales_vol":1164.599965453148,"rate_of_return":0.04878048780487805}
{"window":{"start":"2022-05-10T06:23:00.000Z","end":"2022-05-10T06:24:00.000Z"},"country":"United Kingdom","OPM":14,"Total_sales_vol":546.3999990224838,"rate_of_return":0.10869565217391304}
{"window":{"start":"2022-05-08T23:12:00.000Z","end":"2022-05-08T23:13:00.000Z"},"country":"United Kingdom","OPM":9,"Total_sales_vol":806.789997369051,"rate_of_return":0.0}
{"window":{"start":"2022-05-06T02:47:00.000Z","end":"2022-05-06T02:48:00.000Z"},"country":"United Kingdom","OPM":11,"Total_sales_vol":866.4999956041574,"rate_of_return":0.10416666666666667}
{"window":{"start":"2022-05-09T15:27:00.000Z","end":"2022-05-09T15:28:00.000Z"},"country":"United Kingdom","OPM":10,"Total_sales_vol":2392.2300395667553,"rate_of_return":0.0}
{"window":{"start":"2022-05-06T23:20:00.000Z","end":"2022-05-06T23:21:00.000Z"},"country":"United Kingdom","OPM":8,"Total_sales_vol":272.66999167203903,"rate_of_return":0.0}
{"window":{"start":"2022-05-07T23:11:00.000Z","end":"2022-05-07T23:12:00.000Z"},"country":"Netherlands","OPM":1,"Total_sales_vol":114.82999968528748,"rate_of_return":0.0}
{"window":{"start":"2022-05-07T10:23:00.000Z","end":"2022-05-07T10:24:00.000Z"},"country":"United Kingdom","OPM":11,"Total_sales_vol":342.18000078201294,"rate_of_return":0.0}
{"window":{"start":"2022-05-05T17:10:00.000Z","end":"2022-05-05T17:11:00.000Z"},"country":"EIRE","OPM":1,"Total_sales_vol":1.25,"rate_of_return":0.0}
{"window":{"start":"2022-05-08T13:17:00.000Z","end":"2022-05-08T13:18:00.000Z"},"country":"United Kingdom","OPM":4,"Total_sales_vol":337.9699929356575,"rate_of_return":0.0}
{"window":{"start":"2022-05-06T19:32:00.000Z","end":"2022-05-06T19:33:00.000Z"},"country":"France","OPM":1,"Total_sales_vol":7.499999761581421,"rate_of_return":0.0}
{"window":{"start":"2022-05-07T13:50:00.000Z","end":"2022-05-07T13:51:00.000Z"},"country":"Iceland","OPM":1,"Total_sales_vol":5.949999809265137,"rate_of_return":0.0}
{"window":{"start":"2022-05-10T00:51:00.000Z","end":"2022-05-10T00:52:00.000Z"},"country":"United Kingdom","OPM":13,"Total_sales_vol":513.3399979770184,"rate_of_return":0.0}
{"window":{"start":"2022-05-06T01:18:00.000Z","end":"2022-05-06T01:19:00.000Z"},"country":"EIRE","OPM":2,"Total_sales_vol":80.49000003933907,"rate_of_return":0.0}
{"window":{"start":"2022-05-05T22:43:00.000Z","end":"2022-05-05T22:44:00.000Z"},"country":"France","OPM":1,"Total_sales_vol":11.030000746250153,"rate_of_return":0.0}
{"window":{"start":"2022-05-07T22:17:00.000Z","end":"2022-05-07T22:18:00.000Z"},"country":"United Kingdom","OPM":13,"Total_sales_vol":487.7799999117851,"rate_of_return":0.0}
{"window":{"start":"2022-05-06T21:55:00.000Z","end":"2022-05-06T21:56:00.000Z"},"country":"United Kingdom","OPM":9,"Total_sales_vol":847.4900014102459,"rate_of_return":0.20833333333333334}
{"window":{"start":"2022-05-09T00:22:00.000Z","end":"2022-05-09T00:23:00.000Z"},"country":"Australia","OPM":1,"Total_sales_vol":26.200000047683716,"rate_of_return":0.0}
{"window":{"start":"2022-05-10T06:25:00.000Z","end":"2022-05-10T06:26:00.000Z"},"country":"United Kingdom","OPM":11,"Total_sales_vol":688.1600009202957,"rate_of_return":0.08333333333333333}
