{"window":{"start":"2022-05-05T20:02:00.000Z","end":"2022-05-05T20:03:00.000Z"},"country":"Germany","OPM":1,"Total_sales_vol":16.6299991607666,"rate_of_return":0.0}
{"window":{"start":"2022-05-07T17:41:00.000Z","end":"2022-05-07T17:42:00.000Z"},"country":"United Kingdom","OPM":18,"Total_sales_vol":945.1000022888184,"rate_of_return":0.0}
{"window":{"start":"2022-05-06T00:48:00.000Z","end":"2022-05-06T00:49:00.000Z"},"country":"United Kingdom","OPM":6,"Total_sales_vol":214.06000028550625,"rate_of_return":0.0}
{"window":{"start":"2022-05-09T22:05:00.000Z","end":"2022-05-09T22:06:00.000Z"},"country":"United Kingdom","OPM":7,"Total_sales_vol":362.93000507354736,"rate_of_return":0.0}
{"window":{"start":"2022-05-06T16:29:00.000Z","end":"2022-05-06T16:30:00.000Z"},"country":"Spain","OPM":1,"Total_sales_vol":119.89999961853027,"rate_of_return":0.0}
{"window":{"start":"2022-05-08T06:53:00.000Z","end":"2022-05-08T06:54:00.000Z"},"country":"United Kingdom","OPM":8,"Total_sales_vol":-25.769990503787994,"rate_of_return":0.23529411764705882}
{"window":{"start":"2022-05-09T11:53:00.000Z","end":"2022-05-09T11:54:00.000Z"},"country":"United Kingdom","OPM":7,"Total_sales_vol":329.81000074744225,"rate_of_return":0.0}
{"window":{"start":"2022-05-08T01:01:00.000Z","end":"2022-05-08T01:02:00.000Z"},"country":"Cyprus","OPM":1,"Total_sales_vol":12.59999942779541,"rate_of_return":0.0}
{"window":{"start":"2022-05-09T17:06:00.000Z","end":"2022-05-09T17:07:00.000Z"},"country":"United Kingdom","OPM":2,"Total_sales_vol":59.22000053524971,"rate_of_return":0.0}
{"window":{"start":"2022-05-07T16:38:00.000Z","end":"2022-05-07T16:39:00.000Z"},"country":"Spain","OPM":1,"Total_sales_vol":2.950000047683716,"rate_of_return":0.0}
{"window":{"start":"2022-05-10T10:58:00.000Z","end":"2022-05-10T10:59:00.000Z"},"country":"EIRE","OPM":1,"Total_sales_vol":32.840000212192535,"rate_of_return":0.0}
{"window":{"start":"2022-05-08T10:24:00.000Z","end":"2022-05-08T10:25:00.000Z"},"country":"United Kingdom","OPM":9,"Total_sales_vol":170.2999962568283,"rate_of_return":0.13636363636363635}
{"window":{"start":"2022-05-07T01:23:00.000Z","end":"2022-05-07T01:24:00.000Z"},"country":"United Kingdom","OPM":6,"Total_sales_vol":295.6599974036217,"rate_of_return":0.0}
{"window":{"start":"2022-05-08T19:13:00.000Z","end":"2022-05-08T19:14:00.000Z"},"country":"EIRE","OPM":1,"Total_sales_vol":10.009999632835388,"rate_of_return":0.0}
{"window":{"start":"2022-05-09T02:35:00.000Z","end":"2022-05-09T02:36:00.000Z"},"country":"Netherlands","OPM":1,"Total_sales_vol":9.75,"rate_of_return":0.0}
{"window":{"start":"2022-05-06T16:26:00.000Z","end":"2022-05-06T16:27:00.000Z"},"country":"United Kingdom","OPM":14,"Total_sales_vol":700.8400064408779,"rate_of_return":0.14285714285714285}
{"window":{"start":"2022-05-05T21:23:00.000Z","end":"2022-05-05T21:24:00.000Z"},"country":"United Kingdom","OPM":11,"Total_sales_vol":1833.0299961566925,"rate_of_return":0.0}
{"window":{"start":"2022-05-05T20:05:00.000Z","end":"2022-05-05T20:06:00.000Z"},"country":"United Kingdom","OPM":9,"Total_sales_vol":377.55999940633774,"rate_of_return":0.0}
{"window":{"start":"2022-05-06T00:56:00.000Z","end":"2022-05-06T00:57:00.000Z"},"country":"United Kingdom","OPM":10,"Total_sales_vol":542.7299890071154,"rate_of_return":0.0}
{"window":{"start":"2022-05-06T13:52:00.000Z","end":"2022-05-06T13:53:00.000Z"},"country":"United Kingdom","OPM":7,"Total_sales_vol":96.14000117778778,"rate_of_return":0.0}
{"window":{"start":"2022-05-10T10:47:00.000Z","end":"2022-05-10T10:48:00.000Z"},"country":"Belgium","OPM":1,"Total_sales_vol":65.96000099182129,"rate_of_return":0.0}
{"window":{"start":"2022-05-05T17:49:00.000Z","end":"2022-05-05T17:50:00.000Z"},"country":"United Kingdom","OPM":8,"Total_sales_vol":235.46001410484314,"rate_of_return":0.3225806451612903}
{"window":{"start":"2022-05-08T13:15:00.000Z","end":"2022-05-08T13:16:00.000Z"},"country":"United Kingdom","OPM":9,"Total_sales_vol":445.24000507593155,"rate_of_return":0.14285714285714285}
{"window":{"start":"2022-05-05T19:10:00.000Z","end":"2022-05-05T19:11:00.000Z"},"country":"United Kingdom","OPM":12,"Total_sales_vol":912.6800156831741,"rate_of_return":0.058823529411764705}
{"window":{"start":"2022-05-07T15:47:00.000Z","end":"2022-05-07T15:48:00.000Z"},"country":"United Kingdom","OPM":14,"Total_sales_vol":691.4899889528751,"rate_of_return":0.0}
{"window":{"start":"2022-05-05T23:36:00.000Z","end":"2022-05-05T23:37:00.000Z"},"country":"EIRE","OPM":2,"Total_sales_vol":221.86999905109406,"rate_of_return":0.0}
{"window":{"start":"2022-05-06T18:04:00.000Z","end":"2022-05-06T18:05:00.000Z"},"country":"United Kingdom","OPM":10,"Total_sales_vol":963.2500002384186,"rate_of_return":0.0}
{"window":{"start":"2022-05-09T07:39:00.000Z","end":"2022-05-09T07:40:00.000Z"},"country":"United Kingdom","OPM":7,"Total_sales_vol":176.18000721931458,"rate_of_return":0.1111111111111111}
{"window":{"start":"2022-05-06T18:55:00.000Z","end":"2022-05-06T18:56:00.000Z"},"country":"United Kingdom","OPM":5,"Total_sales_vol":120.7700012922287,"rate_of_return":0.0}
{"window":{"start":"2022-05-06T03:28:00.000Z","end":"2022-05-06T03:29:00.000Z"},"country":"Australia","OPM":1,"Total_sales_vol":20.459999322891235,"rate_of_return":0.0}
{"window":{"start":"2022-05-08T16:09:00.000Z","end":"2022-05-08T16:10:00.000Z"},"country":"United Kingdom","OPM":9,"Total_sales_vol":438.7200044989586,"rate_of_return":0.0}
{"window":{"start":"2022-05-05T21:11:00.000Z","end":"2022-05-05T21:12:00.000Z"},"country":"Cyprus","OPM":1,"Total_sales_vol":80.92999935150146,"rate_of_return":0.0}
{"window":{"start":"2022-05-08T20:44:00.000Z","end":"2022-05-08T20:45:00.000Z"},"country":"France","OPM":1,"Total_sales_vol":18.9899999499321,"rate_of_return":0.0}
{"window":{"start":"2022-05-09T19:31:00.000Z","end":"2022-05-09T19:32:00.000Z"},"country":"United Kingdom","OPM":4,"Total_sales_vol":58.35999953746796,"rate_of_return":0.25}
{"window":{"start":"2022-05-10T12:08:00.000Z","end":"2022-05-10T12:09:00.000Z"},"country":"France","OPM":1,"Total_sales_vol":57.65999984741211,"rate_of_return":0.0}
{"window":{"start":"2022-05-09T16:10:00.000Z","end":"2022-05-09T16:11:00.000Z"},"country":"France","OPM":1,"Total_sales_vol":30.630000114440918,"rate_of_return":0.0}
{"window":{"start":"2022-05-08T13:42:00.000Z","end":"2022-05-08T13:43:00.000Z"},"country":"United Kingdom","OPM":7,"Total_sales_vol":515.9600067734718,"rate_of_return":0.0}
{"window":{"start":"2022-05-07T15:05:00.000Z","end":"2022-05-07T15:06:00.000Z"},"country":"Australia","OPM":1,"Total_sales_vol":1.659999966621399,"rate_of_return":0.0}
{"window":{"start":"2022-05-09T00:24:00.000Z","end":"2022-05-09T00:25:00.000Z"},"country":"EIRE","OPM":1,"Total_sales_vol":105.14000225067139,"rate_of_return":0.0}
{"window":{"start":"2022-05-06T06:26:00.000Z","end":"2022-05-06T06:27:00.000Z"},"country":"France","OPM":1,"Total_sales_vol":51.7599983215332,"rate_of_return":0.0}
{"window":{"start":"2022-05-05T22:29:00.000Z","end":"2022-05-05T22:30:00.000Z"},"country":"Channel Islands","OPM":1,"Total_sales_vol":151.919997215271,"rate_of_return":0.0}
{"window":{"start":"2022-05-05T19:22:00.000Z","end":"2022-05-05T19:23:00.000Z"},"country":"United Kingdom","OPM":11,"Total_sales_vol":475.47999638319016,"rate_of_return":0.0}
{"window":{"start":"2022-05-09T10:00:00.000Z","end":"2022-05-09T10:01:00.000Z"},"country":"United Kingdom","OPM":13,"Total_sales_vol":539.6199923753738,"rate_of_return":0.09523809523809523}
{"window":{"start":"2022-05-10T07:08:00.000Z","end":"2022-05-10T07:09:00.000Z"},"country":"Channel Islands","OPM":1,"Total_sales_vol":42.41999673843384,"rate_of_return":0.0}
{"window":{"start":"2022-05-06T10:24:00.000Z","end":"2022-05-06T10:25:00.000Z"},"country":"EIRE","OPM":1,"Total_sales_vol":3.6000000536441803,"rate_of_return":0.0}
{"window":{"start":"2022-05-08T00:07:00.000Z","end":"2022-05-08T00:08:00.000Z"},"country":"Italy","OPM":1,"Total_sales_vol":27.299998879432678,"rate_of_return":0.0}
{"window":{"start":"2022-05-08T16:20:00.000Z","end":"2022-05-08T16:21:00.000Z"},"country":"EIRE","OPM":1,"Total_sales_vol":393.4000015258789,"rate_of_return":0.0}
{"window":{"start":"2022-05-08T04:22:00.000Z","end":"2022-05-08T04:23:00.000Z"},"country":"France","OPM":1,"Total_sales_vol":945.3899975419044,"rate_of_return":0.0}
{"window":{"start":"2022-05-08T03:28:00.000Z","end":"2022-05-08T03:29:00.000Z"},"country":"United Kingdom","OPM":6,"Total_sales_vol":279.1699974536896,"rate_of_return":0.0}
{"window":{"start":"2022-05-09T14:39:00.000Z","end":"2022-05-09T14:40:00.000Z"},"country":"EIRE","OPM":1,"Total_sales_vol":33.21000003814697,"rate_of_return":0.0}
{"window":{"start":"2022-05-08T00:14:00.000Z","end":"2022-05-08T00:15:00.000Z"},"country":"United Kingdom","OPM":9,"Total_sales_vol":239.319999396801,"rate_of_return":0.043478260869565216}
{"window":{"start":"2022-05-09T18:07:00.000Z","end":"2022-05-09T18:08:00.000Z"},"country":"EIRE","OPM":1,"Total_sales_vol":35.79999923706055,"rate_of_return":0.0}
{"window":{"start":"2022-05-08T10:43:00.000Z","end":"2022-05-08T10:44:00.000Z"},"country":"United Kingdom","OPM":11,"Total_sales_vol":1234.4700050354004,"rate_of_return":0.08571428571428572}
{"window":{"start":"2022-05-09T18:06:00.000Z","end":"2022-05-09T18:07:00.000Z"},"country":"Netherlands","OPM":1,"Total_sales_vol":17.699999809265137,"rate_of_return":0.0}
{"window":{"start":"2022-05-08T22:08:00.000Z","end":"2022-05-08T22:09:00.000Z"},"country":"United Kingdom","OPM":6,"Total_sales_vol":310.3799958229065,"rate_of_return":0.0}
{"window":{"start":"2022-05-07T12:40:00.000Z","end":"2022-05-07T12:41:00.000Z"},"country":"United Kingdom","OPM":10,"Total_sales_vol":658.630001604557,"rate_of_return":0.0}
{"window":{"start":"2022-05-06T01:15:00.000Z","end":"2022-05-06T01:16:00.000Z"},"country":"France","OPM":1,"Total_sales_vol":-28.740001440048218,"rate_of_return":1.0}
{"window":{"start":"2022-05-09T22:51:00.000Z","end":"2022-05-09T22:52:00.000Z"},"country":"Belgium","OPM":1,"Total_sales_vol":20.039999961853027,"rate_of_return":0.0}
{"window":{"start":"2022-05-06T07:42:00.000Z","end":"2022-05-06T07:43:00.000Z"},"country":"France","OPM":2,"Total_sales_vol":392.880007147789,"rate_of_return":0.3333333333333333}
{"window":{"start":"2022-05-06T09:03:00.000Z","end":"2022-05-06T09:04:00.000Z"},"country":"EIRE","OPM":1,"Total_sales_vol":49.80000305175781,"rate_of_return":0.0}
{"window":{"start":"2022-05-09T04:06:00.000Z","end":"2022-05-09T04:07:00.000Z"},"country":"United Kingdom","OPM":4,"Total_sales_vol":325.8300034403801,"rate_of_return":0.0}
{"window":{"start":"2022-05-10T12:48:00.000Z","end":"2022-05-10T12:49:00.000Z"},"country":"United Kingdom","OPM":7,"Total_sales_vol":675.7100073695183,"rate_of_return":0.0}
{"window":{"start":"2022-05-10T13:12:00.000Z","end":"2022-05-10T13:13:00.000Z"},"country":"United Kingdom","OPM":13,"Total_sales_vol":719.7099968194962,"rate_of_return":0.0}
{"window":{"start":"2022-05-08T20:25:00.000Z","end":"2022-05-08T20:26:00.000Z"},"country":"United Kingdom","OPM":13,"Total_sales_vol":499.5299915075302,"rate_of_return":0.23529411764705882}
{"window":{"start":"2022-05-10T13:34:00.000Z","end":"2022-05-10T13:35:00.000Z"},"country":"United Kingdom","OPM":7,"Total_sales_vol":6017.509902238846,"rate_of_return":0.0}
{"window":{"start":"2022-05-06T23:54:00.000Z","end":"2022-05-06T23:55:00.000Z"},"country":"Spain","OPM":1,"Total_sales_vol":13.130000114440918,"rate_of_return":0.0}
{"window":{"start":"2022-05-09T04:17:00.000Z","end":"2022-05-09T04:18:00.000Z"},"country":"EIRE","OPM":1,"Total_sales_vol":97.84000205993652,"rate_of_return":0.0}
{"window":{"start":"2022-05-06T22:26:00.000Z","end":"2022-05-06T22:27:00.000Z"},"country":"France","OPM":1,"Total_sales_vol":11.25,"rate_of_return":0.0}
{"window":{"start":"2022-05-08T23:05:00.000Z","end":"2022-05-08T23:06:00.000Z"},"country":"United Kingdom","OPM":9,"Total_sales_vol":478.18999698758125,"rate_of_return":0.0}
{"window":{"start":"2022-05-10T01:15:00.000Z","end":"2022-05-10T01:16:00.000Z"},"country":"United Kingdom","OPM":6,"Total_sales_vol":427.8700044155121,"rate_of_return":0.0}
{"window":{"start":"2022-05-08T23:40:00.000Z","end":"2022-05-08T23:41:00.000Z"},"country":"United Kingdom","OPM":14,"Total_sales_vol":531.2900028824806,"rate_of_return":0.19230769230769232}
{"window":{"start":"2022-05-10T00:25:00.000Z","end":"2022-05-10T00:26:00.000Z"},"country":"Switzerland","OPM":1,"Total_sales_vol":229.68999671936035,"rate_of_return":0.0}
{"window":{"start":"2022-05-10T04:53:00.000Z","end":"2022-05-10T04:54:00.000Z"},"country":"Belgium","OPM":1,"Total_sales_vol":23.159999132156372,"rate_of_return":0.0}
{"window":{"start":"2022-05-08T12:32:00.000Z","end":"2022-05-08T12:33:00.000Z"},"country":"United Kingdom","OPM":10,"Total_sales_vol":1209.5800308287144,"rate_of_return":0.0}
{"window":{"start":"2022-05-10T09:12:00.000Z","end":"2022-05-10T09:13:00.000Z"},"country":"United Kingdom","OPM":9,"Total_sales_vol":248.39999723434448,"rate_of_return":0.2857142857142857}
