{"window":{"start":"2022-05-05T22:41:00.000Z","end":"2022-05-05T22:42:00.000Z"},"country":"United Kingdom","OPM":10,"Total_sales_vol":321.0700033009052,"rate_of_return":0.0}
{"window":{"start":"2022-05-06T00:02:00.000Z","end":"2022-05-06T00:03:00.000Z"},"country":"United Kingdom","OPM":11,"Total_sales_vol":214.88000059127808,"rate_of_return":0.225}
{"window":{"start":"2022-05-10T06:14:00.000Z","end":"2022-05-10T06:15:00.000Z"},"country":"EIRE","OPM":1,"Total_sales_vol":37.95000147819519,"rate_of_return":0.0}
{"window":{"start":"2022-05-08T12:06:00.000Z","end":"2022-05-08T12:07:00.000Z"},"country":"United Kingdom","OPM":8,"Total_sales_vol":965.6599832177162,"rate_of_return":0.0}
{"window":{"start":"2022-05-08T14:34:00.000Z","end":"2022-05-08T14:35:00.000Z"},"country":"United Kingdom","OPM":6,"Total_sales_vol":189.25001060962677,"rate_of_return":0.35714285714285715}
{"window":{"start":"2022-05-08T17:14:00.000Z","end":"2022-05-08T17:15:00.000Z"},"country":"Germany","OPM":1,"Total_sales_vol":257.4699954986572,"rate_of_return":0.0}
{"window":{"start":"2022-05-06T15:35:00.000Z","end":"2022-05-06T15:36:00.000Z"},"country":"United Kingdom","OPM":14,"Total_sales_vol":1081.3600219637156,"rate_of_return":0.01818181818181818}
{"window":{"start":"2022-05-05T17:09:00.000Z","end":"2022-05-05T17:10:00.000Z"},"country":"Switzerland","OPM":1,"Total_sales_vol":254.6200003027916,"rate_of_return":0.0}
{"window":{"start":"2022-05-09T01:44:00.000Z","end":"2022-05-09T01:45:00.000Z"},"country":"United Kingdom","OPM":3,"Total_sales_vol":17.370002269744873,"rate_of_return":0.2}
{"window":{"start":"2022-05-10T05:53:00.000Z","end":"2022-05-10T05:54:00.000Z"},"country":"United Kingdom","OPM":10,"Total_sales_vol":462.9899950623512,"rate_of_return":0.0}
{"window":{"start":"2022-05-10T03:10:00.000Z","end":"2022-05-10T03:11:00.000Z"},"country":"United Kingdom","OPM":9,"Total_sales_vol":666.1400012969971,"rate_of_return":0.05}
{"window":{"start":"2022-05-06T00:19:00.000Z","end":"2022-05-06T00:20:00.000Z"},"country":"United Kingdom","OPM":10,"Total_sales_vol":1190.0800059735775,"rate_of_return":0.03125}
{"window":{"start":"2022-05-07T18:08:00.000Z","end":"2022-05-07T18:09:00.000Z"},"country":"Switzerland","OPM":1,"Total_sales_vol":95.7599983215332,"rate_of_return":0.0}
{"window":{"start":"2022-05-06T20:51:00.000Z","end":"2022-05-06T20:52:00.000Z"},"country":"EIRE","OPM":1,"Total_sales_vol":2.0799999237060547,"rate_of_return":0.0}
{"window":{"start":"2022-05-10T03:58:00.000Z","end":"2022-05-10T03:59:00.000Z"},"country":"France","OPM":2,"Total_sales_vol":30.0,"rate_of_return":0.0}
{"window":{"start":"2022-05-05T23:09:00.000Z","end":"2022-05-05T23:10:00.000Z"},"country":"United Kingdom","OPM":13,"Total_sales_vol":3390.9500017762184,"rate_of_return":0.08}
{"window":{"start":"2022-05-06T11:59:00.000Z","end":"2022-05-06T12:00:00.000Z"},"country":"United Kingdom","OPM":8,"Total_sales_vol":6077.520005822182,"rate_of_return":0.08695652173913043}
{"window":{"start":"2022-05-09T04:22:00.000Z","end":"2022-05-09T04:23:00.000Z"},"country":"Netherlands","OPM":1,"Total_sales_vol":86.47999954223633,"rate_of_return":0.0}
{"window":{"start":"2022-05-07T07:46:00.000Z","end":"2022-05-07T07:47:00.000Z"},"country":"United Kingdom","OPM":9,"Total_sales_vol":314.08999851346016,"rate_of_return":0.0}
{"window":{"start":"2022-05-09T21:22:00.000Z","end":"2022-05-09T21:23:00.000Z"},"country":"Germany","OPM":1,"Total_sales_vol":21.049999237060547,"rate_of_return":0.0}
{"window":{"start":"2022-05-10T06:05:00.000Z","end":"2022-05-10T06:06:00.000Z"},"country":"Germany","OPM":1,"Total_sales_vol":9.700000077486038,"rate_of_return":0.0}
{"window":{"start":"2022-05-09T10:35:00.000Z","end":"2022-05-09T10:36:00.000Z"},"country":"EIRE","OPM":1,"Total_sales_vol":23.65999984741211,"rate_of_return":0.0}
{"window":{"start":"2022-05-06T01:43:00.000Z","end":"2022-05-06T01:44:00.000Z"},"country":"Belgium","OPM":1,"Total_sales_vol":9.23999959230423,"rate_of_return":0.0}
{"window":{"start":"2022-05-08T05:06:00.000Z","end":"2022-05-08T05:07:00.000Z"},"country":"Germany","OPM":1,"Total_sales_vol":162.88999763131142,"rate_of_return":0.0}
{"window":{"start":"2022-05-09T10:53:00.000Z","end":"2022-05-09T10:54:00.000Z"},"country":"United Kingdom","OPM":6,"Total_sales_vol":102.86000061035156,"rate_of_return":0.2}
{"window":{"start":"2022-05-06T12:34:00.000Z","end":"2022-05-06T12:35:00.000Z"},"country":"United Kingdom","OPM":17,"Total_sales_vol":1092.7200033664703,"rate_of_return":0.0}
{"window":{"start":"2022-05-08T05:17:00.000Z","end":"2022-05-08T05:18:00.000Z"},"country":"United Kingdom","OPM":13,"Total_sales_vol":98.60000121593475,"rate_of_return":0.19148936170212766}
{"window":{"start":"2022-05-10T11:43:00.000Z","end":"2022-05-10T11:44:00.000Z"},"country":"United Kingdom","OPM":14,"Total_sales_vol":553.1299992501736,"rate_of_return":0.20833333333333334}
{"window":{"start":"2022-05-08T05:06:00.000Z","end":"2022-05-08T05:07:00.000Z"},"country":"United Kingdom","OPM":12,"Total_sales_vol":399.3300060033798,"rate_of_return":0.0}
{"window":{"start":"2022-05-06T07:55:00.000Z","end":"2022-05-06T07:56:00.000Z"},"country":"United Kingdom","OPM":7,"Total_sales_vol":803.5000007152557,"rate_of_return":0.0}
{"window":{"start":"2022-05-08T21:46:00.000Z","end":"2022-05-08T21:47:00.000Z"},"country":"EIRE","OPM":1,"Total_sales_vol":53.85000038146973,"rate_of_return":0.0}
{"window":{"start":"2022-05-10T02:53:00.000Z","end":"2022-05-10T02:54:00.000Z"},"country":"United Kingdom","OPM":10,"Total_sales_vol":479.54999870061874,"rate_of_return":0.03571428571428571}
{"window":{"start":"2022-05-06T12:30:00.000Z","end":"2022-05-06T12:31:00.000Z"},"country":"United Kingdom","OPM":16,"Total_sales_vol":-21.91002905368805,"rate_of_return":0.038461538461538464}
{"window":{"start":"2022-05-06T02:48:00.000Z","end":"2022-05-06T02:49:00.000Z"},"country":"United Kingdom","OPM":6,"Total_sales_vol":169.60999619960785,"rate_of_return":0.06666666666666667}
{"window":{"start":"2022-05-07T07:55:00.000Z","end":"2022-05-07T07:56:00.000Z"},"country":"United Kingdom","OPM":10,"Total_sales_vol":334.0500018298626,"rate_of_return":0.0}
{"window":{"start":"2022-05-09T07:13:00.000Z","end":"2022-05-09T07:14:00.000Z"},"country":"United Kingdom","OPM":12,"Total_sales_vol":1032.7299939393997,"rate_of_return":0.0}
{"window":{"start":"2022-05-06T07:08:00.000Z","end":"2022-05-06T07:09:00.000Z"},"country":"EIRE","OPM":1,"Total_sales_vol":4.539999961853027,"rate_of_return":0.0}
{"window":{"start":"2022-05-06T03:08:00.000Z","end":"2022-05-06T03:09:00.000Z"},"country":"United Kingdom","OPM":10,"Total_sales_vol":714.5499981641769,"rate_of_return":0.0}
{"window":{"start":"2022-05-10T01:10:00.000Z","end":"2022-05-10T01:11:00.000Z"},"country":"France","OPM":2,"Total_sales_vol":161.01000213623047,"rate_of_return":0.0}
{"window":{"start":"2022-05-10T10:22:00.000Z","end":"2022-05-10T10:23:00.000Z"},"country":"Spain","OPM":1,"Total_sales_vol":44.799999713897705,"rate_of_return":0.0}
{"window":{"start":"2022-05-06T04:09:00.000Z","end":"2022-05-06T04:10:00.000Z"},"country":"United Kingdom","OPM":7,"Total_sales_vol":668.5699799656868,"rate_of_return":0.08695652173913043}
{"window":{"start":"2022-05-07T01:52:00.000Z","end":"2022-05-07T01:53:00.000Z"},"country":"United Kingdom","OPM":6,"Total_sales_vol":165.2300002872944,"rate_of_return":0.0}
{"window":{"start":"2022-05-07T00:27:00.000Z","end":"2022-05-07T00:28:00.000Z"},"country":"United Kingdom","OPM":7,"Total_sales_vol":778.529999256134,"rate_of_return":0.0}
{"window":{"start":"2022-05-06T06:56:00.000Z","end":"2022-05-06T06:57:00.000Z"},"country":"United Kingdom","OPM":7,"Total_sales_vol":226.25000220537186,"rate_of_return":0.21739130434782608}
{"window":{"start":"2022-05-07T10:36:00.000Z","end":"2022-05-07T10:37:00.000Z"},"country":"Germany","OPM":1,"Total_sales_vol":55.3500030040741,"rate_of_return":0.0}
{"window":{"start":"2022-05-06T20:15:00.000Z","end":"2022-05-06T20:16:00.000Z"},"country":"Netherlands","OPM":1,"Total_sales_vol":24.829999566078186,"rate_of_return":0.0}
{"window":{"start":"2022-05-08T01:41:00.000Z","end":"2022-05-08T01:42:00.000Z"},"country":"Finland","OPM":1,"Total_sales_vol":0.6499999761581421,"rate_of_return":0.0}
{"window":{"start":"2022-05-07T16:50:00.000Z","end":"2022-05-07T16:51:00.000Z"},"country":"United Kingdom","OPM":11,"Total_sales_vol":474.0399966239929,"rate_of_return":0.0}
{"window":{"start":"2022-05-09T09:29:00.000Z","end":"2022-05-09T09:30:00.000Z"},"country":"United Kingdom","OPM":10,"Total_sales_vol":1027.9800225496292,"rate_of_return":0.0}
{"window":{"start":"2022-05-05T16:41:00.000Z","end":"2022-05-05T16:42:00.000Z"},"country":"United Kingdom","OPM":10,"Total_sales_vol":154.25999808311462,"rate_of_return":0.045454545454545456}
{"window":{"start":"2022-05-08T08:27:00.000Z","end":"2022-05-08T08:28:00.000Z"},"country":"Germany","OPM":1,"Total_sales_vol":32.25000023841858,"rate_of_return":0.0}
{"window":{"start":"2022-05-07T03:42:00.000Z","end":"2022-05-07T03:43:00.000Z"},"country":"United Kingdom","OPM":9,"Total_sales_vol":767.2699944972992,"rate_of_return":0.037037037037037035}
{"window":{"start":"2022-05-09T01:24:00.000Z","end":"2022-05-09T01:25:00.000Z"},"country":"United Kingdom","OPM":6,"Total_sales_vol":438.1899961233139,"rate_of_return":0.0}
{"window":{"start":"2022-05-07T19:09:00.000Z","end":"2022-05-07T19:10:00.000Z"},"country":"France","OPM":1,"Total_sales_vol":19.799999237060547,"rate_of_return":0.0}
{"window":{"start":"2022-05-07T13:31:00.000Z","end":"2022-05-07T13:32:00.000Z"},"country":"United Kingdom","OPM":8,"Total_sales_vol":300.85000306367874,"rate_of_return":0.10344827586206896}
{"window":{"start":"2022-05-10T07:59:00.000Z","end":"2022-05-10T08:00:00.000Z"},"country":"France","OPM":1,"Total_sales_vol":39.98999881744385,"rate_of_return":0.0}
{"window":{"start":"2022-05-06T14:06:00.000Z","end":"2022-05-06T14:07:00.000Z"},"country":"France","OPM":1,"Total_sales_vol":13.269999742507935,"rate_of_return":0.0}
{"window":{"start":"2022-05-07T20:49:00.000Z","end":"2022-05-07T20:50:00.000Z"},"country":"Belgium","OPM":1,"Total_sales_vol":41.420000076293945,"rate_of_return":0.0}
{"window":{"start":"2022-05-08T11:13:00.000Z","end":"2022-05-08T11:14:00.000Z"},"country":"EIRE","OPM":1,"Total_sales_vol":-123.01999735087156,"rate_of_return":1.0}
{"window":{"start":"2022-05-07T16:06:00.000Z","end":"2022-05-07T16:07:00.000Z"},"country":"United Kingdom","OPM":8,"Total_sales_vol":211.92000158131123,"rate_of_return":0.0}
{"window":{"start":"2022-05-09T16:46:00.000Z","end":"2022-05-09T16:47:00.000Z"},"country":"United Kingdom","OPM":10,"Total_sales_vol":415.68999803066254,"rate_of_return":0.0}
{"window":{"start":"2022-05-07T18:59:00.000Z","end":"2022-05-07T19:00:00.000Z"},"country":"United Kingdom","OPM":14,"Total_sales_vol":922.0899962484837,"rate_of_return":0.14814814814814814}
{"window":{"start":"2022-05-09T06:46:00.000Z","end":"2022-05-09T06:47:00.000Z"},"country":"United Kingdom","OPM":10,"Total_sales_vol":44.01999866962433,"rate_of_return":0.38461538461538464}
{"window":{"start":"2022-05-10T13:08:00.000Z","end":"2022-05-10T13:09:00.000Z"},"country":"United Kingdom","OPM":14,"Total_sales_vol":211.00001096725464,"rate_of_return":0.20833333333333334}
{"window":{"start":"2022-05-08T00:58:00.000Z","end":"2022-05-08T00:59:00.000Z"},"country":"Spain","OPM":1,"Total_sales_vol":63.499999046325684,"rate_of_return":0.0}
{"window":{"start":"2022-05-07T23:21:00.000Z","end":"2022-05-07T23:22:00.000Z"},"country":"United Kingdom","OPM":6,"Total_sales_vol":414.16000044345856,"rate_of_return":0.0}
{"window":{"start":"2022-05-07T07:04:00.000Z","end":"2022-05-07T07:05:00.000Z"},"country":"United Kingdom","OPM":9,"Total_sales_vol":173.71000111103058,"rate_of_return":0.0}
{"window":{"start":"2022-05-10T09:22:00.000Z","end":"2022-05-10T09:23:00.000Z"},"country":"United Kingdom","OPM":9,"Total_sales_vol":651.630005300045,"rate_of_return":0.0}
{"window":{"start":"2022-05-07T03:43:00.000Z","end":"2022-05-07T03:44:00.000Z"},"country":"United Kingdom","OPM":9,"Total_sales_vol":1545.2699821591377,"rate_of_return":0.0}
{"window":{"start":"2022-05-06T17:12:00.000Z","end":"2022-05-06T17:13:00.000Z"},"country":"Poland","OPM":1,"Total_sales_vol":60.04999923706055,"rate_of_return":0.0}
{"window":{"start":"2022-05-09T17:32:00.000Z","end":"2022-05-09T17:33:00.000Z"},"country":"United Kingdom","OPM":11,"Total_sales_vol":413.78000366687775,"rate_of_return":0.0}
{"window":{"start":"2022-05-09T23:39:00.000Z","end":"2022-05-09T23:40:00.000Z"},"country":"Germany","OPM":1,"Total_sales_vol":20.799999237060547,"rate_of_return":0.0}
{"window":{"start":"2022-05-07T20:59:00.000Z","end":"2022-05-07T21:00:00.000Z"},"country":"United Kingdom","OPM":11,"Total_sales_vol":363.90999099612236,"rate_of_return":0.041666666666666664}
{"window":{"start":"2022-05-06T12:42:00.000Z","end":"2022-05-06T12:43:00.000Z"},"country":"Germany","OPM":2,"Total_sales_vol":84.49999845027924,"rate_of_return":0.0}
{"window":{"start":"2022-05-06T06:30:00.000Z","end":"2022-05-06T06:31:00.000Z"},"country":"EIRE","OPM":1,"Total_sales_vol":20.0,"rate_of_return":0.0}
{"window":{"start":"2022-05-09T17:39:00.000Z","end":"2022-05-09T17:40:00.000Z"},"country":"United Kingdom","OPM":11,"Total_sales_vol":1154.5500138103962,"rate_of_return":0.0}
{"window":{"start":"2022-05-08T18:20:00.000Z","end":"2022-05-08T18:21:00.000Z"},"country":"United Kingdom","OPM":12,"Total_sales_vol":1113.9099996089935,"rate_of_return":0.047619047619047616}
