{"window":{"start":"2022-05-07T06:12:00.000Z","end":"2022-05-07T06:13:00.000Z"},"country":"United Kingdom","OPM":8,"Total_sales_vol":756.2099904716015,"rate_of_return":0.0}
{"window":{"start":"2022-05-08T03:22:00.000Z","end":"2022-05-08T03:23:00.000Z"},"country":"Switzerland","OPM":1,"Total_sales_vol":127.95000791549683,"rate_of_return":0.0}
{"window":{"start":"2022-05-06T14:45:00.000Z","end":"2022-05-06T14:46:00.000Z"},"country":"United Kingdom","OPM":11,"Total_sales_vol":731.7599784135818,"rate_of_return":0.0}
{"window":{"start":"2022-05-08T21:05:00.000Z","end":"2022-05-08T21:06:00.000Z"},"country":"Channel Islands","OPM":1,"Total_sales_vol":24.900001525878906,"rate_of_return":0.0}
{"window":{"start":"2022-05-07T05:05:00.000Z","end":"2022-05-07T05:06:00.000Z"},"country":"EIRE","OPM":1,"Total_sales_vol":16.649999976158142,"rate_of_return":0.0}
{"window":{"start":"2022-05-09T05:50:00.000Z","end":"2022-05-09T05:51:00.000Z"},"country":"United Kingdom","OPM":9,"Total_sales_vol":541.0300072431564,"rate_of_return":0.0}
{"window":{"start":"2022-05-06T18:41:00.000Z","end":"2022-05-06T18:42:00.000Z"},"country":"France","OPM":1,"Total_sales_vol":46.31000304222107,"rate_of_return":0.0}
{"window":{"start":"2022-05-06T18:32:00.000Z","end":"2022-05-06T18:33:00.000Z"},"country":"United Kingdom","OPM":15,"Total_sales_vol":515.419997304678,"rate_of_return":0.06666666666666667}
{"window":{"start":"2022-05-06T01:31:00.000Z","end":"2022-05-06T01:32:00.000Z"},"country":"United Kingdom","OPM":2,"Total_sales_vol":87.47999930381775,"rate_of_return":0.0}
{"window":{"start":"2022-05-06T03:37:00.000Z","end":"2022-05-06T03:38:00.000Z"},"country":"United Kingdom","OPM":12,"Total_sales_vol":620.7999979555607,"rate_of_return":0.0}
{"window":{"start":"2022-05-08T11:50:00.000Z","end":"2022-05-08T11:51:00.000Z"},"country":"Netherlands","OPM":1,"Total_sales_vol":9.130000114440918,"rate_of_return":0.0}
{"window":{"start":"2022-05-07T23:09:00.000Z","end":"2022-05-07T23:10:00.000Z"},"country":"EIRE","OPM":1,"Total_sales_vol":61.88999938964844,"rate_of_return":0.0}
{"window":{"start":"2022-05-08T05:12:00.000Z","end":"2022-05-08T05:13:00.000Z"},"country":"United Kingdom","OPM":9,"Total_sales_vol":481.2700070142746,"rate_of_return":0.0}
{"window":{"start":"2022-05-07T10:50:00.000Z","end":"2022-05-07T10:51:00.000Z"},"country":"United Kingdom","OPM":13,"Total_sales_vol":1283.7399780154228,"rate_of_return":0.0}
{"window":{"start":"2022-05-09T08:08:00.000Z","end":"2022-05-09T08:09:00.000Z"},"country":"Germany","OPM":1,"Total_sales_vol":224.94000244140625,"rate_of_return":0.0}
{"window":{"start":"2022-05-07T09:48:00.000Z","end":"2022-05-07T09:49:00.000Z"},"country":"Netherlands","OPM":1,"Total_sales_vol":10.5,"rate_of_return":0.0}
{"window":{"start":"2022-05-08T00:35:00.000Z","end":"2022-05-08T00:36:00.000Z"},"country":"United Kingdom","OPM":12,"Total_sales_vol":727.8999997079372,"rate_of_return":0.022222222222222223}
{"window":{"start":"2022-05-06T14:13:00.000Z","end":"2022-05-06T14:14:00.000Z"},"country":"Italy","OPM":1,"Total_sales_vol":91.29999828338623,"rate_of_return":0.0}
{"window":{"start":"2022-05-07T13:12:00.000Z","end":"2022-05-07T13:13:00.000Z"},"country":"United Kingdom","OPM":15,"Total_sales_vol":795.7299987077713,"rate_of_return":0.0}
{"window":{"start":"2022-05-08T13:32:00.000Z","end":"2022-05-08T13:33:00.000Z"},"country":"United Kingdom","OPM":11,"Total_sales_vol":420.07000172138214,"rate_of_return":0.0}
{"window":{"start":"2022-05-06T15:47:00.000Z","end":"2022-05-06T15:48:00.000Z"},"country":"United Kingdom","OPM":7,"Total_sales_vol":655.0099870860577,"rate_of_return":0.08}
{"window":{"start":"2022-05-06T19:03:00.000Z","end":"2022-05-06T19:04:00.000Z"},"country":"Switzerland","OPM":1,"Total_sales_vol":19.610000133514404,"rate_of_return":0.0}
{"window":{"start":"2022-05-06T05:38:00.000Z","end":"2022-05-06T05:39:00.000Z"},"country":"United Kingdom","OPM":10,"Total_sales_vol":1025.4799802303314,"rate_of_return":0.0}
{"window":{"start":"2022-05-09T05:46:00.000Z","end":"2022-05-09T05:47:00.000Z"},"country":"United Kingdom","OPM":10,"Total_sales_vol":1240.3899998664856,"rate_of_return":0.13953488372093023}
{"window":{"start":"2022-05-09T13:10:00.000Z","end":"2022-05-09T13:11:00.000Z"},"country":"United Kingdom","OPM":4,"Total_sales_vol":1025.3299878835678,"rate_of_return":0.0}
{"window":{"start":"2022-05-07T02:38:00.000Z","end":"2022-05-07T02:39:00.000Z"},"country":"United Kingdom","OPM":12,"Total_sales_vol":934.9699739813805,"rate_of_return":0.0}
{"window":{"start":"2022-05-09T11:35:00.000Z","end":"2022-05-09T11:36:00.000Z"},"country":"United Kingdom","OPM":10,"Total_sales_vol":785.5400047600269,"rate_of_return":0.0}
{"window":{"start":"2022-05-08T19:57:00.000Z","end":"2022-05-08T19:58:00.000Z"},"country":"Australia","OPM":1,"Total_sales_vol":150.19000113010406,"rate_of_return":0.0}
{"window":{"start":"2022-05-08T17:23:00.000Z","end":"2022-05-08T17:24:00.000Z"},"country":"EIRE","OPM":1,"Total_sales_vol":9.779999732971191,"rate_of_return":0.0}
{"window":{"start":"2022-05-09T02:45:00.000Z","end":"2022-05-09T02:46:00.000Z"},"country":"United Kingdom","OPM":7,"Total_sales_vol":383.4899848103523,"rate_of_return":0.11538461538461539}
{"window":{"start":"2022-05-05T16:35:00.000Z","end":"2022-05-05T16:36:00.000Z"},"country":"United Kingdom","OPM":9,"Total_sales_vol":542.0300000905991,"rate_of_return":0.36585365853658536}
{"window":{"start":"2022-05-09T15:29:00.000Z","end":"2022-05-09T15:30:00.000Z"},"country":"United Kingdom","OPM":11,"Total_sales_vol":920.7600078582764,"rate_of_return":0.09433962264150944}
{"window":{"start":"2022-05-08T21:29:00.000Z","end":"2022-05-08T21:30:00.000Z"},"country":"United Kingdom","OPM":11,"Total_sales_vol":1582.4399994909763,"rate_of_return":0.14285714285714285}
{"window":{"start":"2022-05-08T11:45:00.000Z","end":"2022-05-08T11:46:00.000Z"},"country":"United Kingdom","OPM":8,"Total_sales_vol":226.330001860857,"rate_of_return":0.0}
{"window":{"start":"2022-05-10T01:24:00.000Z","end":"2022-05-10T01:25:00.000Z"},"country":"United Kingdom","OPM":10,"Total_sales_vol":1641.320009469986,"rate_of_return":0.0}
{"window":{"start":"2022-05-06T10:31:00.000Z","end":"2022-05-06T10:32:00.000Z"},"country":"United Kingdom","OPM":11,"Total_sales_vol":741.9000003039837,"rate_of_return":0.1276595744680851}
{"window":{"start":"2022-05-10T02:01:00.000Z","end":"2022-05-10T02:02:00.000Z"},"country":"Finland","OPM":1,"Total_sales_vol":60.17999744415283,"rate_of_return":0.0}
{"window":{"start":"2022-05-07T12:43:00.000Z","end":"2022-05-07T12:44:00.000Z"},"country":"Germany","OPM":2,"Total_sales_vol":73.56000053882599,"rate_of_return":0.0}
{"window":{"start":"2022-05-10T02:03:00.000Z","end":"2022-05-10T02:04:00.000Z"},"country":"United Kingdom","OPM":11,"Total_sales_vol":679.410000026226,"rate_of_return":0.02702702702702703}
{"window":{"start":"2022-05-07T20:11:00.000Z","end":"2022-05-07T20:12:00.000Z"},"country":"United Kingdom","OPM":14,"Total_sales_vol":1139.2499935626984,"rate_of_return":0.0}
{"window":{"start":"2022-05-08T11:47:00.000Z","end":"2022-05-08T11:48:00.000Z"},"country":"United Kingdom","OPM":11,"Total_sales_vol":613.0199899077415,"rate_of_return":0.1111111111111111}
{"window":{"start":"2022-05-09T13:20:00.000Z","end":"2022-05-09T13:21:00.000Z"},"country":"United Kingdom","OPM":14,"Total_sales_vol":561.2800045013428,"rate_of_return":0.10416666666666667}
{"window":{"start":"2022-05-10T09:11:00.000Z","end":"2022-05-10T09:12:00.000Z"},"country":"France","OPM":1,"Total_sales_vol":-15.0,"rate_of_return":1.0}
{"window":{"start":"2022-05-08T22:06:00.000Z","end":"2022-05-08T22:07:00.000Z"},"country":"United Kingdom","OPM":8,"Total_sales_vol":-273.55999851226807,"rate_of_return":0.5}
{"window":{"start":"2022-05-09T19:58:00.000Z","end":"2022-05-09T19:59:00.000Z"},"country":"United Kingdom","OPM":10,"Total_sales_vol":342.96999979019165,"rate_of_return":0.2857142857142857}
{"window":{"start":"2022-05-06T17:44:00.000Z","end":"2022-05-06T17:45:00.000Z"},"country":"France","OPM":1,"Total_sales_vol":53.950000047683716,"rate_of_return":0.0}
{"window":{"start":"2022-05-08T02:27:00.000Z","end":"2022-05-08T02:28:00.000Z"},"country":"United Kingdom","OPM":5,"Total_sales_vol":377.9099991321564,"rate_of_return":0.0}
{"window":{"start":"2022-05-09T07:27:00.000Z","end":"2022-05-09T07:28:00.000Z"},"country":"United Kingdom","OPM":8,"Total_sales_vol":-342.85001891851425,"rate_of_return":0.3}
{"window":{"start":"2022-05-09T13:04:00.000Z","end":"2022-05-09T13:05:00.000Z"},"country":"United Kingdom","OPM":12,"Total_sales_vol":467.6900020837784,"rate_of_return":0.125}
{"window":{"start":"2022-05-10T12:33:00.000Z","end":"2022-05-10T12:34:00.000Z"},"country":"Switzerland","OPM":1,"Total_sales_vol":228.49000024795532,"rate_of_return":0.0}
{"window":{"start":"2022-05-06T02:06:00.000Z","end":"2022-05-06T02:07:00.000Z"},"country":"United Kingdom","OPM":11,"Total_sales_vol":457.8400008678436,"rate_of_return":0.09523809523809523}
{"window":{"start":"2022-05-08T14:17:00.000Z","end":"2022-05-08T14:18:00.000Z"},"country":"United Kingdom","OPM":13,"Total_sales_vol":1547.1299703121185,"rate_of_return":0.0}
{"window":{"start":"2022-05-09T07:49:00.000Z","end":"2022-05-09T07:50:00.000Z"},"country":"United Kingdom","OPM":14,"Total_sales_vol":807.2400083839893,"rate_of_return":0.0}
{"window":{"start":"2022-05-05T20:58:00.000Z","end":"2022-05-05T20:59:00.000Z"},"country":"Netherlands","OPM":1,"Total_sales_vol":77.0500020980835,"rate_of_return":0.0}
{"window":{"start":"2022-05-09T00:08:00.000Z","end":"2022-05-09T00:09:00.000Z"},"country":"United Kingdom","OPM":12,"Total_sales_vol":1215.9699925482273,"rate_of_return":0.034482758620689655}
{"window":{"start":"2022-05-06T13:49:00.000Z","end":"2022-05-06T13:50:00.000Z"},"country":"United Kingdom","OPM":5,"Total_sales_vol":278.38000589609146,"rate_of_return":0.0}
{"window":{"start":"2022-05-09T13:15:00.000Z","end":"2022-05-09T13:16:00.000Z"},"country":"United Kingdom","OPM":15,"Total_sales_vol":351.18000465631485,"rate_of_return":0.03508771929824561}
