{"window":{"start":"2022-05-07T11:22:00.000Z","end":"2022-05-07T11:23:00.000Z"},"country":"United Kingdom","OPM":11,"Total_sales_vol":3673.1299953460693,"rate_of_return":0.0}
{"window":{"start":"2022-05-08T16:35:00.000Z","end":"2022-05-08T16:36:00.000Z"},"country":"United Kingdom","OPM":7,"Total_sales_vol":464.10999977588654,"rate_of_return":0.05555555555555555}
{"window":{"start":"2022-05-06T17:48:00.000Z","end":"2022-05-06T17:49:00.000Z"},"country":"United Kingdom","OPM":9,"Total_sales_vol":496.9899887442589,"rate_of_return":0.0}
{"window":{"start":"2022-05-06T12:43:00.000Z","end":"2022-05-06T12:44:00.000Z"},"country":"Singapore","OPM":1,"Total_sales_vol":60.02999955415726,"rate_of_return":0.0}
{"window":{"start":"2022-05-08T23:27:00.000Z","end":"2022-05-08T23:28:00.000Z"},"country":"United Kingdom","OPM":9,"Total_sales_vol":559.8999974131584,"rate_of_return":0.0}
{"window":{"start":"2022-05-10T01:51:00.000Z","end":"2022-05-10T01:52:00.000Z"},"country":"United Kingdom","OPM":12,"Total_sales_vol":560.1000027656555,"rate_of_return":0.05128205128205128}
{"window":{"start":"2022-05-07T04:14:00.000Z","end":"2022-05-07T04:15:00.000Z"},"country":"United Kingdom","OPM":5,"Total_sales_vol":582.4500110447407,"rate_of_return":0.21428571428571427}
{"window":{"start":"2022-05-07T04:45:00.000Z","end":"2022-05-07T04:46:00.000Z"},"country":"United Kingdom","OPM":11,"Total_sales_vol":640.0399980470538,"rate_of_return":0.0}
{"window":{"start":"2022-05-06T09:44:00.000Z","end":"2022-05-06T09:45:00.000Z"},"country":"Germany","OPM":1,"Total_sales_vol":7.649999618530273,"rate_of_return":0.0}
{"window":{"start":"2022-05-05T20:47:00.000Z","end":"2022-05-05T20:48:00.000Z"},"country":"United Kingdom","OPM":12,"Total_sales_vol":635.0200028941035,"rate_of_return":0.0}
{"window":{"start":"2022-05-05T17:12:00.000Z","end":"2022-05-05T17:13:00.000Z"},"country":"Cyprus","OPM":1,"Total_sales_vol":7.460000038146973,"rate_of_return":0.0}
{"window":{"start":"2022-05-05T20:27:00.000Z","end":"2022-05-05T20:28:00.000Z"},"country":"Germany","OPM":1,"Total_sales_vol":65.93999773263931,"rate_of_return":0.0}
{"window":{"start":"2022-05-07T15:20:00.000Z","end":"2022-05-07T15:21:00.000Z"},"country":"France","OPM":1,"Total_sales_vol":8.919999986886978,"rate_of_return":0.0}
{"window":{"start":"2022-05-09T17:35:00.000Z","end":"2022-05-09T17:36:00.000Z"},"country":"United Kingdom","OPM":14,"Total_sales_vol":1512.0200035572052,"rate_of_return":0.0}
{"window":{"start":"2022-05-09T07:44:00.000Z","end":"2022-05-09T07:45:00.000Z"},"country":"United Kingdom","OPM":6,"Total_sales_vol":240.67000275850296,"rate_of_return":0.0}
{"window":{"start":"2022-05-09T09:42:00.000Z","end":"2022-05-09T09:43:00.000Z"},"country":"United Kingdom","OPM":11,"Total_sales_vol":353.81000006198883,"rate_of_return":0.06451612903225806}
{"window":{"start":"2022-05-09T23:20:00.000Z","end":"2022-05-09T23:21:00.000Z"},"country":"United Kingdom","OPM":12,"Total_sales_vol":382.9300017654896,"rate_of_return":0.10344827586206896}
{"window":{"start":"2022-05-09T04:29:00.000Z","end":"2022-05-09T04:30:00.000Z"},"country":"United Kingdom","OPM":6,"Total_sales_vol":128.8900012522936,"rate_of_return":0.0}
{"window":{"start":"2022-05-09T06:28:00.000Z","end":"2022-05-09T06:29:00.000Z"},"country":"EIRE","OPM":2,"Total_sales_vol":54.049999952316284,"rate_of_return":0.0}
{"window":{"start":"2022-05-09T00:37:00.000Z","end":"2022-05-09T00:38:00.000Z"},"country":"Germany","OPM":1,"Total_sales_vol":230.43000316619873,"rate_of_return":0.0}
{"window":{"start":"2022-05-06T01:35:00.000Z","end":"2022-05-06T01:36:00.000Z"},"country":"EIRE","OPM":1,"Total_sales_vol":220.7599933743477,"rate_of_return":0.0}
{"window":{"start":"2022-05-08T18:03:00.000Z","end":"2022-05-08T18:04:00.000Z"},"country":"Spain","OPM":1,"Total_sales_vol":14.969999313354492,"rate_of_return":0.0}
{"window":{"start":"2022-05-09T23:08:00.000Z","end":"2022-05-09T23:09:00.000Z"},"country":"France","OPM":1,"Total_sales_vol":99.12000012397766,"rate_of_return":0.0}
{"window":{"start":"2022-05-08T09:36:00.000Z","end":"2022-05-08T09:37:00.000Z"},"country":"United Kingdom","OPM":12,"Total_sales_vol":656.3500053584576,"rate_of_return":0.10810810810810811}
{"window":{"start":"2022-05-10T06:37:00.000Z","end":"2022-05-10T06:38:00.000Z"},"country":"Sweden","OPM":1,"Total_sales_vol":17.90999984741211,"rate_of_return":0.0}
{"window":{"start":"2022-05-10T07:27:00.000Z","end":"2022-05-10T07:28:00.000Z"},"country":"Germany","OPM":1,"Total_sales_vol":10.819999694824219,"rate_of_return":0.0}
{"window":{"start":"2022-05-08T01:03:00.000Z","end":"2022-05-08T01:04:00.000Z"},"country":"United Kingdom","OPM":12,"Total_sales_vol":622.6699911355972,"rate_of_return":0.0}
{"window":{"start":"2022-05-07T19:17:00.000Z","end":"2022-05-07T19:18:00.000Z"},"country":"United Kingdom","OPM":13,"Total_sales_vol":752.2899864912033,"rate_of_return":0.11428571428571428}
{"window":{"start":"2022-05-09T21:38:00.000Z","end":"2022-05-09T21:39:00.000Z"},"country":"United Kingdom","OPM":7,"Total_sales_vol":280.00999850034714,"rate_of_return":0.04}
{"window":{"start":"2022-05-09T04:09:00.000Z","end":"2022-05-09T04:10:00.000Z"},"country":"United Kingdom","OPM":11,"Total_sales_vol":619.5100013017654,"rate_of_return":0.22727272727272727}
{"window":{"start":"2022-05-07T11:12:00.000Z","end":"2022-05-07T11:13:00.000Z"},"country":"United Kingdom","OPM":6,"Total_sales_vol":147.6600000858307,"rate_of_return":0.08333333333333333}
{"window":{"start":"2022-05-05T16:22:00.000Z","end":"2022-05-05T16:23:00.000Z"},"country":"United Kingdom","OPM":9,"Total_sales_vol":431.8299949169159,"rate_of_return":0.0}
{"window":{"start":"2022-05-06T09:59:00.000Z","end":"2022-05-06T10:00:00.000Z"},"country":"Portugal","OPM":1,"Total_sales_vol":3.299999952316284,"rate_of_return":0.0}
{"window":{"start":"2022-05-08T14:54:00.000Z","end":"2022-05-08T14:55:00.000Z"},"country":"USA","OPM":1,"Total_sales_vol":58.20000272989273,"rate_of_return":0.0}
{"window":{"start":"2022-05-09T17:27:00.000Z","end":"2022-05-09T17:28:00.000Z"},"country":"United Kingdom","OPM":6,"Total_sales_vol":837.569996714592,"rate_of_return":0.0}
{"window":{"start":"2022-05-09T01:33:00.000Z","end":"2022-05-09T01:34:00.000Z"},"country":"United Kingdom","OPM":8,"Total_sales_vol":1426.8399957418442,"rate_of_return":0.0}
{"window":{"start":"2022-05-09T16:34:00.000Z","end":"2022-05-09T16:35:00.000Z"},"country":"EIRE","OPM":1,"Total_sales_vol":216.1399976015091,"rate_of_return":0.0}
{"window":{"start":"2022-05-06T15:47:00.000Z","end":"2022-05-06T15:48:00.000Z"},"country":"Netherlands","OPM":1,"Total_sales_vol":203.7400040626526,"rate_of_return":0.0}
{"window":{"start":"2022-05-08T07:54:00.000Z","end":"2022-05-08T07:55:00.000Z"},"country":"Australia","OPM":1,"Total_sales_vol":111.8099993467331,"rate_of_return":0.0}
{"window":{"start":"2022-05-08T18:09:00.000Z","end":"2022-05-08T18:10:00.000Z"},"country":"United Kingdom","OPM":9,"Total_sales_vol":304.3399997353554,"rate_of_return":0.0}
{"window":{"start":"2022-05-08T20:20:00.000Z","end":"2022-05-08T20:21:00.000Z"},"country":"Norway","OPM":1,"Total_sales_vol":73.39000010490417,"rate_of_return":0.0}
{"window":{"start":"2022-05-07T20:22:00.000Z","end":"2022-05-07T20:23:00.000Z"},"country":"Germany","OPM":1,"Total_sales_vol":21.080000042915344,"rate_of_return":0.0}
{"window":{"start":"2022-05-09T15:17:00.000Z","end":"2022-05-09T15:18:00.000Z"},"country":"France","OPM":1,"Total_sales_vol":38.670000076293945,"rate_of_return":0.0}
{"window":{"start":"2022-05-07T15:55:00.000Z","end":"2022-05-07T15:56:00.000Z"},"country":"Sweden","OPM":1,"Total_sales_vol":24.739999294281006,"rate_of_return":0.0}
{"window":{"start":"2022-05-09T09:01:00.000Z","end":"2022-05-09T09:02:00.000Z"},"country":"Germany","OPM":1,"Total_sales_vol":57.599998474121094,"rate_of_return":0.0}
{"window":{"start":"2022-05-09T06:26:00.000Z","end":"2022-05-09T06:27:00.000Z"},"country":"Spain","OPM":1,"Total_sales_vol":88.92000299692154,"rate_of_return":0.0}
{"window":{"start":"2022-05-09T01:00:00.000Z","end":"2022-05-09T01:01:00.000Z"},"country":"United Kingdom","OPM":12,"Total_sales_vol":260.4800017476082,"rate_of_return":0.14285714285714285}
{"window":{"start":"2022-05-08T05:36:00.000Z","end":"2022-05-08T05:37:00.000Z"},"country":"United Kingdom","OPM":2,"Total_sales_vol":39.719999343156815,"rate_of_return":0.0}
{"window":{"start":"2022-05-06T21:03:00.000Z","end":"2022-05-06T21:04:00.000Z"},"country":"Switzerland","OPM":1,"Total_sales_vol":183.96000003814697,"rate_of_return":0.0}
{"window":{"start":"2022-05-05T17:40:00.000Z","end":"2022-05-05T17:41:00.000Z"},"country":"United Kingdom","OPM":13,"Total_sales_vol":868.009995341301,"rate_of_return":0.0}
{"window":{"start":"2022-05-08T21:43:00.000Z","end":"2022-05-08T21:44:00.000Z"},"country":"Switzerland","OPM":1,"Total_sales_vol":108.34000092744827,"rate_of_return":0.0}
{"window":{"start":"2022-05-10T03:35:00.000Z","end":"2022-05-10T03:36:00.000Z"},"country":"Germany","OPM":2,"Total_sales_vol":387.8499975204468,"rate_of_return":0.0}
{"window":{"start":"2022-05-07T02:18:00.000Z","end":"2022-05-07T02:19:00.000Z"},"country":"United Kingdom","OPM":15,"Total_sales_vol":742.1200053095818,"rate_of_return":0.0}
{"window":{"start":"2022-05-06T09:33:00.000Z","end":"2022-05-06T09:34:00.000Z"},"country":"United Kingdom","OPM":9,"Total_sales_vol":424.3300026655197,"rate_of_return":0.0}
{"window":{"start":"2022-05-09T21:05:00.000Z","end":"2022-05-09T21:06:00.000Z"},"country":"Switzerland","OPM":1,"Total_sales_vol":4.990000009536743,"rate_of_return":0.0}
{"window":{"start":"2022-05-07T04:33:00.000Z","end":"2022-05-07T04:34:00.000Z"},"country":"United Kingdom","OPM":18,"Total_sales_vol":1302.8499941527843,"rate_of_return":0.15714285714285714}
{"window":{"start":"2022-05-09T17:09:00.000Z","end":"2022-05-09T17:10:00.000Z"},"country":"United Kingdom","OPM":12,"Total_sales_vol":1467.2399985790253,"rate_of_return":0.023809523809523808}
{"window":{"start":"2022-05-08T14:41:00.000Z","end":"2022-05-08T14:42:00.000Z"},"country":"Switzerland","OPM":1,"Total_sales_vol":-82.61999893188477,"rate_of_return":1.0}
{"window":{"start":"2022-05-06T05:37:00.000Z","end":"2022-05-06T05:38:00.000Z"},"country":"France","OPM":1,"Total_sales_vol":2.0999999046325684,"rate_of_return":0.0}
{"window":{"start":"2022-05-05T19:09:00.000Z","end":"2022-05-05T19:10:00.000Z"},"country":"Germany","OPM":1,"Total_sales_vol":15.009999990463257,"rate_of_return":0.0}
{"window":{"start":"2022-05-07T15:52:00.000Z","end":"2022-05-07T15:53:00.000Z"},"country":"United Kingdom","OPM":10,"Total_sales_vol":414.739997908473,"rate_of_return":0.23255813953488372}
{"window":{"start":"2022-05-05T19:01:00.000Z","end":"2022-05-05T19:02:00.000Z"},"country":"Norway","OPM":1,"Total_sales_vol":275.97999358177185,"rate_of_return":0.0}
{"window":{"start":"2022-05-07T17:08:00.000Z","end":"2022-05-07T17:09:00.000Z"},"country":"United Kingdom","OPM":5,"Total_sales_vol":199.16999691724777,"rate_of_return":0.09090909090909091}
{"window":{"start":"2022-05-06T01:02:00.000Z","end":"2022-05-06T01:03:00.000Z"},"country":"United Kingdom","OPM":8,"Total_sales_vol":667.400007724762,"rate_of_return":0.0}
{"window":{"start":"2022-05-08T19:01:00.000Z","end":"2022-05-08T19:02:00.000Z"},"country":"United Kingdom","OPM":9,"Total_sales_vol":288.16000241041183,"rate_of_return":0.125}
{"window":{"start":"2022-05-09T10:15:00.000Z","end":"2022-05-09T10:16:00.000Z"},"country":"United Kingdom","OPM":10,"Total_sales_vol":412.3500040769577,"rate_of_return":0.0}
{"window":{"start":"2022-05-06T09:27:00.000Z","end":"2022-05-06T09:28:00.000Z"},"country":"United Kingdom","OPM":12,"Total_sales_vol":209.19999945163727,"rate_of_return":0.16}
{"window":{"start":"2022-05-08T06:03:00.000Z","end":"2022-05-08T06:04:00.000Z"},"country":"Portugal","OPM":1,"Total_sales_vol":66.20999920368195,"rate_of_return":0.0}
