{"window":{"start":"2022-05-08T08:37:00.000Z","end":"2022-05-08T08:38:00.000Z"},"country":"Germany","OPM":1,"Total_sales_vol":-25.19999885559082,"rate_of_return":1.0}
{"window":{"start":"2022-05-08T19:50:00.000Z","end":"2022-05-08T19:51:00.000Z"},"country":"Germany","OPM":2,"Total_sales_vol":208.2299988269806,"rate_of_return":0.0}
{"window":{"start":"2022-05-09T14:30:00.000Z","end":"2022-05-09T14:31:00.000Z"},"country":"United Kingdom","OPM":12,"Total_sales_vol":621.0299936830997,"rate_of_return":0.06666666666666667}
{"window":{"start":"2022-05-07T11:07:00.000Z","end":"2022-05-07T11:08:00.000Z"},"country":"Germany","OPM":1,"Total_sales_vol":11.579999923706055,"rate_of_return":0.0}
{"window":{"start":"2022-05-06T12:15:00.000Z","end":"2022-05-06T12:16:00.000Z"},"country":"Germany","OPM":1,"Total_sales_vol":45.17999839782715,"rate_of_return":0.0}
{"window":{"start":"2022-05-09T13:00:00.000Z","end":"2022-05-09T13:01:00.000Z"},"country":"France","OPM":1,"Total_sales_vol":-14.949999809265137,"rate_of_return":1.0}
{"window":{"start":"2022-05-08T16:16:00.000Z","end":"2022-05-08T16:17:00.000Z"},"country":"United Kingdom","OPM":16,"Total_sales_vol":753.1400013566017,"rate_of_return":0.022222222222222223}
{"window":{"start":"2022-05-08T11:23:00.000Z","end":"2022-05-08T11:24:00.000Z"},"country":"Switzerland","OPM":1,"Total_sales_vol":-31.3299999833107,"rate_of_return":1.0}
{"window":{"start":"2022-05-10T05:04:00.000Z","end":"2022-05-10T05:05:00.000Z"},"country":"Unspecified","OPM":1,"Total_sales_vol":3.75,"rate_of_return":0.0}
{"window":{"start":"2022-05-06T06:12:00.000Z","end":"2022-05-06T06:13:00.000Z"},"country":"United Kingdom","OPM":12,"Total_sales_vol":1099.2599884271622,"rate_of_return":0.0}
{"window":{"start":"2022-05-08T09:54:00.000Z","end":"2022-05-08T09:55:00.000Z"},"country":"United Kingdom","OPM":11,"Total_sales_vol":743.8399864435196,"rate_of_return":0.3235294117647059}
{"window":{"start":"2022-05-10T03:51:00.000Z","end":"2022-05-10T03:52:00.000Z"},"country":"Belgium","OPM":1,"Total_sales_vol":14.5,"rate_of_return":0.0}
{"window":{"start":"2022-05-06T02:04:00.000Z","end":"2022-05-06T02:05:00.000Z"},"country":"United Kingdom","OPM":4,"Total_sales_vol":921.1399953365326,"rate_of_return":0.0}
{"window":{"start":"2022-05-06T20:36:00.000Z","end":"2022-05-06T20:37:00.000Z"},"country":"France","OPM":1,"Total_sales_vol":5.999999761581421,"rate_of_return":0.0}
{"window":{"start":"2022-05-07T13:14:00.000Z","end":"2022-05-07T13:15:00.000Z"},"country":"United Kingdom","OPM":11,"Total_sales_vol":781.1900079548359,"rate_of_return":0.0}
{"window":{"start":"2022-05-05T20:24:00.000Z","end":"2022-05-05T20:25:00.000Z"},"country":"Germany","OPM":1,"Total_sales_vol":42.55000019073486,"rate_of_return":0.0}
{"window":{"start":"2022-05-06T23:14:00.000Z","end":"2022-05-06T23:15:00.000Z"},"country":"Germany","OPM":1,"Total_sales_vol":105.29999923706055,"rate_of_return":0.0}
{"window":{"start":"2022-05-09T14:27:00.000Z","end":"2022-05-09T14:28:00.000Z"},"country":"United Kingdom","OPM":10,"Total_sales_vol":591.1500062346458,"rate_of_return":0.0}
{"window":{"start":"2022-05-07T19:32:00.000Z","end":"2022-05-07T19:33:00.000Z"},"country":"Netherlands","OPM":1,"Total_sales_vol":27.999999046325684,"rate_of_return":0.0}
{"window":{"start":"2022-05-06T16:13:00.000Z","end":"2022-05-06T16:14:00.000Z"},"country":"United Kingdom","OPM":5,"Total_sales_vol":297.8099936246872,"rate_of_return":0.0}
{"window":{"start":"2022-05-08T03:38:00.000Z","end":"2022-05-08T03:39:00.000Z"},"country":"Sweden","OPM":1,"Total_sales_vol":319.9900026321411,"rate_of_return":0.0}
{"window":{"start":"2022-05-08T15:38:00.000Z","end":"2022-05-08T15:39:00.000Z"},"country":"United Kingdom","OPM":7,"Total_sales_vol":465.72999918460846,"rate_of_return":0.0}
{"window":{"start":"2022-05-10T07:14:00.000Z","end":"2022-05-10T07:15:00.000Z"},"country":"Netherlands","OPM":1,"Total_sales_vol":12.559999585151672,"rate_of_return":0.0}
{"window":{"start":"2022-05-07T01:45:00.000Z","end":"2022-05-07T01:46:00.000Z"},"country":"Belgium","OPM":1,"Total_sales_vol":27.959999084472656,"rate_of_return":0.0}
{"window":{"start":"2022-05-07T20:07:00.000Z","end":"2022-05-07T20:08:00.000Z"},"country":"United Kingdom","OPM":10,"Total_sales_vol":471.5500030517578,"rate_of_return":0.0}
{"window":{"start":"2022-05-07T11:18:00.000Z","end":"2022-05-07T11:19:00.000Z"},"country":"United Kingdom","OPM":5,"Total_sales_vol":365.7099961936474,"rate_of_return":0.0}
{"window":{"start":"2022-05-09T14:36:00.000Z","end":"2022-05-09T14:37:00.000Z"},"country":"United Kingdom","OPM":16,"Total_sales_vol":2764.4899751544,"rate_of_return":0.0}
{"window":{"start":"2022-05-09T12:45:00.000Z","end":"2022-05-09T12:46:00.000Z"},"country":"United Kingdom","OPM":10,"Total_sales_vol":1192.480014026165,"rate_of_return":0.0}
{"window":{"start":"2022-05-10T09:05:00.000Z","end":"2022-05-10T09:06:00.000Z"},"country":"United Kingdom","OPM":13,"Total_sales_vol":828.399988591671,"rate_of_return":0.0}
{"window":{"start":"2022-05-07T06:08:00.000Z","end":"2022-05-07T06:09:00.000Z"},"country":"Germany","OPM":1,"Total_sales_vol":24.730000495910645,"rate_of_return":0.0}
{"window":{"start":"2022-05-07T16:46:00.000Z","end":"2022-05-07T16:47:00.000Z"},"country":"Switzerland","OPM":1,"Total_sales_vol":148.86999642848969,"rate_of_return":0.0}
{"window":{"start":"2022-05-06T02:51:00.000Z","end":"2022-05-06T02:52:00.000Z"},"country":"Switzerland","OPM":1,"Total_sales_vol":17.75,"rate_of_return":0.0}
{"window":{"start":"2022-05-10T13:43:00.000Z","end":"2022-05-10T13:44:00.000Z"},"country":"Netherlands","OPM":1,"Total_sales_vol":20.799999237060547,"rate_of_return":0.0}
{"window":{"start":"2022-05-06T08:50:00.000Z","end":"2022-05-06T08:51:00.000Z"},"country":"United Kingdom","OPM":11,"Total_sales_vol":420.25000047683716,"rate_of_return":0.0}
{"window":{"start":"2022-05-06T13:42:00.000Z","end":"2022-05-06T13:43:00.000Z"},"country":"Spain","OPM":1,"Total_sales_vol":20.479999542236328,"rate_of_return":0.0}
{"window":{"start":"2022-05-10T10:42:00.000Z","end":"2022-05-10T10:43:00.000Z"},"country":"France","OPM":1,"Total_sales_vol":97.61999678611755,"rate_of_return":0.0}
{"window":{"start":"2022-05-06T13:44:00.000Z","end":"2022-05-06T13:45:00.000Z"},"country":"United Kingdom","OPM":7,"Total_sales_vol":340.18999472260475,"rate_of_return":0.0}
{"window":{"start":"2022-05-09T06:05:00.000Z","end":"2022-05-09T06:06:00.000Z"},"country":"United Kingdom","OPM":3,"Total_sales_vol":556.3500072956085,"rate_of_return":0.0}
{"window":{"start":"2022-05-06T18:56:00.000Z","end":"2022-05-06T18:57:00.000Z"},"country":"Spain","OPM":1,"Total_sales_vol":15.82000070810318,"rate_of_return":0.0}
{"window":{"start":"2022-05-06T12:48:00.000Z","end":"2022-05-06T12:49:00.000Z"},"country":"United Kingdom","OPM":12,"Total_sales_vol":989.4100222885609,"rate_of_return":0.0}
{"window":{"start":"2022-05-09T02:48:00.000Z","end":"2022-05-09T02:49:00.000Z"},"country":"United Kingdom","OPM":6,"Total_sales_vol":292.5700058043003,"rate_of_return":0.0}
{"window":{"start":"2022-05-06T23:05:00.000Z","end":"2022-05-06T23:06:00.000Z"},"country":"United Kingdom","OPM":10,"Total_sales_vol":637.6799871921539,"rate_of_return":0.23529411764705882}
{"window":{"start":"2022-05-09T20:49:00.000Z","end":"2022-05-09T20:50:00.000Z"},"country":"United Kingdom","OPM":11,"Total_sales_vol":987.3499910235405,"rate_of_return":0.044444444444444446}
{"window":{"start":"2022-05-09T22:17:00.000Z","end":"2022-05-09T22:18:00.000Z"},"country":"EIRE","OPM":1,"Total_sales_vol":180.7499955892563,"rate_of_return":0.0}
{"window":{"start":"2022-05-09T18:36:00.000Z","end":"2022-05-09T18:37:00.000Z"},"country":"United Kingdom","OPM":4,"Total_sales_vol":275.6699929535389,"rate_of_return":0.35714285714285715}
{"window":{"start":"2022-05-09T16:30:00.000Z","end":"2022-05-09T16:31:00.000Z"},"country":"EIRE","OPM":1,"Total_sales_vol":3.359999895095825,"rate_of_return":0.0}
{"window":{"start":"2022-05-07T00:26:00.000Z","end":"2022-05-07T00:27:00.000Z"},"country":"United Kingdom","OPM":5,"Total_sales_vol":467.8499923944473,"rate_of_return":0.0}
{"window":{"start":"2022-05-09T18:59:00.000Z","end":"2022-05-09T19:00:00.000Z"},"country":"United Kingdom","OPM":8,"Total_sales_vol":349.31999972462654,"rate_of_return":0.043478260869565216}
{"window":{"start":"2022-05-09T01:17:00.000Z","end":"2022-05-09T01:18:00.000Z"},"country":"Germany","OPM":1,"Total_sales_vol":50.44999849796295,"rate_of_return":0.0}
{"window":{"start":"2022-05-05T19:01:00.000Z","end":"2022-05-05T19:02:00.000Z"},"country":"United Kingdom","OPM":11,"Total_sales_vol":1204.1799954771996,"rate_of_return":0.0}
{"window":{"start":"2022-05-10T05:11:00.000Z","end":"2022-05-10T05:12:00.000Z"},"country":"Channel Islands","OPM":1,"Total_sales_vol":7.799999713897705,"rate_of_return":0.0}
{"window":{"start":"2022-05-06T16:30:00.000Z","end":"2022-05-06T16:31:00.000Z"},"country":"United Kingdom","OPM":8,"Total_sales_vol":331.33999586105347,"rate_of_return":0.05}
{"window":{"start":"2022-05-09T22:03:00.000Z","end":"2022-05-09T22:04:00.000Z"},"country":"EIRE","OPM":1,"Total_sales_vol":11.700000047683716,"rate_of_return":0.0}
{"window":{"start":"2022-05-10T11:41:00.000Z","end":"2022-05-10T11:42:00.000Z"},"country":"Cyprus","OPM":1,"Total_sales_vol":-17.34000015258789,"rate_of_return":1.0}
{"window":{"start":"2022-05-06T13:38:00.000Z","end":"2022-05-06T13:39:00.000Z"},"country":"United Kingdom","OPM":8,"Total_sales_vol":984.5900036096573,"rate_of_return":0.0}
{"window":{"start":"2022-05-09T06:08:00.000Z","end":"2022-05-09T06:09:00.000Z"},"country":"EIRE","OPM":1,"Total_sales_vol":51.660001277923584,"rate_of_return":0.0}
{"window":{"start":"2022-05-08T06:46:00.000Z","end":"2022-05-08T06:47:00.000Z"},"country":"Sweden","OPM":1,"Total_sales_vol":31.500000953674316,"rate_of_return":0.0}
{"window":{"start":"2022-05-05T23:59:00.000Z","end":"2022-05-06T00:00:00.000Z"},"country":"Switzerland","OPM":1,"Total_sales_vol":40.889998346567154,"rate_of_return":0.0}
{"window":{"start":"2022-05-08T00:38:00.000Z","end":"2022-05-08T00:39:00.000Z"},"country":"United Kingdom","OPM":6,"Total_sales_vol":249.6300015449524,"rate_of_return":0.0}
{"window":{"start":"2022-05-08T00:08:00.000Z","end":"2022-05-08T00:09:00.000Z"},"country":"Denmark","OPM":1,"Total_sales_vol":82.69000148773193,"rate_of_return":0.0}
{"window":{"start":"2022-05-06T07:05:00.000Z","end":"2022-05-06T07:06:00.000Z"},"country":"United Kingdom","OPM":17,"Total_sales_vol":808.510001540184,"rate_of_return":0.0}
