{"window":{"start":"2022-05-08T15:34:00.000Z","end":"2022-05-08T15:35:00.000Z"},"country":"Netherlands","OPM":1,"Total_sales_vol":23.299999475479126,"rate_of_return":0.0}
{"window":{"start":"2022-05-08T20:01:00.000Z","end":"2022-05-08T20:02:00.000Z"},"country":"Germany","OPM":1,"Total_sales_vol":14.999999523162842,"rate_of_return":0.0}
{"window":{"start":"2022-05-09T06:04:00.000Z","end":"2022-05-09T06:05:00.000Z"},"country":"United Kingdom","OPM":7,"Total_sales_vol":125.37999933958054,"rate_of_return":0.19047619047619047}
{"window":{"start":"2022-05-05T16:45:00.000Z","end":"2022-05-05T16:46:00.000Z"},"country":"United Kingdom","OPM":9,"Total_sales_vol":367.84999907016754,"rate_of_return":0.0}
{"window":{"start":"2022-05-07T10:18:00.000Z","end":"2022-05-07T10:19:00.000Z"},"country":"Spain","OPM":1,"Total_sales_vol":0.41999998688697815,"rate_of_return":0.0}
{"window":{"start":"2022-05-07T21:27:00.000Z","end":"2022-05-07T21:28:00.000Z"},"country":"United Kingdom","OPM":13,"Total_sales_vol":1171.429977297783,"rate_of_return":0.0}
{"window":{"start":"2022-05-06T10:15:00.000Z","end":"2022-05-06T10:16:00.000Z"},"country":"United Kingdom","OPM":6,"Total_sales_vol":87.51000165939331,"rate_of_return":0.0}
{"window":{"start":"2022-05-10T02:05:00.000Z","end":"2022-05-10T02:06:00.000Z"},"country":"Malta","OPM":1,"Total_sales_vol":158.71000200510025,"rate_of_return":0.0}
{"window":{"start":"2022-05-07T04:40:00.000Z","end":"2022-05-07T04:41:00.000Z"},"country":"EIRE","OPM":1,"Total_sales_vol":63.15999984741211,"rate_of_return":0.0}
{"window":{"start":"2022-05-05T22:39:00.000Z","end":"2022-05-05T22:40:00.000Z"},"country":"United Kingdom","OPM":10,"Total_sales_vol":636.0499863624573,"rate_of_return":0.0}
{"window":{"start":"2022-05-10T04:40:00.000Z","end":"2022-05-10T04:41:00.000Z"},"country":"United Kingdom","OPM":14,"Total_sales_vol":941.0299990177155,"rate_of_return":0.0}
{"window":{"start":"2022-05-06T19:11:00.000Z","end":"2022-05-06T19:12:00.000Z"},"country":"United Kingdom","OPM":5,"Total_sales_vol":248.2000002861023,"rate_of_return":0.0}
{"window":{"start":"2022-05-05T19:09:00.000Z","end":"2022-05-05T19:10:00.000Z"},"country":"United Kingdom","OPM":13,"Total_sales_vol":2152.669993519783,"rate_of_return":0.0}
{"window":{"start":"2022-05-10T10:19:00.000Z","end":"2022-05-10T10:20:00.000Z"},"country":"United Kingdom","OPM":11,"Total_sales_vol":556.96999168396,"rate_of_return":0.05128205128205128}
{"window":{"start":"2022-05-05T23:27:00.000Z","end":"2022-05-05T23:28:00.000Z"},"country":"United Kingdom","OPM":12,"Total_sales_vol":470.67999988794327,"rate_of_return":0.17647058823529413}
{"window":{"start":"2022-05-06T02:34:00.000Z","end":"2022-05-06T02:35:00.000Z"},"country":"United Kingdom","OPM":10,"Total_sales_vol":638.8500008583069,"rate_of_return":0.0}
{"window":{"start":"2022-05-06T21:03:00.000Z","end":"2022-05-06T21:04:00.000Z"},"country":"France","OPM":1,"Total_sales_vol":24.009999752044678,"rate_of_return":0.0}
{"window":{"start":"2022-05-07T09:53:00.000Z","end":"2022-05-07T09:54:00.000Z"},"country":"Germany","OPM":1,"Total_sales_vol":293.22000336647034,"rate_of_return":0.0}
{"window":{"start":"2022-05-10T07:55:00.000Z","end":"2022-05-10T07:56:00.000Z"},"country":"United Kingdom","OPM":12,"Total_sales_vol":428.0699905157089,"rate_of_return":0.09375}
{"window":{"start":"2022-05-08T06:44:00.000Z","end":"2022-05-08T06:45:00.000Z"},"country":"Belgium","OPM":1,"Total_sales_vol":32.2000013589859,"rate_of_return":0.0}
{"window":{"start":"2022-05-08T19:11:00.000Z","end":"2022-05-08T19:12:00.000Z"},"country":"United Kingdom","OPM":4,"Total_sales_vol":82.82999792695045,"rate_of_return":0.0}
{"window":{"start":"2022-05-06T19:32:00.000Z","end":"2022-05-06T19:33:00.000Z"},"country":"Netherlands","OPM":1,"Total_sales_vol":41.09999942779541,"rate_of_return":0.0}
{"window":{"start":"2022-05-08T09:34:00.000Z","end":"2022-05-08T09:35:00.000Z"},"country":"United Kingdom","OPM":14,"Total_sales_vol":796.4099977016449,"rate_of_return":0.037037037037037035}
{"window":{"start":"2022-05-09T07:25:00.000Z","end":"2022-05-09T07:26:00.000Z"},"country":"United Kingdom","OPM":8,"Total_sales_vol":787.3299856185913,"rate_of_return":0.0}
{"window":{"start":"2022-05-08T21:55:00.000Z","end":"2022-05-08T21:56:00.000Z"},"country":"Belgium","OPM":1,"Total_sales_vol":91.79999923706055,"rate_of_return":0.0}
{"window":{"start":"2022-05-08T08:26:00.000Z","end":"2022-05-08T08:27:00.000Z"},"country":"United Kingdom","OPM":15,"Total_sales_vol":1469.9999969005585,"rate_of_return":0.047619047619047616}
{"window":{"start":"2022-05-08T03:22:00.000Z","end":"2022-05-08T03:23:00.000Z"},"country":"Germany","OPM":1,"Total_sales_vol":139.40000143647194,"rate_of_return":0.0}
{"window":{"start":"2022-05-10T02:16:00.000Z","end":"2022-05-10T02:17:00.000Z"},"country":"United Kingdom","OPM":9,"Total_sales_vol":1599.4699975252151,"rate_of_return":0.0}
{"window":{"start":"2022-05-10T04:36:00.000Z","end":"2022-05-10T04:37:00.000Z"},"country":"United Kingdom","OPM":7,"Total_sales_vol":405.2800001502037,"rate_of_return":0.0}
{"window":{"start":"2022-05-09T19:08:00.000Z","end":"2022-05-09T19:09:00.000Z"},"country":"United Kingdom","OPM":14,"Total_sales_vol":1475.55000731349,"rate_of_return":0.05084745762711865}
{"window":{"start":"2022-05-07T05:39:00.000Z","end":"2022-05-07T05:40:00.000Z"},"country":"United Kingdom","OPM":13,"Total_sales_vol":1027.3700011074543,"rate_of_return":0.0}
{"window":{"start":"2022-05-10T03:44:00.000Z","end":"2022-05-10T03:45:00.000Z"},"country":"EIRE","OPM":1,"Total_sales_vol":7.8999998569488525,"rate_of_return":0.0}
{"window":{"start":"2022-05-05T20:48:00.000Z","end":"2022-05-05T20:49:00.000Z"},"country":"France","OPM":1,"Total_sales_vol":27.299999237060547,"rate_of_return":0.0}
{"window":{"start":"2022-05-07T07:33:00.000Z","end":"2022-05-07T07:34:00.000Z"},"country":"United Kingdom","OPM":12,"Total_sales_vol":1038.5399995446205,"rate_of_return":0.0}
{"window":{"start":"2022-05-08T02:04:00.000Z","end":"2022-05-08T02:05:00.000Z"},"country":"France","OPM":1,"Total_sales_vol":45.0,"rate_of_return":0.0}
{"window":{"start":"2022-05-10T08:39:00.000Z","end":"2022-05-10T08:40:00.000Z"},"country":"United Kingdom","OPM":7,"Total_sales_vol":333.08000522851944,"rate_of_return":0.0}
{"window":{"start":"2022-05-07T19:00:00.000Z","end":"2022-05-07T19:01:00.000Z"},"country":"United Kingdom","OPM":13,"Total_sales_vol":730.9400087147951,"rate_of_return":0.0}
{"window":{"start":"2022-05-08T14:21:00.000Z","end":"2022-05-08T14:22:00.000Z"},"country":"France","OPM":2,"Total_sales_vol":34.05000150203705,"rate_of_return":0.0}
{"window":{"start":"2022-05-09T22:29:00.000Z","end":"2022-05-09T22:30:00.000Z"},"country":"France","OPM":1,"Total_sales_vol":86.0999984741211,"rate_of_return":0.0}
{"window":{"start":"2022-05-09T14:49:00.000Z","end":"2022-05-09T14:50:00.000Z"},"country":"United Kingdom","OPM":5,"Total_sales_vol":401.25999918580055,"rate_of_return":0.0}
{"window":{"start":"2022-05-08T22:17:00.000Z","end":"2022-05-08T22:18:00.000Z"},"country":"Australia","OPM":1,"Total_sales_vol":80.98999786376953,"rate_of_return":0.0}
{"window":{"start":"2022-05-05T22:08:00.000Z","end":"2022-05-05T22:09:00.000Z"},"country":"Portugal","OPM":1,"Total_sales_vol":18.059999465942383,"rate_of_return":0.0}
{"window":{"start":"2022-05-10T07:17:00.000Z","end":"2022-05-10T07:18:00.000Z"},"country":"United Kingdom","OPM":9,"Total_sales_vol":3072.1999942064285,"rate_of_return":0.0}
{"window":{"start":"2022-05-07T04:48:00.000Z","end":"2022-05-07T04:49:00.000Z"},"country":"United Kingdom","OPM":11,"Total_sales_vol":926.3999948501587,"rate_of_return":0.19148936170212766}
{"window":{"start":"2022-05-06T09:18:00.000Z","end":"2022-05-06T09:19:00.000Z"},"country":"United Kingdom","OPM":12,"Total_sales_vol":1037.2100041508675,"rate_of_return":0.0}
{"window":{"start":"2022-05-10T11:16:00.000Z","end":"2022-05-10T11:17:00.000Z"},"country":"EIRE","OPM":1,"Total_sales_vol":85.22000050544739,"rate_of_return":0.0}
{"window":{"start":"2022-05-10T02:11:00.000Z","end":"2022-05-10T02:12:00.000Z"},"country":"United Kingdom","OPM":6,"Total_sales_vol":188.06999611854553,"rate_of_return":0.0}
{"window":{"start":"2022-05-06T20:29:00.000Z","end":"2022-05-06T20:30:00.000Z"},"country":"United Kingdom","OPM":12,"Total_sales_vol":1120.8900013267994,"rate_of_return":0.0}
{"window":{"start":"2022-05-06T06:47:00.000Z","end":"2022-05-06T06:48:00.000Z"},"country":"United Kingdom","OPM":13,"Total_sales_vol":709.3500074148178,"rate_of_return":0.05555555555555555}
{"window":{"start":"2022-05-10T01:27:00.000Z","end":"2022-05-10T01:28:00.000Z"},"country":"United Kingdom","OPM":10,"Total_sales_vol":263.30999583005905,"rate_of_return":0.08695652173913043}
{"window":{"start":"2022-05-07T06:56:00.000Z","end":"2022-05-07T06:57:00.000Z"},"country":"Australia","OPM":1,"Total_sales_vol":-21.84999942779541,"rate_of_return":1.0}
{"window":{"start":"2022-05-09T21:22:00.000Z","end":"2022-05-09T21:23:00.000Z"},"country":"EIRE","OPM":1,"Total_sales_vol":7.8500001430511475,"rate_of_return":0.0}
{"window":{"start":"2022-05-10T13:03:00.000Z","end":"2022-05-10T13:04:00.000Z"},"country":"France","OPM":1,"Total_sales_vol":19.799999237060547,"rate_of_return":0.0}
{"window":{"start":"2022-05-09T02:40:00.000Z","end":"2022-05-09T02:41:00.000Z"},"country":"Spain","OPM":1,"Total_sales_vol":64.98999977111816,"rate_of_return":0.0}
{"window":{"start":"2022-05-08T12:59:00.000Z","end":"2022-05-08T13:00:00.000Z"},"country":"United Kingdom","OPM":13,"Total_sales_vol":767.600030452013,"rate_of_return":0.0}
{"window":{"start":"2022-05-07T15:16:00.000Z","end":"2022-05-07T15:17:00.000Z"},"country":"Germany","OPM":1,"Total_sales_vol":32.00999918580055,"rate_of_return":0.0}
{"window":{"start":"2022-05-09T11:53:00.000Z","end":"2022-05-09T11:54:00.000Z"},"country":"Germany","OPM":1,"Total_sales_vol":-69.57000052928925,"rate_of_return":1.0}
{"window":{"start":"2022-05-07T18:35:00.000Z","end":"2022-05-07T18:36:00.000Z"},"country":"United Kingdom","OPM":12,"Total_sales_vol":197.62999966740608,"rate_of_return":0.0}
{"window":{"start":"2022-05-09T15:12:00.000Z","end":"2022-05-09T15:13:00.000Z"},"country":"United Kingdom","OPM":13,"Total_sales_vol":1392.6699867546558,"rate_of_return":0.06818181818181818}
{"window":{"start":"2022-05-05T22:03:00.000Z","end":"2022-05-05T22:04:00.000Z"},"country":"Germany","OPM":1,"Total_sales_vol":141.38999962806702,"rate_of_return":0.0}
{"window":{"start":"2022-05-05T16:48:00.000Z","end":"2022-05-05T16:49:00.000Z"},"country":"United Kingdom","OPM":8,"Total_sales_vol":107.1300003528595,"rate_of_return":0.0}
{"window":{"start":"2022-05-06T03:42:00.000Z","end":"2022-05-06T03:43:00.000Z"},"country":"United Kingdom","OPM":4,"Total_sales_vol":542.8299778997898,"rate_of_return":0.0}
{"window":{"start":"2022-05-08T21:30:00.000Z","end":"2022-05-08T21:31:00.000Z"},"country":"United Kingdom","OPM":8,"Total_sales_vol":47.870000541210175,"rate_of_return":0.09090909090909091}
{"window":{"start":"2022-05-07T01:31:00.000Z","end":"2022-05-07T01:32:00.000Z"},"country":"United Kingdom","OPM":8,"Total_sales_vol":313.7299996390939,"rate_of_return":0.0}
{"window":{"start":"2022-05-06T23:22:00.000Z","end":"2022-05-06T23:23:00.000Z"},"country":"United Kingdom","OPM":11,"Total_sales_vol":420.8200008869171,"rate_of_return":0.0}
{"window":{"start":"2022-05-08T12:22:00.000Z","end":"2022-05-08T12:23:00.000Z"},"country":"United Kingdom","OPM":10,"Total_sales_vol":-92.46999406814575,"rate_of_return":0.3225806451612903}
{"window":{"start":"2022-05-07T06:49:00.000Z","end":"2022-05-07T06:50:00.000Z"},"country":"United Kingdom","OPM":7,"Total_sales_vol":268.83999414741993,"rate_of_return":0.0}
{"window":{"start":"2022-05-08T12:56:00.000Z","end":"2022-05-08T12:57:00.000Z"},"country":"United Kingdom","OPM":8,"Total_sales_vol":489.22999823093414,"rate_of_return":0.0}
{"window":{"start":"2022-05-08T22:28:00.000Z","end":"2022-05-08T22:29:00.000Z"},"country":"Cyprus","OPM":1,"Total_sales_vol":2.950000047683716,"rate_of_return":0.0}
{"window":{"start":"2022-05-07T23:36:00.000Z","end":"2022-05-07T23:37:00.000Z"},"country":"Netherlands","OPM":1,"Total_sales_vol":0.8299999833106995,"rate_of_return":0.0}
{"window":{"start":"2022-05-06T11:44:00.000Z","end":"2022-05-06T11:45:00.000Z"},"country":"United Kingdom","OPM":6,"Total_sales_vol":315.6499964594841,"rate_of_return":0.0}
{"window":{"start":"2022-05-07T03:02:00.000Z","end":"2022-05-07T03:03:00.000Z"},"country":"Portugal","OPM":1,"Total_sales_vol":3.2899999618530273,"rate_of_return":0.0}
{"window":{"start":"2022-05-07T07:59:00.000Z","end":"2022-05-07T08:00:00.000Z"},"country":"Japan","OPM":1,"Total_sales_vol":47.30000054836273,"rate_of_return":0.0}
{"window":{"start":"2022-05-08T08:21:00.000Z","end":"2022-05-08T08:22:00.000Z"},"country":"EIRE","OPM":1,"Total_sales_vol":33.40999794006348,"rate_of_return":0.0}
{"window":{"start":"2022-05-05T21:56:00.000Z","end":"2022-05-05T21:57:00.000Z"},"country":"United Kingdom","OPM":9,"Total_sales_vol":531.9899975061417,"rate_of_return":0.13333333333333333}
