{"window":{"start":"2022-05-09T21:51:00.000Z","end":"2022-05-09T21:52:00.000Z"},"country":"EIRE","OPM":1,"Total_sales_vol":17.449999809265137,"rate_of_return":0.0}
{"window":{"start":"2022-05-06T05:24:00.000Z","end":"2022-05-06T05:25:00.000Z"},"country":"United Kingdom","OPM":13,"Total_sales_vol":1545.789999961853,"rate_of_return":0.02040816326530612}
{"window":{"start":"2022-05-07T18:17:00.000Z","end":"2022-05-07T18:18:00.000Z"},"country":"France","OPM":1,"Total_sales_vol":46.46000003814697,"rate_of_return":0.0}
{"window":{"start":"2022-05-08T15:32:00.000Z","end":"2022-05-08T15:33:00.000Z"},"country":"United Kingdom","OPM":11,"Total_sales_vol":485.60000148415565,"rate_of_return":0.0}
{"window":{"start":"2022-05-08T06:07:00.000Z","end":"2022-05-08T06:08:00.000Z"},"country":"France","OPM":1,"Total_sales_vol":751.2999639511108,"rate_of_return":0.0}
{"window":{"start":"2022-05-08T17:04:00.000Z","end":"2022-05-08T17:05:00.000Z"},"country":"Finland","OPM":1,"Total_sales_vol":8.289999961853027,"rate_of_return":0.0}
{"window":{"start":"2022-05-09T20:22:00.000Z","end":"2022-05-09T20:23:00.000Z"},"country":"United Kingdom","OPM":8,"Total_sales_vol":728.290001988411,"rate_of_return":0.0}
{"window":{"start":"2022-05-09T05:33:00.000Z","end":"2022-05-09T05:34:00.000Z"},"country":"United Kingdom","OPM":12,"Total_sales_vol":1583.3300037384033,"rate_of_return":0.12195121951219512}
{"window":{"start":"2022-05-07T22:10:00.000Z","end":"2022-05-07T22:11:00.000Z"},"country":"Norway","OPM":1,"Total_sales_vol":770.3099899291992,"rate_of_return":0.0}
{"window":{"start":"2022-05-08T02:48:00.000Z","end":"2022-05-08T02:49:00.000Z"},"country":"United Kingdom","OPM":8,"Total_sales_vol":543.1899884343147,"rate_of_return":0.0}
{"window":{"start":"2022-05-08T10:44:00.000Z","end":"2022-05-08T10:45:00.000Z"},"country":"United Kingdom","OPM":12,"Total_sales_vol":362.23999559879303,"rate_of_return":0.0}
{"window":{"start":"2022-05-07T03:26:00.000Z","end":"2022-05-07T03:27:00.000Z"},"country":"France","OPM":1,"Total_sales_vol":44.25000309944153,"rate_of_return":0.0}
{"window":{"start":"2022-05-07T02:24:00.000Z","end":"2022-05-07T02:25:00.000Z"},"country":"Portugal","OPM":1,"Total_sales_vol":185.44999876618385,"rate_of_return":0.0}
{"window":{"start":"2022-05-07T04:17:00.000Z","end":"2022-05-07T04:18:00.000Z"},"country":"Germany","OPM":1,"Total_sales_vol":12.59999942779541,"rate_of_return":0.0}
{"window":{"start":"2022-05-08T17:20:00.000Z","end":"2022-05-08T17:21:00.000Z"},"country":"United Kingdom","OPM":6,"Total_sales_vol":45.899999380111694,"rate_of_return":0.5}
{"window":{"start":"2022-05-08T18:37:00.000Z","end":"2022-05-08T18:38:00.000Z"},"country":"United Kingdom","OPM":10,"Total_sales_vol":814.5899998545647,"rate_of_return":0.0}
{"window":{"start":"2022-05-09T19:42:00.000Z","end":"2022-05-09T19:43:00.000Z"},"country":"France","OPM":1,"Total_sales_vol":17.400001525878906,"rate_of_return":0.0}
{"window":{"start":"2022-05-10T08:17:00.000Z","end":"2022-05-10T08:18:00.000Z"},"country":"United Kingdom","OPM":9,"Total_sales_vol":1595.1500028669834,"rate_of_return":0.024390243902439025}
{"window":{"start":"2022-05-07T15:37:00.000Z","end":"2022-05-07T15:38:00.000Z"},"country":"United Kingdom","OPM":6,"Total_sales_vol":217.38000014424324,"rate_of_return":0.0}
{"window":{"start":"2022-05-08T03:32:00.000Z","end":"2022-05-08T03:33:00.000Z"},"country":"United Kingdom","OPM":12,"Total_sales_vol":2317.210012614727,"rate_of_return":0.0}
{"window":{"start":"2022-05-08T14:24:00.000Z","end":"2022-05-08T14:25:00.000Z"},"country":"EIRE","OPM":1,"Total_sales_vol":32.35000228881836,"rate_of_return":0.0}
{"window":{"start":"2022-05-08T10:47:00.000Z","end":"2022-05-08T10:48:00.000Z"},"country":"Germany","OPM":1,"Total_sales_vol":12.699999809265137,"rate_of_return":0.0}
{"window":{"start":"2022-05-09T00:23:00.000Z","end":"2022-05-09T00:24:00.000Z"},"country":"United Kingdom","OPM":10,"Total_sales_vol":856.9499980211258,"rate_of_return":0.0}
{"window":{"start":"2022-05-08T19:53:00.000Z","end":"2022-05-08T19:54:00.000Z"},"country":"EIRE","OPM":1,"Total_sales_vol":127.39000034332275,"rate_of_return":0.0}
{"window":{"start":"2022-05-09T02:14:00.000Z","end":"2022-05-09T02:15:00.000Z"},"country":"France","OPM":1,"Total_sales_vol":-17.159999758005142,"rate_of_return":1.0}
{"window":{"start":"2022-05-10T09:57:00.000Z","end":"2022-05-10T09:58:00.000Z"},"country":"Australia","OPM":1,"Total_sales_vol":41.47000017762184,"rate_of_return":0.0}
{"window":{"start":"2022-05-06T18:10:00.000Z","end":"2022-05-06T18:11:00.000Z"},"country":"United Kingdom","OPM":11,"Total_sales_vol":690.1399989426136,"rate_of_return":0.1111111111111111}
{"window":{"start":"2022-05-08T18:48:00.000Z","end":"2022-05-08T18:49:00.000Z"},"country":"Germany","OPM":1,"Total_sales_vol":69.14999961853027,"rate_of_return":0.0}
{"window":{"start":"2022-05-08T05:44:00.000Z","end":"2022-05-08T05:45:00.000Z"},"country":"United Kingdom","OPM":3,"Total_sales_vol":173.08000004291534,"rate_of_return":0.0}
{"window":{"start":"2022-05-08T11:16:00.000Z","end":"2022-05-08T11:17:00.000Z"},"country":"United Kingdom","OPM":11,"Total_sales_vol":231.2999991774559,"rate_of_return":0.03333333333333333}
{"window":{"start":"2022-05-07T19:08:00.000Z","end":"2022-05-07T19:09:00.000Z"},"country":"United Kingdom","OPM":10,"Total_sales_vol":814.5700087547302,"rate_of_return":0.0}
{"window":{"start":"2022-05-06T21:30:00.000Z","end":"2022-05-06T21:31:00.000Z"},"country":"Germany","OPM":1,"Total_sales_vol":15.0,"rate_of_return":0.0}
{"window":{"start":"2022-05-06T22:56:00.000Z","end":"2022-05-06T22:57:00.000Z"},"country":"Japan","OPM":1,"Total_sales_vol":29.75,"rate_of_return":0.0}
{"window":{"start":"2022-05-07T16:59:00.000Z","end":"2022-05-07T17:00:00.000Z"},"country":"United Kingdom","OPM":13,"Total_sales_vol":612.8399923443794,"rate_of_return":0.0}
{"window":{"start":"2022-05-08T09:19:00.000Z","end":"2022-05-08T09:20:00.000Z"},"country":"United Kingdom","OPM":10,"Total_sales_vol":488.7200039625168,"rate_of_return":0.0}
{"window":{"start":"2022-05-10T00:27:00.000Z","end":"2022-05-10T00:28:00.000Z"},"country":"France","OPM":1,"Total_sales_vol":14.84999942779541,"rate_of_return":0.0}
{"window":{"start":"2022-05-07T10:29:00.000Z","end":"2022-05-07T10:30:00.000Z"},"country":"EIRE","OPM":1,"Total_sales_vol":7.559999942779541,"rate_of_return":0.0}
{"window":{"start":"2022-05-05T16:31:00.000Z","end":"2022-05-05T16:32:00.000Z"},"country":"United Kingdom","OPM":13,"Total_sales_vol":496.2999972105026,"rate_of_return":0.16666666666666666}
{"window":{"start":"2022-05-08T07:06:00.000Z","end":"2022-05-08T07:07:00.000Z"},"country":"Belgium","OPM":1,"Total_sales_vol":42.29999923706055,"rate_of_return":0.0}
{"window":{"start":"2022-05-07T04:05:00.000Z","end":"2022-05-07T04:06:00.000Z"},"country":"EIRE","OPM":1,"Total_sales_vol":45.71000003814697,"rate_of_return":0.0}
{"window":{"start":"2022-05-07T22:33:00.000Z","end":"2022-05-07T22:34:00.000Z"},"country":"Switzerland","OPM":1,"Total_sales_vol":1.649999976158142,"rate_of_return":0.0}
{"window":{"start":"2022-05-09T11:44:00.000Z","end":"2022-05-09T11:45:00.000Z"},"country":"Germany","OPM":1,"Total_sales_vol":4.130000114440918,"rate_of_return":0.0}
{"window":{"start":"2022-05-06T12:43:00.000Z","end":"2022-05-06T12:44:00.000Z"},"country":"Germany","OPM":1,"Total_sales_vol":39.15000009536743,"rate_of_return":0.0}
{"window":{"start":"2022-05-07T22:05:00.000Z","end":"2022-05-07T22:06:00.000Z"},"country":"EIRE","OPM":1,"Total_sales_vol":26.859999656677246,"rate_of_return":0.0}
{"window":{"start":"2022-05-08T20:27:00.000Z","end":"2022-05-08T20:28:00.000Z"},"country":"Germany","OPM":1,"Total_sales_vol":1.9500000476837158,"rate_of_return":0.0}
{"window":{"start":"2022-05-06T23:46:00.000Z","end":"2022-05-06T23:47:00.000Z"},"country":"United Kingdom","OPM":3,"Total_sales_vol":38.91000163555145,"rate_of_return":0.0}
{"window":{"start":"2022-05-09T14:29:00.000Z","end":"2022-05-09T14:30:00.000Z"},"country":"United Kingdom","OPM":4,"Total_sales_vol":498.5500184893608,"rate_of_return":0.0}
{"window":{"start":"2022-05-06T12:18:00.000Z","end":"2022-05-06T12:19:00.000Z"},"country":"United Kingdom","OPM":5,"Total_sales_vol":531.9300128519535,"rate_of_return":0.0}
{"window":{"start":"2022-05-09T18:18:00.000Z","end":"2022-05-09T18:19:00.000Z"},"country":"United Kingdom","OPM":13,"Total_sales_vol":1734.5600039958954,"rate_of_return":0.0967741935483871}
{"window":{"start":"2022-05-08T10:31:00.000Z","end":"2022-05-08T10:32:00.000Z"},"country":"United Kingdom","OPM":5,"Total_sales_vol":463.2800018787384,"rate_of_return":0.12}
{"window":{"start":"2022-05-06T07:59:00.000Z","end":"2022-05-06T08:00:00.000Z"},"country":"United Kingdom","OPM":12,"Total_sales_vol":927.6299951076508,"rate_of_return":0.06557377049180328}
{"window":{"start":"2022-05-08T05:42:00.000Z","end":"2022-05-08T05:43:00.000Z"},"country":"United Kingdom","OPM":13,"Total_sales_vol":776.7499994933605,"rate_of_return":0.19642857142857142}
{"window":{"start":"2022-05-05T22:56:00.000Z","end":"2022-05-05T22:57:00.000Z"},"country":"EIRE","OPM":1,"Total_sales_vol":350.0599995851517,"rate_of_return":0.0}
{"window":{"start":"2022-05-06T04:47:00.000Z","end":"2022-05-06T04:48:00.000Z"},"country":"EIRE","OPM":1,"Total_sales_vol":8.5,"rate_of_return":0.0}
{"window":{"start":"2022-05-06T16:50:00.000Z","end":"2022-05-06T16:51:00.000Z"},"country":"United Kingdom","OPM":7,"Total_sales_vol":127.20999854803085,"rate_of_return":0.0}
{"window":{"start":"2022-05-09T19:04:00.000Z","end":"2022-05-09T19:05:00.000Z"},"country":"United Kingdom","OPM":7,"Total_sales_vol":625.04998254776,"rate_of_return":0.0}
{"window":{"start":"2022-05-06T02:16:00.000Z","end":"2022-05-06T02:17:00.000Z"},"country":"France","OPM":1,"Total_sales_vol":620.9299727082253,"rate_of_return":0.0}
{"window":{"start":"2022-05-09T02:26:00.000Z","end":"2022-05-09T02:27:00.000Z"},"country":"Sweden","OPM":1,"Total_sales_vol":249.24000549316406,"rate_of_return":0.0}
{"window":{"start":"2022-05-08T20:49:00.000Z","end":"2022-05-08T20:50:00.000Z"},"country":"United Kingdom","OPM":8,"Total_sales_vol":590.5699948072433,"rate_of_return":0.0}
{"window":{"start":"2022-05-07T12:30:00.000Z","end":"2022-05-07T12:31:00.000Z"},"country":"United Kingdom","OPM":9,"Total_sales_vol":1216.6099588274956,"rate_of_return":0.0}
{"window":{"start":"2022-05-09T02:38:00.000Z","end":"2022-05-09T02:39:00.000Z"},"country":"United Kingdom","OPM":6,"Total_sales_vol":378.5400038063526,"rate_of_return":0.0}
{"window":{"start":"2022-05-08T10:49:00.000Z","end":"2022-05-08T10:50:00.000Z"},"country":"Hong Kong","OPM":1,"Total_sales_vol":27.119999647140503,"rate_of_return":0.0}
{"window":{"start":"2022-05-09T00:44:00.000Z","end":"2022-05-09T00:45:00.000Z"},"country":"United Kingdom","OPM":11,"Total_sales_vol":3677.869958266616,"rate_of_return":0.0}
