{"window":{"start":"2022-05-06T15:14:00.000Z","end":"2022-05-06T15:15:00.000Z"},"country":"EIRE","OPM":1,"Total_sales_vol":27.11000007390976,"rate_of_return":0.0}
{"window":{"start":"2022-05-09T20:17:00.000Z","end":"2022-05-09T20:18:00.000Z"},"country":"United Kingdom","OPM":12,"Total_sales_vol":936.8799937963486,"rate_of_return":0.0}
{"window":{"start":"2022-05-07T06:07:00.000Z","end":"2022-05-07T06:08:00.000Z"},"country":"United Kingdom","OPM":8,"Total_sales_vol":722.000017285347,"rate_of_return":0.0}
{"window":{"start":"2022-05-09T02:50:00.000Z","end":"2022-05-09T02:51:00.000Z"},"country":"United Kingdom","OPM":4,"Total_sales_vol":305.94000804424286,"rate_of_return":0.0}
{"window":{"start":"2022-05-05T21:44:00.000Z","end":"2022-05-05T21:45:00.000Z"},"country":"Finland","OPM":1,"Total_sales_vol":74.4399986565113,"rate_of_return":0.0}
{"window":{"start":"2022-05-09T17:43:00.000Z","end":"2022-05-09T17:44:00.000Z"},"country":"EIRE","OPM":1,"Total_sales_vol":36.73000144958496,"rate_of_return":0.0}
{"window":{"start":"2022-05-09T12:40:00.000Z","end":"2022-05-09T12:41:00.000Z"},"country":"EIRE","OPM":1,"Total_sales_vol":46.14999961853027,"rate_of_return":0.0}
{"window":{"start":"2022-05-07T07:12:00.000Z","end":"2022-05-07T07:13:00.000Z"},"country":"United Kingdom","OPM":11,"Total_sales_vol":1075.4699877500534,"rate_of_return":0.1111111111111111}
{"window":{"start":"2022-05-09T03:42:00.000Z","end":"2022-05-09T03:43:00.000Z"},"country":"United Kingdom","OPM":14,"Total_sales_vol":460.99000239372253,"rate_of_return":0.06382978723404255}
{"window":{"start":"2022-05-06T13:49:00.000Z","end":"2022-05-06T13:50:00.000Z"},"country":"EIRE","OPM":1,"Total_sales_vol":151.49999833106995,"rate_of_return":0.0}
{"window":{"start":"2022-05-09T07:59:00.000Z","end":"2022-05-09T08:00:00.000Z"},"country":"Netherlands","OPM":1,"Total_sales_vol":2.950000047683716,"rate_of_return":0.0}
{"window":{"start":"2022-05-08T09:56:00.000Z","end":"2022-05-08T09:57:00.000Z"},"country":"Germany","OPM":1,"Total_sales_vol":167.53999853134155,"rate_of_return":0.0}
{"window":{"start":"2022-05-08T00:21:00.000Z","end":"2022-05-08T00:22:00.000Z"},"country":"United Kingdom","OPM":6,"Total_sales_vol":1405.490068912506,"rate_of_return":0.0}
{"window":{"start":"2022-05-06T14:37:00.000Z","end":"2022-05-06T14:38:00.000Z"},"country":"United Kingdom","OPM":12,"Total_sales_vol":848.0499985218048,"rate_of_return":0.12}
{"window":{"start":"2022-05-06T00:30:00.000Z","end":"2022-05-06T00:31:00.000Z"},"country":"France","OPM":1,"Total_sales_vol":86.04999926686287,"rate_of_return":0.0}
{"window":{"start":"2022-05-06T11:40:00.000Z","end":"2022-05-06T11:41:00.000Z"},"country":"United Kingdom","OPM":11,"Total_sales_vol":872.2199860811234,"rate_of_return":0.07692307692307693}
{"window":{"start":"2022-05-10T00:55:00.000Z","end":"2022-05-10T00:56:00.000Z"},"country":"Germany","OPM":1,"Total_sales_vol":1.7000000476837158,"rate_of_return":0.0}
{"window":{"start":"2022-05-05T18:08:00.000Z","end":"2022-05-05T18:09:00.000Z"},"country":"United Kingdom","OPM":10,"Total_sales_vol":1188.590001642704,"rate_of_return":0.0}
{"window":{"start":"2022-05-08T02:26:00.000Z","end":"2022-05-08T02:27:00.000Z"},"country":"Germany","OPM":1,"Total_sales_vol":16.199999809265137,"rate_of_return":0.0}
{"window":{"start":"2022-05-09T07:06:00.000Z","end":"2022-05-09T07:07:00.000Z"},"country":"United Kingdom","OPM":11,"Total_sales_vol":409.4999971687794,"rate_of_return":0.08823529411764706}
{"window":{"start":"2022-05-05T17:33:00.000Z","end":"2022-05-05T17:34:00.000Z"},"country":"EIRE","OPM":3,"Total_sales_vol":27.16000008583069,"rate_of_return":0.0}
{"window":{"start":"2022-05-08T06:22:00.000Z","end":"2022-05-08T06:23:00.000Z"},"country":"United Kingdom","OPM":8,"Total_sales_vol":1149.6299939155579,"rate_of_return":0.0}
{"window":{"start":"2022-05-06T11:00:00.000Z","end":"2022-05-06T11:01:00.000Z"},"country":"United Kingdom","OPM":14,"Total_sales_vol":2137.8299993872643,"rate_of_return":0.029850746268656716}
{"window":{"start":"2022-05-07T09:40:00.000Z","end":"2022-05-07T09:41:00.000Z"},"country":"Spain","OPM":1,"Total_sales_vol":81.76999890804291,"rate_of_return":0.0}
{"window":{"start":"2022-05-06T09:13:00.000Z","end":"2022-05-06T09:14:00.000Z"},"country":"United Kingdom","OPM":16,"Total_sales_vol":2209.000010341406,"rate_of_return":0.0}
{"window":{"start":"2022-05-08T13:25:00.000Z","end":"2022-05-08T13:26:00.000Z"},"country":"United Kingdom","OPM":4,"Total_sales_vol":102.17000079154968,"rate_of_return":0.0}
{"window":{"start":"2022-05-06T16:02:00.000Z","end":"2022-05-06T16:03:00.000Z"},"country":"United Kingdom","OPM":8,"Total_sales_vol":734.0500102043152,"rate_of_return":0.06451612903225806}
{"window":{"start":"2022-05-09T03:01:00.000Z","end":"2022-05-09T03:02:00.000Z"},"country":"United Kingdom","OPM":9,"Total_sales_vol":1466.7700280547142,"rate_of_return":0.0}
{"window":{"start":"2022-05-10T06:31:00.000Z","end":"2022-05-10T06:32:00.000Z"},"country":"Germany","OPM":1,"Total_sales_vol":71.48000192642212,"rate_of_return":0.0}
{"window":{"start":"2022-05-08T20:17:00.000Z","end":"2022-05-08T20:18:00.000Z"},"country":"United Kingdom","OPM":11,"Total_sales_vol":987.8700003623962,"rate_of_return":0.05405405405405406}
{"window":{"start":"2022-05-06T17:21:00.000Z","end":"2022-05-06T17:22:00.000Z"},"country":"United Kingdom","OPM":11,"Total_sales_vol":883.1200065612793,"rate_of_return":0.08571428571428572}
{"window":{"start":"2022-05-06T03:59:00.000Z","end":"2022-05-06T04:00:00.000Z"},"country":"Spain","OPM":1,"Total_sales_vol":60.239999771118164,"rate_of_return":0.0}
{"window":{"start":"2022-05-06T03:05:00.000Z","end":"2022-05-06T03:06:00.000Z"},"country":"United Kingdom","OPM":3,"Total_sales_vol":139.55999946594238,"rate_of_return":0.0}
{"window":{"start":"2022-05-07T08:14:00.000Z","end":"2022-05-07T08:15:00.000Z"},"country":"United Kingdom","OPM":11,"Total_sales_vol":925.5599810481071,"rate_of_return":0.0}
{"window":{"start":"2022-05-07T14:49:00.000Z","end":"2022-05-07T14:50:00.000Z"},"country":"Spain","OPM":1,"Total_sales_vol":24.959999084472656,"rate_of_return":0.0}
{"window":{"start":"2022-05-07T17:39:00.000Z","end":"2022-05-07T17:40:00.000Z"},"country":"United Kingdom","OPM":12,"Total_sales_vol":297.01000288128853,"rate_of_return":0.11428571428571428}
{"window":{"start":"2022-05-05T21:10:00.000Z","end":"2022-05-05T21:11:00.000Z"},"country":"United Kingdom","OPM":14,"Total_sales_vol":525.4300027787685,"rate_of_return":0.0}
{"window":{"start":"2022-05-09T06:05:00.000Z","end":"2022-05-09T06:06:00.000Z"},"country":"Norway","OPM":1,"Total_sales_vol":33.68000042438507,"rate_of_return":0.0}
{"window":{"start":"2022-05-08T22:44:00.000Z","end":"2022-05-08T22:45:00.000Z"},"country":"France","OPM":1,"Total_sales_vol":59.65999794006348,"rate_of_return":0.0}
{"window":{"start":"2022-05-08T20:19:00.000Z","end":"2022-05-08T20:20:00.000Z"},"country":"France","OPM":1,"Total_sales_vol":50.52000045776367,"rate_of_return":0.0}
{"window":{"start":"2022-05-06T08:51:00.000Z","end":"2022-05-06T08:52:00.000Z"},"country":"United Kingdom","OPM":11,"Total_sales_vol":265.1400008201599,"rate_of_return":0.1}
{"window":{"start":"2022-05-06T05:19:00.000Z","end":"2022-05-06T05:20:00.000Z"},"country":"Netherlands","OPM":1,"Total_sales_vol":32.890000104904175,"rate_of_return":0.0}
{"window":{"start":"2022-05-10T00:08:00.000Z","end":"2022-05-10T00:09:00.000Z"},"country":"EIRE","OPM":1,"Total_sales_vol":6.579999923706055,"rate_of_return":0.0}
{"window":{"start":"2022-05-06T01:10:00.000Z","end":"2022-05-06T01:11:00.000Z"},"country":"Belgium","OPM":1,"Total_sales_vol":87.43000274896622,"rate_of_return":0.0}
{"window":{"start":"2022-05-07T15:34:00.000Z","end":"2022-05-07T15:35:00.000Z"},"country":"United Kingdom","OPM":11,"Total_sales_vol":320.54999709129333,"rate_of_return":0.0}
{"window":{"start":"2022-05-06T14:14:00.000Z","end":"2022-05-06T14:15:00.000Z"},"country":"United Kingdom","OPM":13,"Total_sales_vol":824.7899955660105,"rate_of_return":0.0}
{"window":{"start":"2022-05-10T09:22:00.000Z","end":"2022-05-10T09:23:00.000Z"},"country":"EIRE","OPM":1,"Total_sales_vol":112.72000741958618,"rate_of_return":0.0}
{"window":{"start":"2022-05-09T22:57:00.000Z","end":"2022-05-09T22:58:00.000Z"},"country":"United Kingdom","OPM":9,"Total_sales_vol":572.5600173175335,"rate_of_return":0.0}
{"window":{"start":"2022-05-08T20:58:00.000Z","end":"2022-05-08T20:59:00.000Z"},"country":"France","OPM":1,"Total_sales_vol":20.799999237060547,"rate_of_return":0.0}
{"window":{"start":"2022-05-09T10:43:00.000Z","end":"2022-05-09T10:44:00.000Z"},"country":"United Kingdom","OPM":7,"Total_sales_vol":723.6399964094162,"rate_of_return":0.0}
{"window":{"start":"2022-05-07T18:29:00.000Z","end":"2022-05-07T18:30:00.000Z"},"country":"United Kingdom","OPM":11,"Total_sales_vol":644.12999522686,"rate_of_return":0.0}
{"window":{"start":"2022-05-06T12:37:00.000Z","end":"2022-05-06T12:38:00.000Z"},"country":"EIRE","OPM":1,"Total_sales_vol":90.49000090360641,"rate_of_return":0.0}
{"window":{"start":"2022-05-06T06:31:00.000Z","end":"2022-05-06T06:32:00.000Z"},"country":"United Kingdom","OPM":3,"Total_sales_vol":292.819999396801,"rate_of_return":0.125}
{"window":{"start":"2022-05-07T21:26:00.000Z","end":"2022-05-07T21:27:00.000Z"},"country":"United Kingdom","OPM":7,"Total_sales_vol":322.91000521183014,"rate_of_return":0.0}
{"window":{"start":"2022-05-09T17:28:00.000Z","end":"2022-05-09T17:29:00.000Z"},"country":"United Kingdom","OPM":9,"Total_sales_vol":415.14999771118164,"rate_of_return":0.10714285714285714}
{"window":{"start":"2022-05-06T16:10:00.000Z","end":"2022-05-06T16:11:00.000Z"},"country":"France","OPM":1,"Total_sales_vol":42.720001220703125,"rate_of_return":0.0}
{"window":{"start":"2022-05-10T05:56:00.000Z","end":"2022-05-10T05:57:00.000Z"},"country":"Spain","OPM":1,"Total_sales_vol":10.5,"rate_of_return":0.0}
{"window":{"start":"2022-05-06T03:57:00.000Z","end":"2022-05-06T03:58:00.000Z"},"country":"United Kingdom","OPM":6,"Total_sales_vol":1009.0700029432774,"rate_of_return":0.0}
{"window":{"start":"2022-05-09T23:54:00.000Z","end":"2022-05-09T23:55:00.000Z"},"country":"EIRE","OPM":1,"Total_sales_vol":4.889999866485596,"rate_of_return":0.0}
{"window":{"start":"2022-05-10T12:34:00.000Z","end":"2022-05-10T12:35:00.000Z"},"country":"Channel Islands","OPM":1,"Total_sales_vol":83.8499984741211,"rate_of_return":0.0}
{"window":{"start":"2022-05-06T07:00:00.000Z","end":"2022-05-06T07:01:00.000Z"},"country":"United Kingdom","OPM":16,"Total_sales_vol":259.2799749970436,"rate_of_return":0.07352941176470588}
{"window":{"start":"2022-05-07T11:31:00.000Z","end":"2022-05-07T11:32:00.000Z"},"country":"United Kingdom","OPM":8,"Total_sales_vol":259.4600007534027,"rate_of_return":0.0}
{"window":{"start":"2022-05-10T03:36:00.000Z","end":"2022-05-10T03:37:00.000Z"},"country":"Germany","OPM":1,"Total_sales_vol":5.100000381469727,"rate_of_return":0.0}
