{"window":{"start":"2022-05-08T07:21:00.000Z","end":"2022-05-08T07:22:00.000Z"},"country":"France","OPM":1,"Total_sales_vol":-85.01000013947487,"rate_of_return":1.0}
{"window":{"start":"2022-05-08T08:07:00.000Z","end":"2022-05-08T08:08:00.000Z"},"country":"United Kingdom","OPM":13,"Total_sales_vol":708.0299987792969,"rate_of_return":0.1875}
{"window":{"start":"2022-05-09T02:52:00.000Z","end":"2022-05-09T02:53:00.000Z"},"country":"United Kingdom","OPM":7,"Total_sales_vol":589.6999980211258,"rate_of_return":0.0}
{"window":{"start":"2022-05-09T01:59:00.000Z","end":"2022-05-09T02:00:00.000Z"},"country":"EIRE","OPM":1,"Total_sales_vol":27.8799991607666,"rate_of_return":0.0}
{"window":{"start":"2022-05-07T06:33:00.000Z","end":"2022-05-07T06:34:00.000Z"},"country":"France","OPM":1,"Total_sales_vol":31.820000290870667,"rate_of_return":0.0}
{"window":{"start":"2022-05-07T03:16:00.000Z","end":"2022-05-07T03:17:00.000Z"},"country":"Germany","OPM":1,"Total_sales_vol":1.25,"rate_of_return":0.0}
{"window":{"start":"2022-05-10T05:00:00.000Z","end":"2022-05-10T05:01:00.000Z"},"country":"United Kingdom","OPM":17,"Total_sales_vol":1653.9599927067757,"rate_of_return":0.0}
{"window":{"start":"2022-05-09T03:46:00.000Z","end":"2022-05-09T03:47:00.000Z"},"country":"Singapore","OPM":1,"Total_sales_vol":14.750000238418579,"rate_of_return":0.0}
{"window":{"start":"2022-05-05T20:26:00.000Z","end":"2022-05-05T20:27:00.000Z"},"country":"United Kingdom","OPM":14,"Total_sales_vol":473.8500028848648,"rate_of_return":0.08333333333333333}
{"window":{"start":"2022-05-06T16:28:00.000Z","end":"2022-05-06T16:29:00.000Z"},"country":"United Kingdom","OPM":9,"Total_sales_vol":746.939974680543,"rate_of_return":0.0}
{"window":{"start":"2022-05-10T07:49:00.000Z","end":"2022-05-10T07:50:00.000Z"},"country":"Finland","OPM":1,"Total_sales_vol":81.8499984741211,"rate_of_return":0.0}
{"window":{"start":"2022-05-09T22:44:00.000Z","end":"2022-05-09T22:45:00.000Z"},"country":"United Kingdom","OPM":10,"Total_sales_vol":253.25999587774277,"rate_of_return":0.07407407407407407}
{"window":{"start":"2022-05-08T13:40:00.000Z","end":"2022-05-08T13:41:00.000Z"},"country":"France","OPM":1,"Total_sales_vol":288.4200019836426,"rate_of_return":0.0}
{"window":{"start":"2022-05-06T17:01:00.000Z","end":"2022-05-06T17:02:00.000Z"},"country":"United Kingdom","OPM":13,"Total_sales_vol":1204.1099964380264,"rate_of_return":0.0}
{"window":{"start":"2022-05-06T05:59:00.000Z","end":"2022-05-06T06:00:00.000Z"},"country":"Germany","OPM":1,"Total_sales_vol":36.09000015258789,"rate_of_return":0.0}
{"window":{"start":"2022-05-08T01:08:00.000Z","end":"2022-05-08T01:09:00.000Z"},"country":"Germany","OPM":1,"Total_sales_vol":4.049999952316284,"rate_of_return":0.0}
{"window":{"start":"2022-05-06T02:01:00.000Z","end":"2022-05-06T02:02:00.000Z"},"country":"Germany","OPM":1,"Total_sales_vol":29.150001406669617,"rate_of_return":0.0}
{"window":{"start":"2022-05-08T12:02:00.000Z","end":"2022-05-08T12:03:00.000Z"},"country":"France","OPM":1,"Total_sales_vol":678.5999989509583,"rate_of_return":0.0}
{"window":{"start":"2022-05-10T11:52:00.000Z","end":"2022-05-10T11:53:00.000Z"},"country":"EIRE","OPM":1,"Total_sales_vol":68.60000038146973,"rate_of_return":0.0}
{"window":{"start":"2022-05-07T12:58:00.000Z","end":"2022-05-07T12:59:00.000Z"},"country":"United Kingdom","OPM":5,"Total_sales_vol":-77.45000636577606,"rate_of_return":0.4230769230769231}
{"window":{"start":"2022-05-08T14:04:00.000Z","end":"2022-05-08T14:05:00.000Z"},"country":"Belgium","OPM":1,"Total_sales_vol":1.309999942779541,"rate_of_return":0.0}
{"window":{"start":"2022-05-09T00:11:00.000Z","end":"2022-05-09T00:12:00.000Z"},"country":"EIRE","OPM":1,"Total_sales_vol":8.139999985694885,"rate_of_return":0.0}
{"window":{"start":"2022-05-08T02:04:00.000Z","end":"2022-05-08T02:05:00.000Z"},"country":"United Kingdom","OPM":14,"Total_sales_vol":832.0200109779835,"rate_of_return":0.0}
{"window":{"start":"2022-05-08T10:32:00.000Z","end":"2022-05-08T10:33:00.000Z"},"country":"France","OPM":1,"Total_sales_vol":148.93999886512756,"rate_of_return":0.0}
{"window":{"start":"2022-05-09T19:37:00.000Z","end":"2022-05-09T19:38:00.000Z"},"country":"United Kingdom","OPM":14,"Total_sales_vol":1145.209995508194,"rate_of_return":0.0}
{"window":{"start":"2022-05-10T10:31:00.000Z","end":"2022-05-10T10:32:00.000Z"},"country":"France","OPM":1,"Total_sales_vol":3.569999933242798,"rate_of_return":0.0}
{"window":{"start":"2022-05-07T02:35:00.000Z","end":"2022-05-07T02:36:00.000Z"},"country":"United Kingdom","OPM":9,"Total_sales_vol":226.8799990415573,"rate_of_return":0.0}
{"window":{"start":"2022-05-07T01:03:00.000Z","end":"2022-05-07T01:04:00.000Z"},"country":"EIRE","OPM":1,"Total_sales_vol":10.289999961853027,"rate_of_return":0.0}
{"window":{"start":"2022-05-05T18:27:00.000Z","end":"2022-05-05T18:28:00.000Z"},"country":"EIRE","OPM":1,"Total_sales_vol":2.9800000190734863,"rate_of_return":0.0}
{"window":{"start":"2022-05-09T01:31:00.000Z","end":"2022-05-09T01:32:00.000Z"},"country":"United Kingdom","OPM":11,"Total_sales_vol":877.1499935388565,"rate_of_return":0.07142857142857142}
{"window":{"start":"2022-05-08T11:25:00.000Z","end":"2022-05-08T11:26:00.000Z"},"country":"Cyprus","OPM":1,"Total_sales_vol":40.450000405311584,"rate_of_return":0.0}
{"window":{"start":"2022-05-08T13:49:00.000Z","end":"2022-05-08T13:50:00.000Z"},"country":"Netherlands","OPM":1,"Total_sales_vol":100.6899983882904,"rate_of_return":0.0}
{"window":{"start":"2022-05-06T03:04:00.000Z","end":"2022-05-06T03:05:00.000Z"},"country":"Germany","OPM":2,"Total_sales_vol":-62.360002517700195,"rate_of_return":0.6666666666666666}
{"window":{"start":"2022-05-10T12:28:00.000Z","end":"2022-05-10T12:29:00.000Z"},"country":"United Kingdom","OPM":9,"Total_sales_vol":39.54999524354935,"rate_of_return":0.41379310344827586}
{"window":{"start":"2022-05-06T19:27:00.000Z","end":"2022-05-06T19:28:00.000Z"},"country":"United Kingdom","OPM":11,"Total_sales_vol":1848.2699358165264,"rate_of_return":0.0}
{"window":{"start":"2022-05-10T06:16:00.000Z","end":"2022-05-10T06:17:00.000Z"},"country":"Germany","OPM":1,"Total_sales_vol":128.9999942779541,"rate_of_return":0.0}
{"window":{"start":"2022-05-09T20:34:00.000Z","end":"2022-05-09T20:35:00.000Z"},"country":"United Kingdom","OPM":15,"Total_sales_vol":1094.1799841821194,"rate_of_return":0.16363636363636364}
{"window":{"start":"2022-05-06T15:22:00.000Z","end":"2022-05-06T15:23:00.000Z"},"country":"Channel Islands","OPM":1,"Total_sales_vol":0.6499999761581421,"rate_of_return":0.0}
{"window":{"start":"2022-05-07T07:28:00.000Z","end":"2022-05-07T07:29:00.000Z"},"country":"Portugal","OPM":1,"Total_sales_vol":35.69999694824219,"rate_of_return":0.0}
{"window":{"start":"2022-05-09T20:47:00.000Z","end":"2022-05-09T20:48:00.000Z"},"country":"United Kingdom","OPM":7,"Total_sales_vol":683.2200022041798,"rate_of_return":0.0}
{"window":{"start":"2022-05-07T00:31:00.000Z","end":"2022-05-07T00:32:00.000Z"},"country":"France","OPM":1,"Total_sales_vol":37.95000076293945,"rate_of_return":0.0}
{"window":{"start":"2022-05-10T12:10:00.000Z","end":"2022-05-10T12:11:00.000Z"},"country":"United Kingdom","OPM":7,"Total_sales_vol":128.82000151276588,"rate_of_return":0.0}
{"window":{"start":"2022-05-06T20:04:00.000Z","end":"2022-05-06T20:05:00.000Z"},"country":"United Kingdom","OPM":9,"Total_sales_vol":-2445.0500000715256,"rate_of_return":0.2916666666666667}
{"window":{"start":"2022-05-08T08:54:00.000Z","end":"2022-05-08T08:55:00.000Z"},"country":"United Kingdom","OPM":10,"Total_sales_vol":453.0799878835678,"rate_of_return":0.125}
{"window":{"start":"2022-05-10T11:28:00.000Z","end":"2022-05-10T11:29:00.000Z"},"country":"Netherlands","OPM":1,"Total_sales_vol":20.280000686645508,"rate_of_return":0.0}
{"window":{"start":"2022-05-07T12:03:00.000Z","end":"2022-05-07T12:04:00.000Z"},"country":"Germany","OPM":2,"Total_sales_vol":162.0199955701828,"rate_of_return":0.0}
{"window":{"start":"2022-05-07T00:02:00.000Z","end":"2022-05-07T00:03:00.000Z"},"country":"France","OPM":1,"Total_sales_vol":3.2700000405311584,"rate_of_return":0.0}
{"window":{"start":"2022-05-06T07:36:00.000Z","end":"2022-05-06T07:37:00.000Z"},"country":"United Kingdom","OPM":8,"Total_sales_vol":330.8299998641014,"rate_of_return":0.0}
{"window":{"start":"2022-05-07T17:04:00.000Z","end":"2022-05-07T17:05:00.000Z"},"country":"United Kingdom","OPM":10,"Total_sales_vol":369.0900020599365,"rate_of_return":0.0}
{"window":{"start":"2022-05-07T00:04:00.000Z","end":"2022-05-07T00:05:00.000Z"},"country":"United Kingdom","OPM":9,"Total_sales_vol":535.7500019073486,"rate_of_return":0.0}
{"window":{"start":"2022-05-07T11:29:00.000Z","end":"2022-05-07T11:30:00.000Z"},"country":"United Kingdom","OPM":10,"Total_sales_vol":1564.7900044322014,"rate_of_return":0.10256410256410256}
{"window":{"start":"2022-05-08T17:38:00.000Z","end":"2022-05-08T17:39:00.000Z"},"country":"France","OPM":1,"Total_sales_vol":7.070000171661377,"rate_of_return":0.0}
{"window":{"start":"2022-05-06T15:02:00.000Z","end":"2022-05-06T15:03:00.000Z"},"country":"United Kingdom","OPM":11,"Total_sales_vol":932.3900074064732,"rate_of_return":0.043478260869565216}
{"window":{"start":"2022-05-08T12:49:00.000Z","end":"2022-05-08T12:50:00.000Z"},"country":"United Kingdom","OPM":4,"Total_sales_vol":622.360020160675,"rate_of_return":0.0}
{"window":{"start":"2022-05-08T15:46:00.000Z","end":"2022-05-08T15:47:00.000Z"},"country":"United Kingdom","OPM":7,"Total_sales_vol":329.41999864578247,"rate_of_return":0.0}
{"window":{"start":"2022-05-08T13:51:00.000Z","end":"2022-05-08T13:52:00.000Z"},"country":"United Kingdom","OPM":8,"Total_sales_vol":339.72999650239944,"rate_of_return":0.08}
{"window":{"start":"2022-05-06T17:07:00.000Z","end":"2022-05-06T17:08:00.000Z"},"country":"Germany","OPM":1,"Total_sales_vol":83.0999984741211,"rate_of_return":0.0}
{"window":{"start":"2022-05-06T23:08:00.000Z","end":"2022-05-06T23:09:00.000Z"},"country":"Germany","OPM":1,"Total_sales_vol":44.84999942779541,"rate_of_return":0.0}
{"window":{"start":"2022-05-09T10:22:00.000Z","end":"2022-05-09T10:23:00.000Z"},"country":"Germany","OPM":1,"Total_sales_vol":28.77000132203102,"rate_of_return":0.0}
{"window":{"start":"2022-05-07T00:02:00.000Z","end":"2022-05-07T00:03:00.000Z"},"country":"United Kingdom","OPM":10,"Total_sales_vol":569.5299994945526,"rate_of_return":0.0}
{"window":{"start":"2022-05-08T17:14:00.000Z","end":"2022-05-08T17:15:00.000Z"},"country":"Spain","OPM":1,"Total_sales_vol":14.920000076293945,"rate_of_return":0.0}
{"window":{"start":"2022-05-09T13:25:00.000Z","end":"2022-05-09T13:26:00.000Z"},"country":"Netherlands","OPM":1,"Total_sales_vol":50.14999866485596,"rate_of_return":0.0}
{"window":{"start":"2022-05-08T17:18:00.000Z","end":"2022-05-08T17:19:00.000Z"},"country":"Germany","OPM":1,"Total_sales_vol":10.880000114440918,"rate_of_return":0.0}
{"window":{"start":"2022-05-10T07:25:00.000Z","end":"2022-05-10T07:26:00.000Z"},"country":"Netherlands","OPM":1,"Total_sales_vol":47.819998264312744,"rate_of_return":0.0}
