{"window":{"start":"2022-05-09T03:18:00.000Z","end":"2022-05-09T03:19:00.000Z"},"country":"France","OPM":1,"Total_sales_vol":11.990000307559967,"rate_of_return":0.0}
{"window":{"start":"2022-05-08T14:33:00.000Z","end":"2022-05-08T14:34:00.000Z"},"country":"United Kingdom","OPM":9,"Total_sales_vol":550.4699938297272,"rate_of_return":0.0}
{"window":{"start":"2022-05-07T18:31:00.000Z","end":"2022-05-07T18:32:00.000Z"},"country":"Spain","OPM":1,"Total_sales_vol":39.219998598098755,"rate_of_return":0.0}
{"window":{"start":"2022-05-06T12:08:00.000Z","end":"2022-05-06T12:09:00.000Z"},"country":"United Kingdom","OPM":11,"Total_sales_vol":511.53999423980713,"rate_of_return":0.0}
{"window":{"start":"2022-05-06T18:30:00.000Z","end":"2022-05-06T18:31:00.000Z"},"country":"United Kingdom","OPM":12,"Total_sales_vol":568.9499955177307,"rate_of_return":0.10526315789473684}
{"window":{"start":"2022-05-05T22:44:00.000Z","end":"2022-05-05T22:45:00.000Z"},"country":"United Kingdom","OPM":10,"Total_sales_vol":360.89999637007713,"rate_of_return":0.03225806451612903}
{"window":{"start":"2022-05-06T09:34:00.000Z","end":"2022-05-06T09:35:00.000Z"},"country":"France","OPM":1,"Total_sales_vol":233.51999759674072,"rate_of_return":0.0}
{"window":{"start":"2022-05-06T14:21:00.000Z","end":"2022-05-06T14:22:00.000Z"},"country":"United Kingdom","OPM":8,"Total_sales_vol":412.69999611377716,"rate_of_return":0.07407407407407407}
{"window":{"start":"2022-05-08T08:53:00.000Z","end":"2022-05-08T08:54:00.000Z"},"country":"Hong Kong","OPM":1,"Total_sales_vol":68.8799991607666,"rate_of_return":0.0}
{"window":{"start":"2022-05-06T17:04:00.000Z","end":"2022-05-06T17:05:00.000Z"},"country":"United Kingdom","OPM":5,"Total_sales_vol":210.33999601006508,"rate_of_return":0.1111111111111111}
{"window":{"start":"2022-05-09T20:29:00.000Z","end":"2022-05-09T20:30:00.000Z"},"country":"United Kingdom","OPM":8,"Total_sales_vol":179.59000033140182,"rate_of_return":0.09523809523809523}
{"window":{"start":"2022-05-07T06:21:00.000Z","end":"2022-05-07T06:22:00.000Z"},"country":"Belgium","OPM":1,"Total_sales_vol":169.23999965190887,"rate_of_return":0.0}
{"window":{"start":"2022-05-06T22:20:00.000Z","end":"2022-05-06T22:21:00.000Z"},"country":"Germany","OPM":1,"Total_sales_vol":362.6200145483017,"rate_of_return":0.0}
{"window":{"start":"2022-05-07T11:27:00.000Z","end":"2022-05-07T11:28:00.000Z"},"country":"United Kingdom","OPM":10,"Total_sales_vol":489.92998968064785,"rate_of_return":0.0}
{"window":{"start":"2022-05-06T23:29:00.000Z","end":"2022-05-06T23:30:00.000Z"},"country":"United Kingdom","OPM":15,"Total_sales_vol":842.4000000953674,"rate_of_return":0.0}
{"window":{"start":"2022-05-09T20:21:00.000Z","end":"2022-05-09T20:22:00.000Z"},"country":"Germany","OPM":1,"Total_sales_vol":5.009999990463257,"rate_of_return":0.0}
{"window":{"start":"2022-05-09T04:31:00.000Z","end":"2022-05-09T04:32:00.000Z"},"country":"United Kingdom","OPM":11,"Total_sales_vol":490.1599997282028,"rate_of_return":0.0}
{"window":{"start":"2022-05-06T10:23:00.000Z","end":"2022-05-06T10:24:00.000Z"},"country":"EIRE","OPM":1,"Total_sales_vol":48.35000002384186,"rate_of_return":0.0}
{"window":{"start":"2022-05-10T09:12:00.000Z","end":"2022-05-10T09:13:00.000Z"},"country":"EIRE","OPM":1,"Total_sales_vol":26.399999618530273,"rate_of_return":0.0}
{"window":{"start":"2022-05-09T13:50:00.000Z","end":"2022-05-09T13:51:00.000Z"},"country":"United Kingdom","OPM":8,"Total_sales_vol":308.10000717639923,"rate_of_return":0.2222222222222222}
{"window":{"start":"2022-05-09T13:06:00.000Z","end":"2022-05-09T13:07:00.000Z"},"country":"United Kingdom","OPM":7,"Total_sales_vol":359.8300025463104,"rate_of_return":0.0}
{"window":{"start":"2022-05-06T07:47:00.000Z","end":"2022-05-06T07:48:00.000Z"},"country":"Belgium","OPM":1,"Total_sales_vol":-48.78999865055084,"rate_of_return":1.0}
{"window":{"start":"2022-05-09T06:13:00.000Z","end":"2022-05-09T06:14:00.000Z"},"country":"Netherlands","OPM":1,"Total_sales_vol":9.899999618530273,"rate_of_return":0.0}
{"window":{"start":"2022-05-08T01:15:00.000Z","end":"2022-05-08T01:16:00.000Z"},"country":"France","OPM":1,"Total_sales_vol":179.3200079202652,"rate_of_return":0.0}
{"window":{"start":"2022-05-08T04:06:00.000Z","end":"2022-05-08T04:07:00.000Z"},"country":"France","OPM":1,"Total_sales_vol":0.41999998688697815,"rate_of_return":0.0}
{"window":{"start":"2022-05-05T21:32:00.000Z","end":"2022-05-05T21:33:00.000Z"},"country":"United Kingdom","OPM":8,"Total_sales_vol":234.8400045633316,"rate_of_return":0.0}
{"window":{"start":"2022-05-09T02:02:00.000Z","end":"2022-05-09T02:03:00.000Z"},"country":"France","OPM":1,"Total_sales_vol":25.949999809265137,"rate_of_return":0.0}
{"window":{"start":"2022-05-09T09:54:00.000Z","end":"2022-05-09T09:55:00.000Z"},"country":"United Kingdom","OPM":8,"Total_sales_vol":241.919997215271,"rate_of_return":0.0}
{"window":{"start":"2022-05-10T07:40:00.000Z","end":"2022-05-10T07:41:00.000Z"},"country":"United Kingdom","OPM":8,"Total_sales_vol":163.25999516248703,"rate_of_return":0.0625}
{"window":{"start":"2022-05-09T06:37:00.000Z","end":"2022-05-09T06:38:00.000Z"},"country":"United Kingdom","OPM":5,"Total_sales_vol":859.0399861335754,"rate_of_return":0.0}
{"window":{"start":"2022-05-09T13:42:00.000Z","end":"2022-05-09T13:43:00.000Z"},"country":"EIRE","OPM":1,"Total_sales_vol":14.84999942779541,"rate_of_return":0.0}
{"window":{"start":"2022-05-07T05:35:00.000Z","end":"2022-05-07T05:36:00.000Z"},"country":"United Kingdom","OPM":12,"Total_sales_vol":793.1100183725357,"rate_of_return":0.0}
{"window":{"start":"2022-05-06T21:08:00.000Z","end":"2022-05-06T21:09:00.000Z"},"country":"United Kingdom","OPM":16,"Total_sales_vol":476.82000279426575,"rate_of_return":0.0}
{"window":{"start":"2022-05-09T08:03:00.000Z","end":"2022-05-09T08:04:00.000Z"},"country":"France","OPM":1,"Total_sales_vol":15.550000190734863,"rate_of_return":0.0}
{"window":{"start":"2022-05-07T21:07:00.000Z","end":"2022-05-07T21:08:00.000Z"},"country":"United Kingdom","OPM":8,"Total_sales_vol":405.8399900794029,"rate_of_return":0.0}
{"window":{"start":"2022-05-09T18:54:00.000Z","end":"2022-05-09T18:55:00.000Z"},"country":"United Kingdom","OPM":8,"Total_sales_vol":72.02999871969223,"rate_of_return":0.15}
{"window":{"start":"2022-05-08T16:15:00.000Z","end":"2022-05-08T16:16:00.000Z"},"country":"United Kingdom","OPM":9,"Total_sales_vol":1447.340017080307,"rate_of_return":0.28205128205128205}
{"window":{"start":"2022-05-09T07:01:00.000Z","end":"2022-05-09T07:02:00.000Z"},"country":"United Kingdom","OPM":7,"Total_sales_vol":266.9399951696396,"rate_of_return":0.23076923076923078}
{"window":{"start":"2022-05-10T07:53:00.000Z","end":"2022-05-10T07:54:00.000Z"},"country":"United Kingdom","OPM":7,"Total_sales_vol":496.9300047159195,"rate_of_return":0.0}
{"window":{"start":"2022-05-08T22:27:00.000Z","end":"2022-05-08T22:28:00.000Z"},"country":"United Kingdom","OPM":11,"Total_sales_vol":635.4000215530396,"rate_of_return":0.0}
{"window":{"start":"2022-05-09T17:24:00.000Z","end":"2022-05-09T17:25:00.000Z"},"country":"United Kingdom","OPM":4,"Total_sales_vol":363.26000595092773,"rate_of_return":0.2857142857142857}
{"window":{"start":"2022-05-06T12:29:00.000Z","end":"2022-05-06T12:30:00.000Z"},"country":"United Kingdom","OPM":12,"Total_sales_vol":441.18000143766403,"rate_of_return":0.0}
{"window":{"start":"2022-05-06T03:38:00.000Z","end":"2022-05-06T03:39:00.000Z"},"country":"United Kingdom","OPM":10,"Total_sales_vol":955.6500019729137,"rate_of_return":0.0}
{"window":{"start":"2022-05-07T22:56:00.000Z","end":"2022-05-07T22:57:00.000Z"},"country":"United Kingdom","OPM":7,"Total_sales_vol":183.69999885559082,"rate_of_return":0.18181818181818182}
{"window":{"start":"2022-05-08T15:34:00.000Z","end":"2022-05-08T15:35:00.000Z"},"country":"USA","OPM":1,"Total_sales_vol":17.0,"rate_of_return":0.0}
{"window":{"start":"2022-05-07T22:25:00.000Z","end":"2022-05-07T22:26:00.000Z"},"country":"United Kingdom","OPM":10,"Total_sales_vol":85.8699979186058,"rate_of_return":0.25}
{"window":{"start":"2022-05-08T15:24:00.000Z","end":"2022-05-08T15:25:00.000Z"},"country":"Australia","OPM":1,"Total_sales_vol":33.0199990272522,"rate_of_return":0.0}
{"window":{"start":"2022-05-09T03:59:00.000Z","end":"2022-05-09T04:00:00.000Z"},"country":"France","OPM":1,"Total_sales_vol":196.58998775482178,"rate_of_return":0.0}
{"window":{"start":"2022-05-06T01:48:00.000Z","end":"2022-05-06T01:49:00.000Z"},"country":"United Kingdom","OPM":9,"Total_sales_vol":498.54999601840973,"rate_of_return":0.08333333333333333}
{"window":{"start":"2022-05-06T07:07:00.000Z","end":"2022-05-06T07:08:00.000Z"},"country":"Switzerland","OPM":1,"Total_sales_vol":22.499999284744263,"rate_of_return":0.0}
{"window":{"start":"2022-05-08T06:25:00.000Z","end":"2022-05-08T06:26:00.000Z"},"country":"United Kingdom","OPM":14,"Total_sales_vol":657.2200027108192,"rate_of_return":0.0}
{"window":{"start":"2022-05-10T03:02:00.000Z","end":"2022-05-10T03:03:00.000Z"},"country":"United Kingdom","OPM":8,"Total_sales_vol":251.74999821186066,"rate_of_return":0.0}
{"window":{"start":"2022-05-07T08:08:00.000Z","end":"2022-05-07T08:09:00.000Z"},"country":"United Kingdom","OPM":5,"Total_sales_vol":148.34000027179718,"rate_of_return":0.0}
{"window":{"start":"2022-05-09T01:48:00.000Z","end":"2022-05-09T01:49:00.000Z"},"country":"Germany","OPM":1,"Total_sales_vol":4.199999928474426,"rate_of_return":0.0}
{"window":{"start":"2022-05-08T05:40:00.000Z","end":"2022-05-08T05:41:00.000Z"},"country":"Norway","OPM":1,"Total_sales_vol":17.400001525878906,"rate_of_return":0.0}
{"window":{"start":"2022-05-06T01:19:00.000Z","end":"2022-05-06T01:20:00.000Z"},"country":"France","OPM":1,"Total_sales_vol":3.75,"rate_of_return":0.0}
{"window":{"start":"2022-05-08T20:34:00.000Z","end":"2022-05-08T20:35:00.000Z"},"country":"Switzerland","OPM":1,"Total_sales_vol":39.35000038146973,"rate_of_return":0.0}
{"window":{"start":"2022-05-08T22:27:00.000Z","end":"2022-05-08T22:28:00.000Z"},"country":"France","OPM":1,"Total_sales_vol":137.75999808311462,"rate_of_return":0.0}
{"window":{"start":"2022-05-06T08:07:00.000Z","end":"2022-05-06T08:08:00.000Z"},"country":"EIRE","OPM":1,"Total_sales_vol":-70.48999977111816,"rate_of_return":1.0}
{"window":{"start":"2022-05-08T00:07:00.000Z","end":"2022-05-08T00:08:00.000Z"},"country":"United Kingdom","OPM":12,"Total_sales_vol":311.3600013256073,"rate_of_return":0.1875}
{"window":{"start":"2022-05-08T20:41:00.000Z","end":"2022-05-08T20:42:00.000Z"},"country":"United Kingdom","OPM":3,"Total_sales_vol":186.78999996185303,"rate_of_return":0.0}
{"window":{"start":"2022-05-07T04:39:00.000Z","end":"2022-05-07T04:40:00.000Z"},"country":"United Kingdom","OPM":3,"Total_sales_vol":84.99000024795532,"rate_of_return":0.0}
{"window":{"start":"2022-05-07T16:16:00.000Z","end":"2022-05-07T16:17:00.000Z"},"country":"United Kingdom","OPM":9,"Total_sales_vol":440.0599983036518,"rate_of_return":0.0}
