{"window":{"start":"2022-05-10T01:26:00.000Z","end":"2022-05-10T01:27:00.000Z"},"country":"France","OPM":1,"Total_sales_vol":13.049999952316284,"rate_of_return":0.0}
{"window":{"start":"2022-05-07T03:22:00.000Z","end":"2022-05-07T03:23:00.000Z"},"country":"Germany","OPM":1,"Total_sales_vol":12.5,"rate_of_return":0.0}
{"window":{"start":"2022-05-08T22:13:00.000Z","end":"2022-05-08T22:14:00.000Z"},"country":"Sweden","OPM":1,"Total_sales_vol":88.02999913692474,"rate_of_return":0.0}
{"window":{"start":"2022-05-09T19:22:00.000Z","end":"2022-05-09T19:23:00.000Z"},"country":"France","OPM":1,"Total_sales_vol":3.4000000953674316,"rate_of_return":0.0}
{"window":{"start":"2022-05-09T03:04:00.000Z","end":"2022-05-09T03:05:00.000Z"},"country":"United Kingdom","OPM":8,"Total_sales_vol":941.9000450670719,"rate_of_return":0.0}
{"window":{"start":"2022-05-09T09:46:00.000Z","end":"2022-05-09T09:47:00.000Z"},"country":"USA","OPM":1,"Total_sales_vol":66.16000175476074,"rate_of_return":0.0}
{"window":{"start":"2022-05-08T07:09:00.000Z","end":"2022-05-08T07:10:00.000Z"},"country":"United Kingdom","OPM":10,"Total_sales_vol":412.30999356508255,"rate_of_return":0.15}
{"window":{"start":"2022-05-09T12:49:00.000Z","end":"2022-05-09T12:50:00.000Z"},"country":"Australia","OPM":1,"Total_sales_vol":21.600000381469727,"rate_of_return":0.0}
{"window":{"start":"2022-05-09T06:31:00.000Z","end":"2022-05-09T06:32:00.000Z"},"country":"EIRE","OPM":1,"Total_sales_vol":90.17000102996826,"rate_of_return":0.0}
{"window":{"start":"2022-05-09T11:09:00.000Z","end":"2022-05-09T11:10:00.000Z"},"country":"United Kingdom","OPM":8,"Total_sales_vol":311.34000039100647,"rate_of_return":0.2777777777777778}
{"window":{"start":"2022-05-10T07:51:00.000Z","end":"2022-05-10T07:52:00.000Z"},"country":"Hong Kong","OPM":1,"Total_sales_vol":10.200000762939453,"rate_of_return":0.0}
{"window":{"start":"2022-05-07T13:54:00.000Z","end":"2022-05-07T13:55:00.000Z"},"country":"United Kingdom","OPM":4,"Total_sales_vol":491.0700079202652,"rate_of_return":0.0}
{"window":{"start":"2022-05-08T04:05:00.000Z","end":"2022-05-08T04:06:00.000Z"},"country":"EIRE","OPM":1,"Total_sales_vol":4.130000114440918,"rate_of_return":0.0}
{"window":{"start":"2022-05-06T03:47:00.000Z","end":"2022-05-06T03:48:00.000Z"},"country":"Hong Kong","OPM":1,"Total_sales_vol":66.41999936103821,"rate_of_return":0.0}
{"window":{"start":"2022-05-06T15:03:00.000Z","end":"2022-05-06T15:04:00.000Z"},"country":"United Kingdom","OPM":11,"Total_sales_vol":1001.3699778914452,"rate_of_return":0.08108108108108109}
{"window":{"start":"2022-05-08T19:32:00.000Z","end":"2022-05-08T19:33:00.000Z"},"country":"Belgium","OPM":1,"Total_sales_vol":84.7799996137619,"rate_of_return":0.0}
{"window":{"start":"2022-05-10T00:57:00.000Z","end":"2022-05-10T00:58:00.000Z"},"country":"United Kingdom","OPM":10,"Total_sales_vol":684.8200145363808,"rate_of_return":0.0}
{"window":{"start":"2022-05-10T11:48:00.000Z","end":"2022-05-10T11:49:00.000Z"},"country":"EIRE","OPM":1,"Total_sales_vol":95.26999855041504,"rate_of_return":0.0}
{"window":{"start":"2022-05-08T12:56:00.000Z","end":"2022-05-08T12:57:00.000Z"},"country":"EIRE","OPM":1,"Total_sales_vol":22.0,"rate_of_return":0.0}
{"window":{"start":"2022-05-09T18:36:00.000Z","end":"2022-05-09T18:37:00.000Z"},"country":"France","OPM":1,"Total_sales_vol":32.69000053405762,"rate_of_return":0.0}
{"window":{"start":"2022-05-06T11:28:00.000Z","end":"2022-05-06T11:29:00.000Z"},"country":"France","OPM":1,"Total_sales_vol":22.5,"rate_of_return":0.0}
{"window":{"start":"2022-05-10T04:18:00.000Z","end":"2022-05-10T04:19:00.000Z"},"country":"Switzerland","OPM":1,"Total_sales_vol":53.16999822854996,"rate_of_return":0.0}
{"window":{"start":"2022-05-08T07:25:00.000Z","end":"2022-05-08T07:26:00.000Z"},"country":"United Kingdom","OPM":10,"Total_sales_vol":425.750001847744,"rate_of_return":0.0}
{"window":{"start":"2022-05-05T17:27:00.000Z","end":"2022-05-05T17:28:00.000Z"},"country":"Japan","OPM":1,"Total_sales_vol":12.720000267028809,"rate_of_return":0.0}
{"window":{"start":"2022-05-06T18:59:00.000Z","end":"2022-05-06T19:00:00.000Z"},"country":"United Kingdom","OPM":11,"Total_sales_vol":3577.8599896132946,"rate_of_return":0.05263157894736842}
{"window":{"start":"2022-05-07T05:03:00.000Z","end":"2022-05-07T05:04:00.000Z"},"country":"EIRE","OPM":1,"Total_sales_vol":22.699999809265137,"rate_of_return":0.0}
{"window":{"start":"2022-05-09T17:02:00.000Z","end":"2022-05-09T17:03:00.000Z"},"country":"United Kingdom","OPM":8,"Total_sales_vol":169.4100066125393,"rate_of_return":0.1935483870967742}
{"window":{"start":"2022-05-07T01:28:00.000Z","end":"2022-05-07T01:29:00.000Z"},"country":"United Kingdom","OPM":5,"Total_sales_vol":166.21000455319881,"rate_of_return":0.1875}
{"window":{"start":"2022-05-06T23:57:00.000Z","end":"2022-05-06T23:58:00.000Z"},"country":"EIRE","OPM":1,"Total_sales_vol":92.34999775886536,"rate_of_return":0.0}
{"window":{"start":"2022-05-06T08:25:00.000Z","end":"2022-05-06T08:26:00.000Z"},"country":"United Kingdom","OPM":7,"Total_sales_vol":581.2799997925758,"rate_of_return":0.0}
{"window":{"start":"2022-05-05T23:44:00.000Z","end":"2022-05-05T23:45:00.000Z"},"country":"Spain","OPM":1,"Total_sales_vol":132.9199981689453,"rate_of_return":0.0}
{"window":{"start":"2022-05-06T05:54:00.000Z","end":"2022-05-06T05:55:00.000Z"},"country":"United Kingdom","OPM":7,"Total_sales_vol":360.52001732587814,"rate_of_return":0.17647058823529413}
{"window":{"start":"2022-05-05T18:50:00.000Z","end":"2022-05-05T18:51:00.000Z"},"country":"EIRE","OPM":1,"Total_sales_vol":48.20000076293945,"rate_of_return":0.0}
{"window":{"start":"2022-05-06T10:28:00.000Z","end":"2022-05-06T10:29:00.000Z"},"country":"United Kingdom","OPM":7,"Total_sales_vol":617.9400144219398,"rate_of_return":0.0}
{"window":{"start":"2022-05-07T18:38:00.000Z","end":"2022-05-07T18:39:00.000Z"},"country":"United Kingdom","OPM":9,"Total_sales_vol":756.740007430315,"rate_of_return":0.0}
{"window":{"start":"2022-05-09T17:46:00.000Z","end":"2022-05-09T17:47:00.000Z"},"country":"United Kingdom","OPM":12,"Total_sales_vol":603.2999978661537,"rate_of_return":0.0}
{"window":{"start":"2022-05-10T06:02:00.000Z","end":"2022-05-10T06:03:00.000Z"},"country":"Belgium","OPM":1,"Total_sales_vol":30.399999618530273,"rate_of_return":0.0}
{"window":{"start":"2022-05-07T06:35:00.000Z","end":"2022-05-07T06:36:00.000Z"},"country":"United Kingdom","OPM":6,"Total_sales_vol":351.6900055408478,"rate_of_return":0.15384615384615385}
{"window":{"start":"2022-05-07T03:47:00.000Z","end":"2022-05-07T03:48:00.000Z"},"country":"United Kingdom","OPM":11,"Total_sales_vol":593.4499988555908,"rate_of_return":0.0}
{"window":{"start":"2022-05-07T16:48:00.000Z","end":"2022-05-07T16:49:00.000Z"},"country":"Germany","OPM":1,"Total_sales_vol":8.420000076293945,"rate_of_return":0.0}
{"window":{"start":"2022-05-05T22:54:00.000Z","end":"2022-05-05T22:55:00.000Z"},"country":"Austria","OPM":1,"Total_sales_vol":24.59999942779541,"rate_of_return":0.0}
{"window":{"start":"2022-05-08T09:42:00.000Z","end":"2022-05-08T09:43:00.000Z"},"country":"France","OPM":1,"Total_sales_vol":1.7000000476837158,"rate_of_return":0.0}
{"window":{"start":"2022-05-08T00:25:00.000Z","end":"2022-05-08T00:26:00.000Z"},"country":"Germany","OPM":1,"Total_sales_vol":29.69999885559082,"rate_of_return":0.0}
{"window":{"start":"2022-05-07T20:14:00.000Z","end":"2022-05-07T20:15:00.000Z"},"country":"Germany","OPM":1,"Total_sales_vol":22.980000495910645,"rate_of_return":0.0}
{"window":{"start":"2022-05-09T14:23:00.000Z","end":"2022-05-09T14:24:00.000Z"},"country":"EIRE","OPM":1,"Total_sales_vol":109.32999902963638,"rate_of_return":0.0}
{"window":{"start":"2022-05-06T03:04:00.000Z","end":"2022-05-06T03:05:00.000Z"},"country":"United Kingdom","OPM":10,"Total_sales_vol":389.5299985706806,"rate_of_return":0.037037037037037035}
{"window":{"start":"2022-05-08T03:35:00.000Z","end":"2022-05-08T03:36:00.000Z"},"country":"France","OPM":1,"Total_sales_vol":2.4600000381469727,"rate_of_return":0.0}
{"window":{"start":"2022-05-08T04:40:00.000Z","end":"2022-05-08T04:41:00.000Z"},"country":"United Kingdom","OPM":13,"Total_sales_vol":796.5399964153767,"rate_of_return":0.05660377358490566}
{"window":{"start":"2022-05-07T03:19:00.000Z","end":"2022-05-07T03:20:00.000Z"},"country":"Germany","OPM":1,"Total_sales_vol":20.49999964237213,"rate_of_return":0.0}
{"window":{"start":"2022-05-08T18:45:00.000Z","end":"2022-05-08T18:46:00.000Z"},"country":"United Kingdom","OPM":9,"Total_sales_vol":407.80000245571136,"rate_of_return":0.05}
{"window":{"start":"2022-05-07T15:34:00.000Z","end":"2022-05-07T15:35:00.000Z"},"country":"France","OPM":1,"Total_sales_vol":85.68999552726746,"rate_of_return":0.0}
{"window":{"start":"2022-05-07T13:45:00.000Z","end":"2022-05-07T13:46:00.000Z"},"country":"Australia","OPM":1,"Total_sales_vol":3.259999990463257,"rate_of_return":0.0}
{"window":{"start":"2022-05-09T01:52:00.000Z","end":"2022-05-09T01:53:00.000Z"},"country":"France","OPM":1,"Total_sales_vol":11.160000085830688,"rate_of_return":0.0}
{"window":{"start":"2022-05-07T18:04:00.000Z","end":"2022-05-07T18:05:00.000Z"},"country":"Belgium","OPM":1,"Total_sales_vol":18.90000057220459,"rate_of_return":0.0}
{"window":{"start":"2022-05-06T04:41:00.000Z","end":"2022-05-06T04:42:00.000Z"},"country":"EIRE","OPM":1,"Total_sales_vol":43.15999984741211,"rate_of_return":0.0}
{"window":{"start":"2022-05-08T14:36:00.000Z","end":"2022-05-08T14:37:00.000Z"},"country":"United Kingdom","OPM":8,"Total_sales_vol":625.9199987649918,"rate_of_return":0.08695652173913043}
