{"window":{"start":"2022-05-05T16:39:00.000Z","end":"2022-05-05T16:40:00.000Z"},"country":"EIRE","OPM":1,"Total_sales_vol":27.999999523162842,"rate_of_return":0.0}
{"window":{"start":"2022-05-10T02:21:00.000Z","end":"2022-05-10T02:22:00.000Z"},"country":"France","OPM":1,"Total_sales_vol":118.87999939918518,"rate_of_return":0.0}
{"window":{"start":"2022-05-05T21:43:00.000Z","end":"2022-05-05T21:44:00.000Z"},"country":"France","OPM":1,"Total_sales_vol":122.79000091552734,"rate_of_return":0.0}
{"window":{"start":"2022-05-08T14:39:00.000Z","end":"2022-05-08T14:40:00.000Z"},"country":"United Kingdom","OPM":8,"Total_sales_vol":611.8199921250343,"rate_of_return":0.0}
{"window":{"start":"2022-05-06T17:33:00.000Z","end":"2022-05-06T17:34:00.000Z"},"country":"Germany","OPM":1,"Total_sales_vol":4.130000114440918,"rate_of_return":0.0}
{"window":{"start":"2022-05-08T18:48:00.000Z","end":"2022-05-08T18:49:00.000Z"},"country":"United Kingdom","OPM":4,"Total_sales_vol":157.030000269413,"rate_of_return":0.0}
{"window":{"start":"2022-05-10T12:13:00.000Z","end":"2022-05-10T12:14:00.000Z"},"country":"Germany","OPM":1,"Total_sales_vol":19.460000038146973,"rate_of_return":0.0}
{"window":{"start":"2022-05-08T12:56:00.000Z","end":"2022-05-08T12:57:00.000Z"},"country":"Germany","OPM":1,"Total_sales_vol":9.960000038146973,"rate_of_return":0.0}
{"window":{"start":"2022-05-08T06:46:00.000Z","end":"2022-05-08T06:47:00.000Z"},"country":"France","OPM":1,"Total_sales_vol":71.76000118255615,"rate_of_return":0.0}
{"window":{"start":"2022-05-07T08:06:00.000Z","end":"2022-05-07T08:07:00.000Z"},"country":"EIRE","OPM":1,"Total_sales_vol":28.860000610351562,"rate_of_return":0.0}
{"window":{"start":"2022-05-10T09:48:00.000Z","end":"2022-05-10T09:49:00.000Z"},"country":"United Kingdom","OPM":15,"Total_sales_vol":1540.2599856257439,"rate_of_return":0.0}
{"window":{"start":"2022-05-09T01:49:00.000Z","end":"2022-05-09T01:50:00.000Z"},"country":"EIRE","OPM":1,"Total_sales_vol":293.1100058555603,"rate_of_return":0.0}
{"window":{"start":"2022-05-06T05:29:00.000Z","end":"2022-05-06T05:30:00.000Z"},"country":"United Kingdom","OPM":7,"Total_sales_vol":509.19999265670776,"rate_of_return":0.0}
{"window":{"start":"2022-05-07T21:27:00.000Z","end":"2022-05-07T21:28:00.000Z"},"country":"France","OPM":1,"Total_sales_vol":35.24999976158142,"rate_of_return":0.0}
{"window":{"start":"2022-05-09T12:07:00.000Z","end":"2022-05-09T12:08:00.000Z"},"country":"Germany","OPM":1,"Total_sales_vol":31.619998931884766,"rate_of_return":0.0}
{"window":{"start":"2022-05-07T18:16:00.000Z","end":"2022-05-07T18:17:00.000Z"},"country":"EIRE","OPM":1,"Total_sales_vol":-87.47000017762184,"rate_of_return":1.0}
{"window":{"start":"2022-05-08T01:57:00.000Z","end":"2022-05-08T01:58:00.000Z"},"country":"United Kingdom","OPM":3,"Total_sales_vol":216.88000583648682,"rate_of_return":0.0}
{"window":{"start":"2022-05-07T06:06:00.000Z","end":"2022-05-07T06:07:00.000Z"},"country":"France","OPM":1,"Total_sales_vol":80.8600001335144,"rate_of_return":0.0}
{"window":{"start":"2022-05-06T17:21:00.000Z","end":"2022-05-06T17:22:00.000Z"},"country":"Germany","OPM":1,"Total_sales_vol":51.900001525878906,"rate_of_return":0.0}
{"window":{"start":"2022-05-09T13:27:00.000Z","end":"2022-05-09T13:28:00.000Z"},"country":"United Kingdom","OPM":5,"Total_sales_vol":253.37999892234802,"rate_of_return":0.0}
{"window":{"start":"2022-05-08T02:48:00.000Z","end":"2022-05-08T02:49:00.000Z"},"country":"EIRE","OPM":1,"Total_sales_vol":58.43000030517578,"rate_of_return":0.0}
{"window":{"start":"2022-05-09T15:55:00.000Z","end":"2022-05-09T15:56:00.000Z"},"country":"France","OPM":1,"Total_sales_vol":36.089999198913574,"rate_of_return":0.0}
{"window":{"start":"2022-05-08T18:51:00.000Z","end":"2022-05-08T18:52:00.000Z"},"country":"Portugal","OPM":1,"Total_sales_vol":38.079999923706055,"rate_of_return":0.0}
{"window":{"start":"2022-05-08T21:52:00.000Z","end":"2022-05-08T21:53:00.000Z"},"country":"Netherlands","OPM":1,"Total_sales_vol":14.869999885559082,"rate_of_return":0.0}
{"window":{"start":"2022-05-06T04:25:00.000Z","end":"2022-05-06T04:26:00.000Z"},"country":"United Kingdom","OPM":13,"Total_sales_vol":387.62000942230225,"rate_of_return":0.13636363636363635}
{"window":{"start":"2022-05-09T19:34:00.000Z","end":"2022-05-09T19:35:00.000Z"},"country":"United Kingdom","OPM":11,"Total_sales_vol":1012.3999901115894,"rate_of_return":0.0}
{"window":{"start":"2022-05-08T20:00:00.000Z","end":"2022-05-08T20:01:00.000Z"},"country":"United Kingdom","OPM":5,"Total_sales_vol":347.5899946987629,"rate_of_return":0.1}
{"window":{"start":"2022-05-06T04:05:00.000Z","end":"2022-05-06T04:06:00.000Z"},"country":"United Kingdom","OPM":8,"Total_sales_vol":250.970000654459,"rate_of_return":0.0}
{"window":{"start":"2022-05-09T09:03:00.000Z","end":"2022-05-09T09:04:00.000Z"},"country":"United Kingdom","OPM":4,"Total_sales_vol":69.51000106334686,"rate_of_return":0.0}
{"window":{"start":"2022-05-06T11:00:00.000Z","end":"2022-05-06T11:01:00.000Z"},"country":"Germany","OPM":1,"Total_sales_vol":156.98999518156052,"rate_of_return":0.0}
{"window":{"start":"2022-05-09T06:28:00.000Z","end":"2022-05-09T06:29:00.000Z"},"country":"Denmark","OPM":1,"Total_sales_vol":112.38000166416168,"rate_of_return":0.0}
{"window":{"start":"2022-05-08T17:34:00.000Z","end":"2022-05-08T17:35:00.000Z"},"country":"France","OPM":1,"Total_sales_vol":32.230000495910645,"rate_of_return":0.0}
{"window":{"start":"2022-05-07T02:24:00.000Z","end":"2022-05-07T02:25:00.000Z"},"country":"Israel","OPM":1,"Total_sales_vol":38.10999941825867,"rate_of_return":0.0}
{"window":{"start":"2022-05-08T06:02:00.000Z","end":"2022-05-08T06:03:00.000Z"},"country":"EIRE","OPM":1,"Total_sales_vol":1.690000057220459,"rate_of_return":0.0}
{"window":{"start":"2022-05-09T13:14:00.000Z","end":"2022-05-09T13:15:00.000Z"},"country":"Germany","OPM":1,"Total_sales_vol":37.28999996185303,"rate_of_return":0.0}
{"window":{"start":"2022-05-08T08:29:00.000Z","end":"2022-05-08T08:30:00.000Z"},"country":"Switzerland","OPM":1,"Total_sales_vol":106.9599986076355,"rate_of_return":0.0}
{"window":{"start":"2022-05-09T05:03:00.000Z","end":"2022-05-09T05:04:00.000Z"},"country":"United Kingdom","OPM":6,"Total_sales_vol":519.0599771738052,"rate_of_return":0.08333333333333333}
{"window":{"start":"2022-05-08T21:26:00.000Z","end":"2022-05-08T21:27:00.000Z"},"country":"United Kingdom","OPM":6,"Total_sales_vol":365.0300015807152,"rate_of_return":0.0}
{"window":{"start":"2022-05-10T05:53:00.000Z","end":"2022-05-10T05:54:00.000Z"},"country":"Cyprus","OPM":1,"Total_sales_vol":73.87999945878983,"rate_of_return":0.0}
{"window":{"start":"2022-05-06T12:13:00.000Z","end":"2022-05-06T12:14:00.000Z"},"country":"United Kingdom","OPM":9,"Total_sales_vol":738.7599923014641,"rate_of_return":0.0}
{"window":{"start":"2022-05-06T20:04:00.000Z","end":"2022-05-06T20:05:00.000Z"},"country":"France","OPM":1,"Total_sales_vol":46.1200008392334,"rate_of_return":0.0}
{"window":{"start":"2022-05-07T17:36:00.000Z","end":"2022-05-07T17:37:00.000Z"},"country":"United Kingdom","OPM":5,"Total_sales_vol":325.9899930655956,"rate_of_return":0.0}
{"window":{"start":"2022-05-06T09:02:00.000Z","end":"2022-05-06T09:03:00.000Z"},"country":"Germany","OPM":1,"Total_sales_vol":74.65999829769135,"rate_of_return":0.0}
{"window":{"start":"2022-05-10T09:41:00.000Z","end":"2022-05-10T09:42:00.000Z"},"country":"Germany","OPM":1,"Total_sales_vol":14.84999942779541,"rate_of_return":0.0}
{"window":{"start":"2022-05-07T17:46:00.000Z","end":"2022-05-07T17:47:00.000Z"},"country":"United Kingdom","OPM":13,"Total_sales_vol":363.39999520778656,"rate_of_return":0.07142857142857142}
{"window":{"start":"2022-05-07T11:43:00.000Z","end":"2022-05-07T11:44:00.000Z"},"country":"Finland","OPM":1,"Total_sales_vol":56.57999837398529,"rate_of_return":0.0}
{"window":{"start":"2022-05-08T09:03:00.000Z","end":"2022-05-08T09:04:00.000Z"},"country":"Germany","OPM":1,"Total_sales_vol":26.729999899864197,"rate_of_return":0.0}
{"window":{"start":"2022-05-06T23:36:00.000Z","end":"2022-05-06T23:37:00.000Z"},"country":"United Kingdom","OPM":7,"Total_sales_vol":-1049.7199827432632,"rate_of_return":0.18421052631578946}
{"window":{"start":"2022-05-08T21:06:00.000Z","end":"2022-05-08T21:07:00.000Z"},"country":"United Kingdom","OPM":7,"Total_sales_vol":420.8900015950203,"rate_of_return":0.0}
{"window":{"start":"2022-05-07T08:58:00.000Z","end":"2022-05-07T08:59:00.000Z"},"country":"United Kingdom","OPM":14,"Total_sales_vol":482.7799966931343,"rate_of_return":0.05128205128205128}
{"window":{"start":"2022-05-10T02:15:00.000Z","end":"2022-05-10T02:16:00.000Z"},"country":"Germany","OPM":1,"Total_sales_vol":85.74000263214111,"rate_of_return":0.0}
{"window":{"start":"2022-05-09T01:32:00.000Z","end":"2022-05-09T01:33:00.000Z"},"country":"Germany","OPM":1,"Total_sales_vol":29.03999972343445,"rate_of_return":0.0}
{"window":{"start":"2022-05-09T12:28:00.000Z","end":"2022-05-09T12:29:00.000Z"},"country":"United Kingdom","OPM":9,"Total_sales_vol":525.5299975275993,"rate_of_return":0.08163265306122448}
{"window":{"start":"2022-05-10T11:09:00.000Z","end":"2022-05-10T11:10:00.000Z"},"country":"United Kingdom","OPM":10,"Total_sales_vol":367.1900019943714,"rate_of_return":0.12903225806451613}
{"window":{"start":"2022-05-08T08:20:00.000Z","end":"2022-05-08T08:21:00.000Z"},"country":"United Kingdom","OPM":8,"Total_sales_vol":438.58001244068146,"rate_of_return":0.0}
{"window":{"start":"2022-05-05T16:37:00.000Z","end":"2022-05-05T16:38:00.000Z"},"country":"Finland","OPM":1,"Total_sales_vol":93.63000106811523,"rate_of_return":0.0}
