{"window":{"start":"2022-05-05T21:01:00.000Z","end":"2022-05-05T21:02:00.000Z"},"country":"United Kingdom","OPM":10,"Total_sales_vol":482.47999280691147,"rate_of_return":0.0}
{"window":{"start":"2022-05-09T16:53:00.000Z","end":"2022-05-09T16:54:00.000Z"},"country":"United Kingdom","OPM":11,"Total_sales_vol":1510.5899983942509,"rate_of_return":0.16326530612244897}
{"window":{"start":"2022-05-09T20:58:00.000Z","end":"2022-05-09T20:59:00.000Z"},"country":"Spain","OPM":1,"Total_sales_vol":476.0800018310547,"rate_of_return":0.0}
{"window":{"start":"2022-05-06T01:53:00.000Z","end":"2022-05-06T01:54:00.000Z"},"country":"Belgium","OPM":1,"Total_sales_vol":206.450000166893,"rate_of_return":0.0}
{"window":{"start":"2022-05-08T00:12:00.000Z","end":"2022-05-08T00:13:00.000Z"},"country":"United Kingdom","OPM":8,"Total_sales_vol":523.3399907052517,"rate_of_return":0.0}
{"window":{"start":"2022-05-07T08:52:00.000Z","end":"2022-05-07T08:53:00.000Z"},"country":"United Kingdom","OPM":14,"Total_sales_vol":389.3599898815155,"rate_of_return":0.027777777777777776}
{"window":{"start":"2022-05-05T20:52:00.000Z","end":"2022-05-05T20:53:00.000Z"},"country":"United Kingdom","OPM":9,"Total_sales_vol":629.599995136261,"rate_of_return":0.02857142857142857}
{"window":{"start":"2022-05-09T00:49:00.000Z","end":"2022-05-09T00:50:00.000Z"},"country":"United Kingdom","OPM":8,"Total_sales_vol":594.4899992346764,"rate_of_return":0.0}
{"window":{"start":"2022-05-09T00:40:00.000Z","end":"2022-05-09T00:41:00.000Z"},"country":"United Kingdom","OPM":11,"Total_sales_vol":1311.0399778187275,"rate_of_return":0.0}
{"window":{"start":"2022-05-09T12:16:00.000Z","end":"2022-05-09T12:17:00.000Z"},"country":"United Kingdom","OPM":8,"Total_sales_vol":231.71999752521515,"rate_of_return":0.0}
{"window":{"start":"2022-05-08T03:13:00.000Z","end":"2022-05-08T03:14:00.000Z"},"country":"United Kingdom","OPM":10,"Total_sales_vol":686.9299978017807,"rate_of_return":0.0}
{"window":{"start":"2022-05-08T08:43:00.000Z","end":"2022-05-08T08:44:00.000Z"},"country":"United Kingdom","OPM":16,"Total_sales_vol":1332.9800198376179,"rate_of_return":0.03125}
{"window":{"start":"2022-05-09T13:52:00.000Z","end":"2022-05-09T13:53:00.000Z"},"country":"United Kingdom","OPM":4,"Total_sales_vol":418.9600068330765,"rate_of_return":0.0}
{"window":{"start":"2022-05-05T21:55:00.000Z","end":"2022-05-05T21:56:00.000Z"},"country":"United Kingdom","OPM":11,"Total_sales_vol":499.2999977469444,"rate_of_return":0.0}
{"window":{"start":"2022-05-06T16:55:00.000Z","end":"2022-05-06T16:56:00.000Z"},"country":"France","OPM":1,"Total_sales_vol":89.65000009536743,"rate_of_return":0.0}
{"window":{"start":"2022-05-08T11:21:00.000Z","end":"2022-05-08T11:22:00.000Z"},"country":"United Kingdom","OPM":8,"Total_sales_vol":476.4599931240082,"rate_of_return":0.0}
{"window":{"start":"2022-05-10T10:39:00.000Z","end":"2022-05-10T10:40:00.000Z"},"country":"United Kingdom","OPM":5,"Total_sales_vol":487.7900094985962,"rate_of_return":0.0}
{"window":{"start":"2022-05-08T11:51:00.000Z","end":"2022-05-08T11:52:00.000Z"},"country":"United Kingdom","OPM":6,"Total_sales_vol":455.8699961900711,"rate_of_return":0.37142857142857144}
{"window":{"start":"2022-05-09T21:06:00.000Z","end":"2022-05-09T21:07:00.000Z"},"country":"United Kingdom","OPM":7,"Total_sales_vol":465.00998878479004,"rate_of_return":0.10714285714285714}
{"window":{"start":"2022-05-09T20:27:00.000Z","end":"2022-05-09T20:28:00.000Z"},"country":"United Kingdom","OPM":8,"Total_sales_vol":1151.6599817276,"rate_of_return":0.0}
{"window":{"start":"2022-05-09T02:56:00.000Z","end":"2022-05-09T02:57:00.000Z"},"country":"United Kingdom","OPM":7,"Total_sales_vol":261.949994802475,"rate_of_return":0.0}
{"window":{"start":"2022-05-09T22:08:00.000Z","end":"2022-05-09T22:09:00.000Z"},"country":"United Kingdom","OPM":2,"Total_sales_vol":30.630000591278076,"rate_of_return":0.0}
{"window":{"start":"2022-05-07T17:26:00.000Z","end":"2022-05-07T17:27:00.000Z"},"country":"Sweden","OPM":1,"Total_sales_vol":18.649999618530273,"rate_of_return":0.0}
{"window":{"start":"2022-05-09T18:32:00.000Z","end":"2022-05-09T18:33:00.000Z"},"country":"France","OPM":1,"Total_sales_vol":4.25,"rate_of_return":0.0}
{"window":{"start":"2022-05-09T00:50:00.000Z","end":"2022-05-09T00:51:00.000Z"},"country":"United Kingdom","OPM":10,"Total_sales_vol":490.20999959111214,"rate_of_return":0.02702702702702703}
{"window":{"start":"2022-05-07T02:34:00.000Z","end":"2022-05-07T02:35:00.000Z"},"country":"Netherlands","OPM":1,"Total_sales_vol":19.739999771118164,"rate_of_return":0.0}
{"window":{"start":"2022-05-07T02:37:00.000Z","end":"2022-05-07T02:38:00.000Z"},"country":"EIRE","OPM":1,"Total_sales_vol":9.949999809265137,"rate_of_return":0.0}
{"window":{"start":"2022-05-08T23:37:00.000Z","end":"2022-05-08T23:38:00.000Z"},"country":"Hong Kong","OPM":1,"Total_sales_vol":23.15000057220459,"rate_of_return":0.0}
{"window":{"start":"2022-05-08T05:48:00.000Z","end":"2022-05-08T05:49:00.000Z"},"country":"United Kingdom","OPM":16,"Total_sales_vol":979.2000065594912,"rate_of_return":0.0}
{"window":{"start":"2022-05-08T09:00:00.000Z","end":"2022-05-08T09:01:00.000Z"},"country":"Germany","OPM":3,"Total_sales_vol":165.18999433517456,"rate_of_return":0.0}
{"window":{"start":"2022-05-08T23:13:00.000Z","end":"2022-05-08T23:14:00.000Z"},"country":"France","OPM":2,"Total_sales_vol":191.88000106811523,"rate_of_return":0.0}
{"window":{"start":"2022-05-07T03:07:00.000Z","end":"2022-05-07T03:08:00.000Z"},"country":"United Kingdom","OPM":6,"Total_sales_vol":761.1900175213814,"rate_of_return":0.0}
{"window":{"start":"2022-05-10T05:19:00.000Z","end":"2022-05-10T05:20:00.000Z"},"country":"EIRE","OPM":2,"Total_sales_vol":848.9100217819214,"rate_of_return":0.0}
{"window":{"start":"2022-05-06T20:45:00.000Z","end":"2022-05-06T20:46:00.000Z"},"country":"Germany","OPM":1,"Total_sales_vol":383.04000091552734,"rate_of_return":0.0}
{"window":{"start":"2022-05-07T01:12:00.000Z","end":"2022-05-07T01:13:00.000Z"},"country":"United Kingdom","OPM":7,"Total_sales_vol":352.2300066947937,"rate_of_return":0.0}
{"window":{"start":"2022-05-09T13:44:00.000Z","end":"2022-05-09T13:45:00.000Z"},"country":"Switzerland","OPM":1,"Total_sales_vol":12.75,"rate_of_return":0.0}
{"window":{"start":"2022-05-08T07:37:00.000Z","end":"2022-05-08T07:38:00.000Z"},"country":"France","OPM":1,"Total_sales_vol":6.200000047683716,"rate_of_return":0.0}
{"window":{"start":"2022-05-08T07:34:00.000Z","end":"2022-05-08T07:35:00.000Z"},"country":"France","OPM":1,"Total_sales_vol":23.900000393390656,"rate_of_return":0.0}
{"window":{"start":"2022-05-09T01:25:00.000Z","end":"2022-05-09T01:26:00.000Z"},"country":"United Kingdom","OPM":7,"Total_sales_vol":247.97000071406364,"rate_of_return":0.14814814814814814}
{"window":{"start":"2022-05-07T16:22:00.000Z","end":"2022-05-07T16:23:00.000Z"},"country":"United Kingdom","OPM":4,"Total_sales_vol":262.01000276207924,"rate_of_return":0.0}
{"window":{"start":"2022-05-09T15:46:00.000Z","end":"2022-05-09T15:47:00.000Z"},"country":"United Kingdom","OPM":10,"Total_sales_vol":994.2299907207489,"rate_of_return":0.0}
{"window":{"start":"2022-05-06T09:21:00.000Z","end":"2022-05-06T09:22:00.000Z"},"country":"United Kingdom","OPM":16,"Total_sales_vol":6677.1499753296375,"rate_of_return":0.0}
{"window":{"start":"2022-05-10T12:06:00.000Z","end":"2022-05-10T12:07:00.000Z"},"country":"United Kingdom","OPM":2,"Total_sales_vol":152.43999981880188,"rate_of_return":0.0}
{"window":{"start":"2022-05-08T01:31:00.000Z","end":"2022-05-08T01:32:00.000Z"},"country":"United Kingdom","OPM":10,"Total_sales_vol":730.0600048303604,"rate_of_return":0.02631578947368421}
{"window":{"start":"2022-05-07T23:54:00.000Z","end":"2022-05-07T23:55:00.000Z"},"country":"EIRE","OPM":1,"Total_sales_vol":22.359999656677246,"rate_of_return":0.0}
{"window":{"start":"2022-05-08T18:44:00.000Z","end":"2022-05-08T18:45:00.000Z"},"country":"France","OPM":1,"Total_sales_vol":83.1000030040741,"rate_of_return":0.0}
{"window":{"start":"2022-05-07T05:23:00.000Z","end":"2022-05-07T05:24:00.000Z"},"country":"United Kingdom","OPM":7,"Total_sales_vol":804.059983342886,"rate_of_return":0.0}
{"window":{"start":"2022-05-07T21:38:00.000Z","end":"2022-05-07T21:39:00.000Z"},"country":"EIRE","OPM":1,"Total_sales_vol":331.3500019311905,"rate_of_return":0.0}
{"window":{"start":"2022-05-09T21:21:00.000Z","end":"2022-05-09T21:22:00.000Z"},"country":"United Kingdom","OPM":12,"Total_sales_vol":614.9200040996075,"rate_of_return":0.0}
{"window":{"start":"2022-05-07T18:04:00.000Z","end":"2022-05-07T18:05:00.000Z"},"country":"United Kingdom","OPM":12,"Total_sales_vol":256.2900083065033,"rate_of_return":0.16666666666666666}
{"window":{"start":"2022-05-09T18:46:00.000Z","end":"2022-05-09T18:47:00.000Z"},"country":"United Kingdom","OPM":6,"Total_sales_vol":355.68000465631485,"rate_of_return":0.0}
{"window":{"start":"2022-05-07T11:59:00.000Z","end":"2022-05-07T12:00:00.000Z"},"country":"Portugal","OPM":1,"Total_sales_vol":-225.35000348091125,"rate_of_return":1.0}
{"window":{"start":"2022-05-10T10:10:00.000Z","end":"2022-05-10T10:11:00.000Z"},"country":"United Kingdom","OPM":11,"Total_sales_vol":691.2099960148335,"rate_of_return":0.037037037037037035}
{"window":{"start":"2022-05-09T06:55:00.000Z","end":"2022-05-09T06:56:00.000Z"},"country":"United Kingdom","OPM":14,"Total_sales_vol":806.8600014448166,"rate_of_return":0.0}
{"window":{"start":"2022-05-07T05:51:00.000Z","end":"2022-05-07T05:52:00.000Z"},"country":"United Kingdom","OPM":15,"Total_sales_vol":939.7299873828888,"rate_of_return":0.0}
{"window":{"start":"2022-05-05T18:06:00.000Z","end":"2022-05-05T18:07:00.000Z"},"country":"United Kingdom","OPM":16,"Total_sales_vol":1299.3799847960472,"rate_of_return":0.06153846153846154}
{"window":{"start":"2022-05-07T00:37:00.000Z","end":"2022-05-07T00:38:00.000Z"},"country":"United Kingdom","OPM":14,"Total_sales_vol":1035.7099915742874,"rate_of_return":0.0}
{"window":{"start":"2022-05-08T08:09:00.000Z","end":"2022-05-08T08:10:00.000Z"},"country":"United Kingdom","OPM":5,"Total_sales_vol":323.4799976348877,"rate_of_return":0.06666666666666667}
