{"window":{"start":"2022-05-08T02:24:00.000Z","end":"2022-05-08T02:25:00.000Z"},"country":"United Kingdom","OPM":10,"Total_sales_vol":848.6100005209446,"rate_of_return":0.09090909090909091}
{"window":{"start":"2022-05-06T06:18:00.000Z","end":"2022-05-06T06:19:00.000Z"},"country":"United Kingdom","OPM":7,"Total_sales_vol":865.0199999809265,"rate_of_return":0.0}
{"window":{"start":"2022-05-05T23:18:00.000Z","end":"2022-05-05T23:19:00.000Z"},"country":"United Kingdom","OPM":14,"Total_sales_vol":1864.5199903845787,"rate_of_return":0.0}
{"window":{"start":"2022-05-06T20:08:00.000Z","end":"2022-05-06T20:09:00.000Z"},"country":"Poland","OPM":1,"Total_sales_vol":46.05999934673309,"rate_of_return":0.0}
{"window":{"start":"2022-05-10T05:38:00.000Z","end":"2022-05-10T05:39:00.000Z"},"country":"United Kingdom","OPM":9,"Total_sales_vol":295.30999451875687,"rate_of_return":0.047619047619047616}
{"window":{"start":"2022-05-10T07:01:00.000Z","end":"2022-05-10T07:02:00.000Z"},"country":"United Kingdom","OPM":14,"Total_sales_vol":1901.6799581050873,"rate_of_return":0.0}
{"window":{"start":"2022-05-07T08:30:00.000Z","end":"2022-05-07T08:31:00.000Z"},"country":"Australia","OPM":1,"Total_sales_vol":421.4599838256836,"rate_of_return":0.0}
{"window":{"start":"2022-05-09T04:35:00.000Z","end":"2022-05-09T04:36:00.000Z"},"country":"Netherlands","OPM":1,"Total_sales_vol":44.339999198913574,"rate_of_return":0.0}
{"window":{"start":"2022-05-06T17:24:00.000Z","end":"2022-05-06T17:25:00.000Z"},"country":"Germany","OPM":1,"Total_sales_vol":162.66000199317932,"rate_of_return":0.0}
{"window":{"start":"2022-05-08T08:23:00.000Z","end":"2022-05-08T08:24:00.000Z"},"country":"Unspecified","OPM":1,"Total_sales_vol":14.199999570846558,"rate_of_return":0.0}
{"window":{"start":"2022-05-06T08:04:00.000Z","end":"2022-05-06T08:05:00.000Z"},"country":"Germany","OPM":3,"Total_sales_vol":55.30000004172325,"rate_of_return":0.25}
{"window":{"start":"2022-05-10T05:02:00.000Z","end":"2022-05-10T05:03:00.000Z"},"country":"Spain","OPM":1,"Total_sales_vol":34.35000038146973,"rate_of_return":0.0}
{"window":{"start":"2022-05-09T19:44:00.000Z","end":"2022-05-09T19:45:00.000Z"},"country":"United Kingdom","OPM":7,"Total_sales_vol":260.40000370144844,"rate_of_return":0.3225806451612903}
{"window":{"start":"2022-05-10T00:00:00.000Z","end":"2022-05-10T00:01:00.000Z"},"country":"United Kingdom","OPM":3,"Total_sales_vol":106.41000080108643,"rate_of_return":0.0}
{"window":{"start":"2022-05-05T23:37:00.000Z","end":"2022-05-05T23:38:00.000Z"},"country":"United Kingdom","OPM":12,"Total_sales_vol":614.0700093209743,"rate_of_return":0.0}
{"window":{"start":"2022-05-07T11:49:00.000Z","end":"2022-05-07T11:50:00.000Z"},"country":"Spain","OPM":1,"Total_sales_vol":42.30000114440918,"rate_of_return":0.0}
{"window":{"start":"2022-05-08T17:09:00.000Z","end":"2022-05-08T17:10:00.000Z"},"country":"United Kingdom","OPM":14,"Total_sales_vol":554.2100035250187,"rate_of_return":0.03773584905660377}
{"window":{"start":"2022-05-08T14:45:00.000Z","end":"2022-05-08T14:46:00.000Z"},"country":"United Kingdom","OPM":12,"Total_sales_vol":1482.959993004799,"rate_of_return":0.0}
{"window":{"start":"2022-05-10T06:10:00.000Z","end":"2022-05-10T06:11:00.000Z"},"country":"United Kingdom","OPM":12,"Total_sales_vol":1081.110005736351,"rate_of_return":0.07142857142857142}
{"window":{"start":"2022-05-08T22:07:00.000Z","end":"2022-05-08T22:08:00.000Z"},"country":"United Kingdom","OPM":10,"Total_sales_vol":372.81999200582504,"rate_of_return":0.16666666666666666}
{"window":{"start":"2022-05-10T03:35:00.000Z","end":"2022-05-10T03:36:00.000Z"},"country":"United Kingdom","OPM":12,"Total_sales_vol":1888.6399931907654,"rate_of_return":0.0}
{"window":{"start":"2022-05-07T12:20:00.000Z","end":"2022-05-07T12:21:00.000Z"},"country":"France","OPM":1,"Total_sales_vol":54.81999659538269,"rate_of_return":0.0}
{"window":{"start":"2022-05-09T04:25:00.000Z","end":"2022-05-09T04:26:00.000Z"},"country":"Germany","OPM":1,"Total_sales_vol":5.900000095367432,"rate_of_return":0.0}
{"window":{"start":"2022-05-10T06:28:00.000Z","end":"2022-05-10T06:29:00.000Z"},"country":"Australia","OPM":1,"Total_sales_vol":162.65999567508698,"rate_of_return":0.0}
{"window":{"start":"2022-05-07T01:35:00.000Z","end":"2022-05-07T01:36:00.000Z"},"country":"United Kingdom","OPM":15,"Total_sales_vol":318.8800057768822,"rate_of_return":0.18181818181818182}
{"window":{"start":"2022-05-06T23:34:00.000Z","end":"2022-05-06T23:35:00.000Z"},"country":"United Kingdom","OPM":8,"Total_sales_vol":425.47999358177185,"rate_of_return":0.06666666666666667}
{"window":{"start":"2022-05-10T05:21:00.000Z","end":"2022-05-10T05:22:00.000Z"},"country":"United Kingdom","OPM":9,"Total_sales_vol":303.36999785900116,"rate_of_return":0.05263157894736842}
{"window":{"start":"2022-05-09T15:42:00.000Z","end":"2022-05-09T15:43:00.000Z"},"country":"Portugal","OPM":1,"Total_sales_vol":18.55000078678131,"rate_of_return":0.0}
{"window":{"start":"2022-05-09T09:46:00.000Z","end":"2022-05-09T09:47:00.000Z"},"country":"France","OPM":1,"Total_sales_vol":10.5,"rate_of_return":0.0}
{"window":{"start":"2022-05-07T13:42:00.000Z","end":"2022-05-07T13:43:00.000Z"},"country":"United Kingdom","OPM":10,"Total_sales_vol":611.2100010514259,"rate_of_return":0.0}
{"window":{"start":"2022-05-08T06:50:00.000Z","end":"2022-05-08T06:51:00.000Z"},"country":"France","OPM":1,"Total_sales_vol":49.600003242492676,"rate_of_return":0.0}
{"window":{"start":"2022-05-07T02:16:00.000Z","end":"2022-05-07T02:17:00.000Z"},"country":"Switzerland","OPM":1,"Total_sales_vol":127.61999905109406,"rate_of_return":0.0}
{"window":{"start":"2022-05-07T02:50:00.000Z","end":"2022-05-07T02:51:00.000Z"},"country":"Belgium","OPM":1,"Total_sales_vol":8.32000008225441,"rate_of_return":0.0}
{"window":{"start":"2022-05-09T00:41:00.000Z","end":"2022-05-09T00:42:00.000Z"},"country":"EIRE","OPM":1,"Total_sales_vol":5.050000190734863,"rate_of_return":0.0}
{"window":{"start":"2022-05-08T16:02:00.000Z","end":"2022-05-08T16:03:00.000Z"},"country":"Unspecified","OPM":1,"Total_sales_vol":38.09000062942505,"rate_of_return":0.0}
{"window":{"start":"2022-05-09T01:48:00.000Z","end":"2022-05-09T01:49:00.000Z"},"country":"United Kingdom","OPM":13,"Total_sales_vol":305.6899984776974,"rate_of_return":0.06060606060606061}
{"window":{"start":"2022-05-08T22:20:00.000Z","end":"2022-05-08T22:21:00.000Z"},"country":"France","OPM":1,"Total_sales_vol":57.00999879837036,"rate_of_return":0.0}
{"window":{"start":"2022-05-10T11:52:00.000Z","end":"2022-05-10T11:53:00.000Z"},"country":"United Kingdom","OPM":7,"Total_sales_vol":2445.269964337349,"rate_of_return":0.0}
{"window":{"start":"2022-05-07T12:44:00.000Z","end":"2022-05-07T12:45:00.000Z"},"country":"United Kingdom","OPM":14,"Total_sales_vol":1374.0299699306488,"rate_of_return":0.0}
{"window":{"start":"2022-05-09T18:42:00.000Z","end":"2022-05-09T18:43:00.000Z"},"country":"France","OPM":1,"Total_sales_vol":99.35999965667725,"rate_of_return":0.0}
{"window":{"start":"2022-05-09T05:42:00.000Z","end":"2022-05-09T05:43:00.000Z"},"country":"United Kingdom","OPM":11,"Total_sales_vol":713.379987090826,"rate_of_return":0.12121212121212122}
{"window":{"start":"2022-05-07T01:04:00.000Z","end":"2022-05-07T01:05:00.000Z"},"country":"France","OPM":1,"Total_sales_vol":9.049999713897705,"rate_of_return":0.0}
{"window":{"start":"2022-05-06T17:23:00.000Z","end":"2022-05-06T17:24:00.000Z"},"country":"United Kingdom","OPM":10,"Total_sales_vol":568.2099895477295,"rate_of_return":0.0}
{"window":{"start":"2022-05-07T11:02:00.000Z","end":"2022-05-07T11:03:00.000Z"},"country":"United Kingdom","OPM":7,"Total_sales_vol":758.309973359108,"rate_of_return":0.0}
{"window":{"start":"2022-05-07T01:24:00.000Z","end":"2022-05-07T01:25:00.000Z"},"country":"Norway","OPM":1,"Total_sales_vol":36.67999994754791,"rate_of_return":0.0}
{"window":{"start":"2022-05-09T11:04:00.000Z","end":"2022-05-09T11:05:00.000Z"},"country":"Australia","OPM":1,"Total_sales_vol":107.58999943733215,"rate_of_return":0.0}
{"window":{"start":"2022-05-08T18:27:00.000Z","end":"2022-05-08T18:28:00.000Z"},"country":"EIRE","OPM":1,"Total_sales_vol":8.449999988079071,"rate_of_return":0.0}
{"window":{"start":"2022-05-08T09:40:00.000Z","end":"2022-05-08T09:41:00.000Z"},"country":"United Kingdom","OPM":9,"Total_sales_vol":268.53000009059906,"rate_of_return":0.045454545454545456}
{"window":{"start":"2022-05-09T04:21:00.000Z","end":"2022-05-09T04:22:00.000Z"},"country":"United Kingdom","OPM":6,"Total_sales_vol":467.5500147342682,"rate_of_return":0.375}
{"window":{"start":"2022-05-09T02:05:00.000Z","end":"2022-05-09T02:06:00.000Z"},"country":"United Kingdom","OPM":9,"Total_sales_vol":510.5399794578552,"rate_of_return":0.0}
{"window":{"start":"2022-05-09T12:06:00.000Z","end":"2022-05-09T12:07:00.000Z"},"country":"Channel Islands","OPM":1,"Total_sales_vol":10.259999752044678,"rate_of_return":0.0}
{"window":{"start":"2022-05-07T05:57:00.000Z","end":"2022-05-07T05:58:00.000Z"},"country":"United Kingdom","OPM":9,"Total_sales_vol":438.4599923193455,"rate_of_return":0.0}
{"window":{"start":"2022-05-10T01:59:00.000Z","end":"2022-05-10T02:00:00.000Z"},"country":"United Kingdom","OPM":10,"Total_sales_vol":475.9200015068054,"rate_of_return":0.0}
{"window":{"start":"2022-05-09T15:18:00.000Z","end":"2022-05-09T15:19:00.000Z"},"country":"United Kingdom","OPM":6,"Total_sales_vol":540.5500009059906,"rate_of_return":0.0}
{"window":{"start":"2022-05-06T10:57:00.000Z","end":"2022-05-06T10:58:00.000Z"},"country":"France","OPM":1,"Total_sales_vol":101.9499980211258,"rate_of_return":0.0}
{"window":{"start":"2022-05-07T14:36:00.000Z","end":"2022-05-07T14:37:00.000Z"},"country":"United Kingdom","OPM":6,"Total_sales_vol":423.550007045269,"rate_of_return":0.0}
{"window":{"start":"2022-05-06T21:54:00.000Z","end":"2022-05-06T21:55:00.000Z"},"country":"EIRE","OPM":1,"Total_sales_vol":25.950000762939453,"rate_of_return":0.0}
{"window":{"start":"2022-05-07T21:13:00.000Z","end":"2022-05-07T21:14:00.000Z"},"country":"EIRE","OPM":1,"Total_sales_vol":40.53000068664551,"rate_of_return":0.0}
{"window":{"start":"2022-05-08T01:09:00.000Z","end":"2022-05-08T01:10:00.000Z"},"country":"EIRE","OPM":1,"Total_sales_vol":10.0,"rate_of_return":0.0}
{"window":{"start":"2022-05-09T05:54:00.000Z","end":"2022-05-09T05:55:00.000Z"},"country":"United Kingdom","OPM":4,"Total_sales_vol":108.58999943733215,"rate_of_return":0.0}
{"window":{"start":"2022-05-09T20:56:00.000Z","end":"2022-05-09T20:57:00.000Z"},"country":"Switzerland","OPM":1,"Total_sales_vol":190.92000579833984,"rate_of_return":0.0}
{"window":{"start":"2022-05-08T17:53:00.000Z","end":"2022-05-08T17:54:00.000Z"},"country":"United Kingdom","OPM":7,"Total_sales_vol":796.3100000023842,"rate_of_return":0.0}
{"window":{"start":"2022-05-09T16:07:00.000Z","end":"2022-05-09T16:08:00.000Z"},"country":"United Kingdom","OPM":7,"Total_sales_vol":535.6300112009048,"rate_of_return":0.0}
{"window":{"start":"2022-05-09T05:20:00.000Z","end":"2022-05-09T05:21:00.000Z"},"country":"Finland","OPM":1,"Total_sales_vol":40.68000042438507,"rate_of_return":0.0}
{"window":{"start":"2022-05-08T02:33:00.000Z","end":"2022-05-08T02:34:00.000Z"},"country":"France","OPM":1,"Total_sales_vol":15.0,"rate_of_return":0.0}
{"window":{"start":"2022-05-08T07:50:00.000Z","end":"2022-05-08T07:51:00.000Z"},"country":"United Kingdom","OPM":8,"Total_sales_vol":775.8499987721443,"rate_of_return":0.0}
{"window":{"start":"2022-05-10T02:56:00.000Z","end":"2022-05-10T02:57:00.000Z"},"country":"United Kingdom","OPM":6,"Total_sales_vol":328.6500024199486,"rate_of_return":0.0}
{"window":{"start":"2022-05-07T17:37:00.000Z","end":"2022-05-07T17:38:00.000Z"},"country":"United Kingdom","OPM":8,"Total_sales_vol":752.3000004291534,"rate_of_return":0.0}
{"window":{"start":"2022-05-05T20:33:00.000Z","end":"2022-05-05T20:34:00.000Z"},"country":"United Kingdom","OPM":11,"Total_sales_vol":480.8899984359741,"rate_of_return":0.0}
{"window":{"start":"2022-05-06T22:15:00.000Z","end":"2022-05-06T22:16:00.000Z"},"country":"United Kingdom","OPM":9,"Total_sales_vol":123.70000237226486,"rate_of_return":0.23076923076923078}
{"window":{"start":"2022-05-09T03:16:00.000Z","end":"2022-05-09T03:17:00.000Z"},"country":"United Kingdom","OPM":15,"Total_sales_vol":1310.4799974262714,"rate_of_return":0.07017543859649122}
