{"window":{"start":"2022-05-06T07:34:00.000Z","end":"2022-05-06T07:35:00.000Z"},"country":"France","OPM":1,"Total_sales_vol":-15.410000324249268,"rate_of_return":1.0}
{"window":{"start":"2022-05-05T21:02:00.000Z","end":"2022-05-05T21:03:00.000Z"},"country":"United Kingdom","OPM":4,"Total_sales_vol":-69.17000043392181,"rate_of_return":0.16666666666666666}
{"window":{"start":"2022-05-09T21:53:00.000Z","end":"2022-05-09T21:54:00.000Z"},"country":"United Kingdom","OPM":14,"Total_sales_vol":659.870009303093,"rate_of_return":0.0}
{"window":{"start":"2022-05-06T02:22:00.000Z","end":"2022-05-06T02:23:00.000Z"},"country":"Netherlands","OPM":1,"Total_sales_vol":145.8500007390976,"rate_of_return":0.0}
{"window":{"start":"2022-05-07T09:51:00.000Z","end":"2022-05-07T09:52:00.000Z"},"country":"United Kingdom","OPM":11,"Total_sales_vol":806.1900088787079,"rate_of_return":0.02564102564102564}
{"window":{"start":"2022-05-08T17:50:00.000Z","end":"2022-05-08T17:51:00.000Z"},"country":"Netherlands","OPM":1,"Total_sales_vol":3.299999952316284,"rate_of_return":0.0}
{"window":{"start":"2022-05-09T10:39:00.000Z","end":"2022-05-09T10:40:00.000Z"},"country":"United Kingdom","OPM":8,"Total_sales_vol":383.69999811053276,"rate_of_return":0.0}
{"window":{"start":"2022-05-09T16:26:00.000Z","end":"2022-05-09T16:27:00.000Z"},"country":"Italy","OPM":1,"Total_sales_vol":23.44000005722046,"rate_of_return":0.0}
{"window":{"start":"2022-05-09T22:49:00.000Z","end":"2022-05-09T22:50:00.000Z"},"country":"Portugal","OPM":1,"Total_sales_vol":1.6299999952316284,"rate_of_return":0.0}
{"window":{"start":"2022-05-06T02:33:00.000Z","end":"2022-05-06T02:34:00.000Z"},"country":"United Kingdom","OPM":12,"Total_sales_vol":630.3899995088577,"rate_of_return":0.0}
{"window":{"start":"2022-05-08T10:02:00.000Z","end":"2022-05-08T10:03:00.000Z"},"country":"EIRE","OPM":1,"Total_sales_vol":16.450000047683716,"rate_of_return":0.0}
{"window":{"start":"2022-05-09T11:35:00.000Z","end":"2022-05-09T11:36:00.000Z"},"country":"Germany","OPM":1,"Total_sales_vol":89.00000059604645,"rate_of_return":0.0}
{"window":{"start":"2022-05-10T10:02:00.000Z","end":"2022-05-10T10:03:00.000Z"},"country":"United Kingdom","OPM":14,"Total_sales_vol":651.4899902045727,"rate_of_return":0.0}
{"window":{"start":"2022-05-05T23:28:00.000Z","end":"2022-05-05T23:29:00.000Z"},"country":"United Kingdom","OPM":13,"Total_sales_vol":635.329998254776,"rate_of_return":0.0}
{"window":{"start":"2022-05-09T19:16:00.000Z","end":"2022-05-09T19:17:00.000Z"},"country":"United Kingdom","OPM":12,"Total_sales_vol":1113.5000008642673,"rate_of_return":0.0}
{"window":{"start":"2022-05-07T07:14:00.000Z","end":"2022-05-07T07:15:00.000Z"},"country":"United Kingdom","OPM":8,"Total_sales_vol":486.7199985086918,"rate_of_return":0.08695652173913043}
{"window":{"start":"2022-05-07T12:52:00.000Z","end":"2022-05-07T12:53:00.000Z"},"country":"EIRE","OPM":1,"Total_sales_vol":64.60999989509583,"rate_of_return":0.0}
{"window":{"start":"2022-05-08T18:06:00.000Z","end":"2022-05-08T18:07:00.000Z"},"country":"United Kingdom","OPM":12,"Total_sales_vol":2109.0100021511316,"rate_of_return":0.0}
{"window":{"start":"2022-05-08T20:27:00.000Z","end":"2022-05-08T20:28:00.000Z"},"country":"United Kingdom","OPM":2,"Total_sales_vol":-192.38000202178955,"rate_of_return":0.9}
{"window":{"start":"2022-05-06T14:39:00.000Z","end":"2022-05-06T14:40:00.000Z"},"country":"Unspecified","OPM":1,"Total_sales_vol":87.9000015258789,"rate_of_return":0.0}
{"window":{"start":"2022-05-07T11:08:00.000Z","end":"2022-05-07T11:09:00.000Z"},"country":"EIRE","OPM":1,"Total_sales_vol":24.900001525878906,"rate_of_return":0.0}
{"window":{"start":"2022-05-06T22:18:00.000Z","end":"2022-05-06T22:19:00.000Z"},"country":"United Kingdom","OPM":7,"Total_sales_vol":263.28999876976013,"rate_of_return":0.03225806451612903}
{"window":{"start":"2022-05-08T06:05:00.000Z","end":"2022-05-08T06:06:00.000Z"},"country":"United Kingdom","OPM":7,"Total_sales_vol":247.6100001335144,"rate_of_return":0.0}
{"window":{"start":"2022-05-06T12:27:00.000Z","end":"2022-05-06T12:28:00.000Z"},"country":"France","OPM":1,"Total_sales_vol":12.65000057220459,"rate_of_return":0.0}
{"window":{"start":"2022-05-09T02:14:00.000Z","end":"2022-05-09T02:15:00.000Z"},"country":"Belgium","OPM":1,"Total_sales_vol":4.949999809265137,"rate_of_return":0.0}
{"window":{"start":"2022-05-07T13:46:00.000Z","end":"2022-05-07T13:47:00.000Z"},"country":"United Kingdom","OPM":15,"Total_sales_vol":871.8600017428398,"rate_of_return":0.02702702702702703}
{"window":{"start":"2022-05-07T04:29:00.000Z","end":"2022-05-07T04:30:00.000Z"},"country":"Germany","OPM":1,"Total_sales_vol":10.15000033378601,"rate_of_return":0.0}
{"window":{"start":"2022-05-06T22:51:00.000Z","end":"2022-05-06T22:52:00.000Z"},"country":"United Kingdom","OPM":2,"Total_sales_vol":122.88000106811523,"rate_of_return":0.0}
{"window":{"start":"2022-05-06T11:11:00.000Z","end":"2022-05-06T11:12:00.000Z"},"country":"United Kingdom","OPM":5,"Total_sales_vol":534.8000056743622,"rate_of_return":0.0}
{"window":{"start":"2022-05-09T19:17:00.000Z","end":"2022-05-09T19:18:00.000Z"},"country":"United Kingdom","OPM":12,"Total_sales_vol":690.7000167965889,"rate_of_return":0.1111111111111111}
{"window":{"start":"2022-05-07T05:09:00.000Z","end":"2022-05-07T05:10:00.000Z"},"country":"Germany","OPM":1,"Total_sales_vol":89.01999759674072,"rate_of_return":0.0}
{"window":{"start":"2022-05-06T03:30:00.000Z","end":"2022-05-06T03:31:00.000Z"},"country":"United Kingdom","OPM":4,"Total_sales_vol":201.73000013828278,"rate_of_return":0.0}
{"window":{"start":"2022-05-05T19:51:00.000Z","end":"2022-05-05T19:52:00.000Z"},"country":"Channel Islands","OPM":1,"Total_sales_vol":15.139999985694885,"rate_of_return":0.0}
{"window":{"start":"2022-05-06T08:30:00.000Z","end":"2022-05-06T08:31:00.000Z"},"country":"Belgium","OPM":1,"Total_sales_vol":155.55999875068665,"rate_of_return":0.0}
{"window":{"start":"2022-05-07T04:15:00.000Z","end":"2022-05-07T04:16:00.000Z"},"country":"United Kingdom","OPM":12,"Total_sales_vol":878.6500090360641,"rate_of_return":0.0}
{"window":{"start":"2022-05-07T05:57:00.000Z","end":"2022-05-07T05:58:00.000Z"},"country":"Belgium","OPM":1,"Total_sales_vol":33.739999294281006,"rate_of_return":0.0}
{"window":{"start":"2022-05-07T12:53:00.000Z","end":"2022-05-07T12:54:00.000Z"},"country":"EIRE","OPM":1,"Total_sales_vol":873.9999885559082,"rate_of_return":0.0}
{"window":{"start":"2022-05-09T15:50:00.000Z","end":"2022-05-09T15:51:00.000Z"},"country":"United Kingdom","OPM":7,"Total_sales_vol":573.6500022411346,"rate_of_return":0.0}
{"window":{"start":"2022-05-07T09:15:00.000Z","end":"2022-05-07T09:16:00.000Z"},"country":"United Kingdom","OPM":5,"Total_sales_vol":96.05999886989594,"rate_of_return":0.0}
{"window":{"start":"2022-05-08T06:15:00.000Z","end":"2022-05-08T06:16:00.000Z"},"country":"Spain","OPM":1,"Total_sales_vol":-61.980000138282776,"rate_of_return":1.0}
{"window":{"start":"2022-05-08T14:19:00.000Z","end":"2022-05-08T14:20:00.000Z"},"country":"France","OPM":1,"Total_sales_vol":105.28999984264374,"rate_of_return":0.0}
{"window":{"start":"2022-05-08T23:06:00.000Z","end":"2022-05-08T23:07:00.000Z"},"country":"United Kingdom","OPM":13,"Total_sales_vol":591.389997780323,"rate_of_return":0.0}
{"window":{"start":"2022-05-05T21:07:00.000Z","end":"2022-05-05T21:08:00.000Z"},"country":"United Kingdom","OPM":12,"Total_sales_vol":865.639986038208,"rate_of_return":0.0}
{"window":{"start":"2022-05-10T12:02:00.000Z","end":"2022-05-10T12:03:00.000Z"},"country":"Greece","OPM":1,"Total_sales_vol":79.0099995136261,"rate_of_return":0.0}
{"window":{"start":"2022-05-09T03:40:00.000Z","end":"2022-05-09T03:41:00.000Z"},"country":"United Kingdom","OPM":7,"Total_sales_vol":438.0299978852272,"rate_of_return":0.0}
{"window":{"start":"2022-05-06T00:37:00.000Z","end":"2022-05-06T00:38:00.000Z"},"country":"Cyprus","OPM":1,"Total_sales_vol":79.31999921798706,"rate_of_return":0.0}
{"window":{"start":"2022-05-07T05:20:00.000Z","end":"2022-05-07T05:21:00.000Z"},"country":"Cyprus","OPM":1,"Total_sales_vol":97.92000043392181,"rate_of_return":0.0}
{"window":{"start":"2022-05-07T08:14:00.000Z","end":"2022-05-07T08:15:00.000Z"},"country":"Spain","OPM":1,"Total_sales_vol":22.59999942779541,"rate_of_return":0.0}
{"window":{"start":"2022-05-09T02:06:00.000Z","end":"2022-05-09T02:07:00.000Z"},"country":"France","OPM":1,"Total_sales_vol":80.63000249862671,"rate_of_return":0.0}
{"window":{"start":"2022-05-06T08:40:00.000Z","end":"2022-05-06T08:41:00.000Z"},"country":"United Kingdom","OPM":10,"Total_sales_vol":612.7099947333336,"rate_of_return":0.0}
{"window":{"start":"2022-05-06T17:34:00.000Z","end":"2022-05-06T17:35:00.000Z"},"country":"United Kingdom","OPM":11,"Total_sales_vol":693.6599999666214,"rate_of_return":0.038461538461538464}
{"window":{"start":"2022-05-07T04:38:00.000Z","end":"2022-05-07T04:39:00.000Z"},"country":"United Kingdom","OPM":9,"Total_sales_vol":643.4200017750263,"rate_of_return":0.0}
{"window":{"start":"2022-05-08T21:47:00.000Z","end":"2022-05-08T21:48:00.000Z"},"country":"United Kingdom","OPM":5,"Total_sales_vol":170.41000187397003,"rate_of_return":0.0}
{"window":{"start":"2022-05-08T14:58:00.000Z","end":"2022-05-08T14:59:00.000Z"},"country":"United Kingdom","OPM":13,"Total_sales_vol":1436.0899785757065,"rate_of_return":0.0}
{"window":{"start":"2022-05-08T07:09:00.000Z","end":"2022-05-08T07:10:00.000Z"},"country":"Hong Kong","OPM":1,"Total_sales_vol":19.860000669956207,"rate_of_return":0.0}
{"window":{"start":"2022-05-09T19:02:00.000Z","end":"2022-05-09T19:03:00.000Z"},"country":"Germany","OPM":2,"Total_sales_vol":47.100000858306885,"rate_of_return":0.0}
{"window":{"start":"2022-05-08T08:02:00.000Z","end":"2022-05-08T08:03:00.000Z"},"country":"Spain","OPM":1,"Total_sales_vol":429.1100001335144,"rate_of_return":0.0}
{"window":{"start":"2022-05-08T10:12:00.000Z","end":"2022-05-08T10:13:00.000Z"},"country":"Spain","OPM":1,"Total_sales_vol":26.809999108314514,"rate_of_return":0.0}
{"window":{"start":"2022-05-06T04:59:00.000Z","end":"2022-05-06T05:00:00.000Z"},"country":"United Kingdom","OPM":5,"Total_sales_vol":1565.3899767398834,"rate_of_return":0.0}
{"window":{"start":"2022-05-09T03:18:00.000Z","end":"2022-05-09T03:19:00.000Z"},"country":"United Kingdom","OPM":12,"Total_sales_vol":1771.2099685370922,"rate_of_return":0.0}
{"window":{"start":"2022-05-06T16:18:00.000Z","end":"2022-05-06T16:19:00.000Z"},"country":"United Kingdom","OPM":14,"Total_sales_vol":508.60000199079514,"rate_of_return":0.02631578947368421}
{"window":{"start":"2022-05-07T09:21:00.000Z","end":"2022-05-07T09:22:00.000Z"},"country":"Belgium","OPM":1,"Total_sales_vol":15.269999414682388,"rate_of_return":0.0}
{"window":{"start":"2022-05-05T21:40:00.000Z","end":"2022-05-05T21:41:00.000Z"},"country":"United Kingdom","OPM":10,"Total_sales_vol":569.1799986362457,"rate_of_return":0.0}
{"window":{"start":"2022-05-09T07:47:00.000Z","end":"2022-05-09T07:48:00.000Z"},"country":"Italy","OPM":1,"Total_sales_vol":-70.79000017046928,"rate_of_return":1.0}
{"window":{"start":"2022-05-07T06:20:00.000Z","end":"2022-05-07T06:21:00.000Z"},"country":"Australia","OPM":1,"Total_sales_vol":3.380000114440918,"rate_of_return":0.0}
{"window":{"start":"2022-05-08T00:21:00.000Z","end":"2022-05-08T00:22:00.000Z"},"country":"Finland","OPM":1,"Total_sales_vol":104.4000015258789,"rate_of_return":0.0}
{"window":{"start":"2022-05-09T19:12:00.000Z","end":"2022-05-09T19:13:00.000Z"},"country":"United Kingdom","OPM":10,"Total_sales_vol":992.5599948167801,"rate_of_return":0.0}
{"window":{"start":"2022-05-08T06:00:00.000Z","end":"2022-05-08T06:01:00.000Z"},"country":"Germany","OPM":1,"Total_sales_vol":12.300000667572021,"rate_of_return":0.0}
{"window":{"start":"2022-05-05T17:59:00.000Z","end":"2022-05-05T18:00:00.000Z"},"country":"United Kingdom","OPM":5,"Total_sales_vol":366.80000126361847,"rate_of_return":0.0}
{"window":{"start":"2022-05-08T22:03:00.000Z","end":"2022-05-08T22:04:00.000Z"},"country":"Belgium","OPM":1,"Total_sales_vol":-56.19999885559082,"rate_of_return":1.0}
