{"window":{"start":"2022-05-09T07:02:00.000Z","end":"2022-05-09T07:03:00.000Z"},"country":"United Kingdom","OPM":13,"Total_sales_vol":409.3700048029423,"rate_of_return":0.3023255813953488}
{"window":{"start":"2022-05-07T21:59:00.000Z","end":"2022-05-07T22:00:00.000Z"},"country":"Norway","OPM":1,"Total_sales_vol":2.8499999046325684,"rate_of_return":0.0}
{"window":{"start":"2022-05-06T12:04:00.000Z","end":"2022-05-06T12:05:00.000Z"},"country":"Norway","OPM":1,"Total_sales_vol":552.0499985218048,"rate_of_return":0.0}
{"window":{"start":"2022-05-10T07:04:00.000Z","end":"2022-05-10T07:05:00.000Z"},"country":"United Kingdom","OPM":10,"Total_sales_vol":570.0999940633774,"rate_of_return":0.0}
{"window":{"start":"2022-05-07T20:54:00.000Z","end":"2022-05-07T20:55:00.000Z"},"country":"Spain","OPM":1,"Total_sales_vol":27.59999942779541,"rate_of_return":0.0}
{"window":{"start":"2022-05-06T07:59:00.000Z","end":"2022-05-06T08:00:00.000Z"},"country":"EIRE","OPM":2,"Total_sales_vol":59.049999713897705,"rate_of_return":0.0}
{"window":{"start":"2022-05-06T05:58:00.000Z","end":"2022-05-06T05:59:00.000Z"},"country":"United Kingdom","OPM":11,"Total_sales_vol":145.51001316308975,"rate_of_return":0.11764705882352941}
{"window":{"start":"2022-05-07T03:43:00.000Z","end":"2022-05-07T03:44:00.000Z"},"country":"Spain","OPM":1,"Total_sales_vol":74.67000043392181,"rate_of_return":0.0}
{"window":{"start":"2022-05-06T12:45:00.000Z","end":"2022-05-06T12:46:00.000Z"},"country":"Netherlands","OPM":1,"Total_sales_vol":230.0799926519394,"rate_of_return":0.0}
{"window":{"start":"2022-05-09T02:34:00.000Z","end":"2022-05-09T02:35:00.000Z"},"country":"EIRE","OPM":1,"Total_sales_vol":18.56999969482422,"rate_of_return":0.0}
{"window":{"start":"2022-05-09T22:00:00.000Z","end":"2022-05-09T22:01:00.000Z"},"country":"Channel Islands","OPM":1,"Total_sales_vol":1302.0,"rate_of_return":0.0}
{"window":{"start":"2022-05-06T11:26:00.000Z","end":"2022-05-06T11:27:00.000Z"},"country":"United Kingdom","OPM":8,"Total_sales_vol":798.9199944734573,"rate_of_return":0.0}
{"window":{"start":"2022-05-09T01:38:00.000Z","end":"2022-05-09T01:39:00.000Z"},"country":"United Kingdom","OPM":13,"Total_sales_vol":2326.909988105297,"rate_of_return":0.03773584905660377}
{"window":{"start":"2022-05-07T02:21:00.000Z","end":"2022-05-07T02:22:00.000Z"},"country":"United Kingdom","OPM":11,"Total_sales_vol":495.8000103831291,"rate_of_return":0.0}
{"window":{"start":"2022-05-09T21:29:00.000Z","end":"2022-05-09T21:30:00.000Z"},"country":"United Kingdom","OPM":15,"Total_sales_vol":1052.6399948000908,"rate_of_return":0.0392156862745098}
{"window":{"start":"2022-05-08T17:07:00.000Z","end":"2022-05-08T17:08:00.000Z"},"country":"Australia","OPM":1,"Total_sales_vol":36.119998931884766,"rate_of_return":0.0}
{"window":{"start":"2022-05-06T18:24:00.000Z","end":"2022-05-06T18:25:00.000Z"},"country":"Netherlands","OPM":1,"Total_sales_vol":48.369998931884766,"rate_of_return":0.0}
{"window":{"start":"2022-05-08T16:27:00.000Z","end":"2022-05-08T16:28:00.000Z"},"country":"United Kingdom","OPM":9,"Total_sales_vol":184.2699974179268,"rate_of_return":0.0}
{"window":{"start":"2022-05-10T07:00:00.000Z","end":"2022-05-10T07:01:00.000Z"},"country":"France","OPM":1,"Total_sales_vol":9.139999985694885,"rate_of_return":0.0}
{"window":{"start":"2022-05-10T01:14:00.000Z","end":"2022-05-10T01:15:00.000Z"},"country":"France","OPM":2,"Total_sales_vol":43.34999918937683,"rate_of_return":0.0}
{"window":{"start":"2022-05-09T15:50:00.000Z","end":"2022-05-09T15:51:00.000Z"},"country":"EIRE","OPM":1,"Total_sales_vol":-3.299999952316284,"rate_of_return":1.0}
{"window":{"start":"2022-05-06T02:19:00.000Z","end":"2022-05-06T02:20:00.000Z"},"country":"United Kingdom","OPM":7,"Total_sales_vol":414.7199950814247,"rate_of_return":0.0}
{"window":{"start":"2022-05-10T09:47:00.000Z","end":"2022-05-10T09:48:00.000Z"},"country":"Belgium","OPM":1,"Total_sales_vol":34.88999879360199,"rate_of_return":0.0}
{"window":{"start":"2022-05-05T18:23:00.000Z","end":"2022-05-05T18:24:00.000Z"},"country":"France","OPM":1,"Total_sales_vol":1.800000011920929,"rate_of_return":0.0}
{"window":{"start":"2022-05-06T15:11:00.000Z","end":"2022-05-06T15:12:00.000Z"},"country":"France","OPM":1,"Total_sales_vol":-532.6000061035156,"rate_of_return":1.0}
{"window":{"start":"2022-05-07T10:19:00.000Z","end":"2022-05-07T10:20:00.000Z"},"country":"EIRE","OPM":1,"Total_sales_vol":5.849999904632568,"rate_of_return":0.0}
{"window":{"start":"2022-05-09T18:02:00.000Z","end":"2022-05-09T18:03:00.000Z"},"country":"United Kingdom","OPM":13,"Total_sales_vol":407.2399967610836,"rate_of_return":0.04878048780487805}
{"window":{"start":"2022-05-08T23:24:00.000Z","end":"2022-05-08T23:25:00.000Z"},"country":"United Kingdom","OPM":11,"Total_sales_vol":769.930001616478,"rate_of_return":0.0}
{"window":{"start":"2022-05-07T07:16:00.000Z","end":"2022-05-07T07:17:00.000Z"},"country":"EIRE","OPM":2,"Total_sales_vol":42.080000311136246,"rate_of_return":0.0}
{"window":{"start":"2022-05-09T15:59:00.000Z","end":"2022-05-09T16:00:00.000Z"},"country":"EIRE","OPM":2,"Total_sales_vol":122.34000170230865,"rate_of_return":0.0}
{"window":{"start":"2022-05-09T05:58:00.000Z","end":"2022-05-09T05:59:00.000Z"},"country":"Cyprus","OPM":1,"Total_sales_vol":17.0,"rate_of_return":0.0}
{"window":{"start":"2022-05-07T18:52:00.000Z","end":"2022-05-07T18:53:00.000Z"},"country":"Italy","OPM":1,"Total_sales_vol":10.449999809265137,"rate_of_return":0.0}
{"window":{"start":"2022-05-09T11:06:00.000Z","end":"2022-05-09T11:07:00.000Z"},"country":"Portugal","OPM":1,"Total_sales_vol":42.920000076293945,"rate_of_return":0.0}
{"window":{"start":"2022-05-08T21:08:00.000Z","end":"2022-05-08T21:09:00.000Z"},"country":"Germany","OPM":1,"Total_sales_vol":3.75,"rate_of_return":0.0}
{"window":{"start":"2022-05-09T08:22:00.000Z","end":"2022-05-09T08:23:00.000Z"},"country":"France","OPM":1,"Total_sales_vol":31.31999960541725,"rate_of_return":0.0}
{"window":{"start":"2022-05-06T04:48:00.000Z","end":"2022-05-06T04:49:00.000Z"},"country":"United Kingdom","OPM":8,"Total_sales_vol":34.91999810934067,"rate_of_return":0.34615384615384615}
{"window":{"start":"2022-05-06T16:49:00.000Z","end":"2022-05-06T16:50:00.000Z"},"country":"United Kingdom","OPM":9,"Total_sales_vol":497.0199946463108,"rate_of_return":0.0}
{"window":{"start":"2022-05-10T08:49:00.000Z","end":"2022-05-10T08:50:00.000Z"},"country":"United Kingdom","OPM":9,"Total_sales_vol":834.6099940240383,"rate_of_return":0.0}
{"window":{"start":"2022-05-06T14:43:00.000Z","end":"2022-05-06T14:44:00.000Z"},"country":"Channel Islands","OPM":1,"Total_sales_vol":33.01999855041504,"rate_of_return":0.0}
{"window":{"start":"2022-05-09T17:52:00.000Z","end":"2022-05-09T17:53:00.000Z"},"country":"United Kingdom","OPM":7,"Total_sales_vol":233.50999975204468,"rate_of_return":0.0}
{"window":{"start":"2022-05-09T23:57:00.000Z","end":"2022-05-09T23:58:00.000Z"},"country":"United Kingdom","OPM":6,"Total_sales_vol":266.0999946594238,"rate_of_return":0.0}
{"window":{"start":"2022-05-09T12:10:00.000Z","end":"2022-05-09T12:11:00.000Z"},"country":"EIRE","OPM":1,"Total_sales_vol":82.47000026702881,"rate_of_return":0.0}
{"window":{"start":"2022-05-10T02:29:00.000Z","end":"2022-05-10T02:30:00.000Z"},"country":"United Kingdom","OPM":11,"Total_sales_vol":560.5799959599972,"rate_of_return":0.058823529411764705}
{"window":{"start":"2022-05-08T04:33:00.000Z","end":"2022-05-08T04:34:00.000Z"},"country":"United Kingdom","OPM":8,"Total_sales_vol":363.1199894249439,"rate_of_return":0.0}
{"window":{"start":"2022-05-09T04:24:00.000Z","end":"2022-05-09T04:25:00.000Z"},"country":"United Kingdom","OPM":10,"Total_sales_vol":1909.9000424742699,"rate_of_return":0.0}
{"window":{"start":"2022-05-05T22:29:00.000Z","end":"2022-05-05T22:30:00.000Z"},"country":"Netherlands","OPM":1,"Total_sales_vol":38.39999866485596,"rate_of_return":0.0}
{"window":{"start":"2022-05-07T03:02:00.000Z","end":"2022-05-07T03:03:00.000Z"},"country":"Germany","OPM":1,"Total_sales_vol":5.949999809265137,"rate_of_return":0.0}
{"window":{"start":"2022-05-09T08:52:00.000Z","end":"2022-05-09T08:53:00.000Z"},"country":"EIRE","OPM":1,"Total_sales_vol":3.380000114440918,"rate_of_return":0.0}
{"window":{"start":"2022-05-08T21:08:00.000Z","end":"2022-05-08T21:09:00.000Z"},"country":"United Kingdom","OPM":4,"Total_sales_vol":183.63000118732452,"rate_of_return":0.0}
{"window":{"start":"2022-05-09T16:20:00.000Z","end":"2022-05-09T16:21:00.000Z"},"country":"Channel Islands","OPM":1,"Total_sales_vol":180.35999751091003,"rate_of_return":0.0}
{"window":{"start":"2022-05-07T05:11:00.000Z","end":"2022-05-07T05:12:00.000Z"},"country":"EIRE","OPM":1,"Total_sales_vol":214.71998739242554,"rate_of_return":0.0}
{"window":{"start":"2022-05-09T22:39:00.000Z","end":"2022-05-09T22:40:00.000Z"},"country":"United Kingdom","OPM":15,"Total_sales_vol":882.5500006973743,"rate_of_return":0.047619047619047616}
{"window":{"start":"2022-05-05T23:35:00.000Z","end":"2022-05-05T23:36:00.000Z"},"country":"EIRE","OPM":1,"Total_sales_vol":159.63999938964844,"rate_of_return":0.0}
{"window":{"start":"2022-05-07T15:43:00.000Z","end":"2022-05-07T15:44:00.000Z"},"country":"United Kingdom","OPM":11,"Total_sales_vol":371.5000037252903,"rate_of_return":0.10810810810810811}
{"window":{"start":"2022-05-08T08:02:00.000Z","end":"2022-05-08T08:03:00.000Z"},"country":"Denmark","OPM":1,"Total_sales_vol":52.469998478889465,"rate_of_return":0.0}
{"window":{"start":"2022-05-08T07:02:00.000Z","end":"2022-05-08T07:03:00.000Z"},"country":"Sweden","OPM":1,"Total_sales_vol":63.69999885559082,"rate_of_return":0.0}
