{"window":{"start":"2022-05-06T15:26:00.000Z","end":"2022-05-06T15:27:00.000Z"},"country":"United Kingdom","OPM":12,"Total_sales_vol":683.2199671268463,"rate_of_return":0.03571428571428571}
{"window":{"start":"2022-05-07T08:24:00.000Z","end":"2022-05-07T08:25:00.000Z"},"country":"Israel","OPM":1,"Total_sales_vol":19.559999465942383,"rate_of_return":0.0}
{"window":{"start":"2022-05-10T12:07:00.000Z","end":"2022-05-10T12:08:00.000Z"},"country":"Spain","OPM":1,"Total_sales_vol":29.789999455213547,"rate_of_return":0.0}
{"window":{"start":"2022-05-10T06:35:00.000Z","end":"2022-05-10T06:36:00.000Z"},"country":"Germany","OPM":1,"Total_sales_vol":10.760000228881836,"rate_of_return":0.0}
{"window":{"start":"2022-05-10T03:45:00.000Z","end":"2022-05-10T03:46:00.000Z"},"country":"United Kingdom","OPM":10,"Total_sales_vol":582.2199988663197,"rate_of_return":0.0}
{"window":{"start":"2022-05-08T10:26:00.000Z","end":"2022-05-08T10:27:00.000Z"},"country":"France","OPM":1,"Total_sales_vol":63.560001850128174,"rate_of_return":0.0}
{"window":{"start":"2022-05-08T09:26:00.000Z","end":"2022-05-08T09:27:00.000Z"},"country":"United Kingdom","OPM":14,"Total_sales_vol":861.3499975502491,"rate_of_return":0.0}
{"window":{"start":"2022-05-09T05:41:00.000Z","end":"2022-05-09T05:42:00.000Z"},"country":"United Kingdom","OPM":13,"Total_sales_vol":1354.9599782526493,"rate_of_return":0.0}
{"window":{"start":"2022-05-10T11:08:00.000Z","end":"2022-05-10T11:09:00.000Z"},"country":"Netherlands","OPM":1,"Total_sales_vol":25.999999821186066,"rate_of_return":0.0}
{"window":{"start":"2022-05-08T15:02:00.000Z","end":"2022-05-08T15:03:00.000Z"},"country":"United Kingdom","OPM":11,"Total_sales_vol":995.7999944090843,"rate_of_return":0.0}
{"window":{"start":"2022-05-10T09:18:00.000Z","end":"2022-05-10T09:19:00.000Z"},"country":"Germany","OPM":1,"Total_sales_vol":20.960000038146973,"rate_of_return":0.0}
{"window":{"start":"2022-05-08T20:59:00.000Z","end":"2022-05-08T21:00:00.000Z"},"country":"Netherlands","OPM":1,"Total_sales_vol":154.779998421669,"rate_of_return":0.0}
{"window":{"start":"2022-05-09T08:32:00.000Z","end":"2022-05-09T08:33:00.000Z"},"country":"United Kingdom","OPM":7,"Total_sales_vol":120.06999891996384,"rate_of_return":0.1}
{"window":{"start":"2022-05-08T11:58:00.000Z","end":"2022-05-08T11:59:00.000Z"},"country":"United Kingdom","OPM":12,"Total_sales_vol":917.9000032246113,"rate_of_return":0.0}
{"window":{"start":"2022-05-08T14:41:00.000Z","end":"2022-05-08T14:42:00.000Z"},"country":"Germany","OPM":1,"Total_sales_vol":68.07999897003174,"rate_of_return":0.0}
{"window":{"start":"2022-05-08T09:21:00.000Z","end":"2022-05-08T09:22:00.000Z"},"country":"United Kingdom","OPM":16,"Total_sales_vol":898.8300037682056,"rate_of_return":0.18032786885245902}
{"window":{"start":"2022-05-09T02:15:00.000Z","end":"2022-05-09T02:16:00.000Z"},"country":"EIRE","OPM":1,"Total_sales_vol":270.62000048160553,"rate_of_return":0.0}
{"window":{"start":"2022-05-05T18:12:00.000Z","end":"2022-05-05T18:13:00.000Z"},"country":"United Kingdom","OPM":13,"Total_sales_vol":792.0199874937534,"rate_of_return":0.09523809523809523}
{"window":{"start":"2022-05-08T08:24:00.000Z","end":"2022-05-08T08:25:00.000Z"},"country":"United Kingdom","OPM":5,"Total_sales_vol":584.3999979496002,"rate_of_return":0.0}
{"window":{"start":"2022-05-07T16:25:00.000Z","end":"2022-05-07T16:26:00.000Z"},"country":"Germany","OPM":1,"Total_sales_vol":42.0799994468689,"rate_of_return":0.0}
{"window":{"start":"2022-05-09T07:21:00.000Z","end":"2022-05-09T07:22:00.000Z"},"country":"United Kingdom","OPM":16,"Total_sales_vol":291.6299973130226,"rate_of_return":0.15217391304347827}
{"window":{"start":"2022-05-10T05:46:00.000Z","end":"2022-05-10T05:47:00.000Z"},"country":"EIRE","OPM":1,"Total_sales_vol":73.33000054955482,"rate_of_return":0.0}
{"window":{"start":"2022-05-09T13:00:00.000Z","end":"2022-05-09T13:01:00.000Z"},"country":"United Kingdom","OPM":9,"Total_sales_vol":419.2200000882149,"rate_of_return":0.041666666666666664}
{"window":{"start":"2022-05-06T18:48:00.000Z","end":"2022-05-06T18:49:00.000Z"},"country":"Sweden","OPM":1,"Total_sales_vol":30.239999771118164,"rate_of_return":0.0}
{"window":{"start":"2022-05-08T09:46:00.000Z","end":"2022-05-08T09:47:00.000Z"},"country":"United Kingdom","OPM":10,"Total_sales_vol":981.9899577796459,"rate_of_return":0.0}
{"window":{"start":"2022-05-06T10:45:00.000Z","end":"2022-05-06T10:46:00.000Z"},"country":"United Kingdom","OPM":7,"Total_sales_vol":274.7500011920929,"rate_of_return":0.0}
{"window":{"start":"2022-05-07T17:36:00.000Z","end":"2022-05-07T17:37:00.000Z"},"country":"Belgium","OPM":1,"Total_sales_vol":68.93999862670898,"rate_of_return":0.0}
{"window":{"start":"2022-05-09T09:22:00.000Z","end":"2022-05-09T09:23:00.000Z"},"country":"France","OPM":1,"Total_sales_vol":16.050000429153442,"rate_of_return":0.0}
{"window":{"start":"2022-05-07T23:18:00.000Z","end":"2022-05-07T23:19:00.000Z"},"country":"United Kingdom","OPM":15,"Total_sales_vol":887.5500275492668,"rate_of_return":0.03389830508474576}
{"window":{"start":"2022-05-10T10:03:00.000Z","end":"2022-05-10T10:04:00.000Z"},"country":"Denmark","OPM":1,"Total_sales_vol":59.80999994277954,"rate_of_return":0.0}
{"window":{"start":"2022-05-07T03:11:00.000Z","end":"2022-05-07T03:12:00.000Z"},"country":"United Kingdom","OPM":9,"Total_sales_vol":117.43000209331512,"rate_of_return":0.13333333333333333}
{"window":{"start":"2022-05-07T07:54:00.000Z","end":"2022-05-07T07:55:00.000Z"},"country":"United Kingdom","OPM":7,"Total_sales_vol":337.7100025713444,"rate_of_return":0.0}
{"window":{"start":"2022-05-05T19:35:00.000Z","end":"2022-05-05T19:36:00.000Z"},"country":"Netherlands","OPM":1,"Total_sales_vol":52.02000045776367,"rate_of_return":0.0}
{"window":{"start":"2022-05-10T05:35:00.000Z","end":"2022-05-10T05:36:00.000Z"},"country":"United Kingdom","OPM":12,"Total_sales_vol":469.35000228881836,"rate_of_return":0.1111111111111111}
{"window":{"start":"2022-05-09T09:35:00.000Z","end":"2022-05-09T09:36:00.000Z"},"country":"United Kingdom","OPM":9,"Total_sales_vol":746.4199939966202,"rate_of_return":0.0}
{"window":{"start":"2022-05-06T04:17:00.000Z","end":"2022-05-06T04:18:00.000Z"},"country":"United Kingdom","OPM":5,"Total_sales_vol":339.04998952150345,"rate_of_return":0.0}
{"window":{"start":"2022-05-09T11:00:00.000Z","end":"2022-05-09T11:01:00.000Z"},"country":"United Kingdom","OPM":5,"Total_sales_vol":268.989992916584,"rate_of_return":0.19047619047619047}
{"window":{"start":"2022-05-10T08:26:00.000Z","end":"2022-05-10T08:27:00.000Z"},"country":"France","OPM":1,"Total_sales_vol":121.05000019073486,"rate_of_return":0.0}
{"window":{"start":"2022-05-08T23:34:00.000Z","end":"2022-05-08T23:35:00.000Z"},"country":"United Kingdom","OPM":7,"Total_sales_vol":1131.3999927639961,"rate_of_return":0.0}
{"window":{"start":"2022-05-10T02:59:00.000Z","end":"2022-05-10T03:00:00.000Z"},"country":"Belgium","OPM":1,"Total_sales_vol":24.84999942779541,"rate_of_return":0.0}
{"window":{"start":"2022-05-05T20:37:00.000Z","end":"2022-05-05T20:38:00.000Z"},"country":"United Kingdom","OPM":9,"Total_sales_vol":777.6399998664856,"rate_of_return":0.04}
{"window":{"start":"2022-05-07T10:39:00.000Z","end":"2022-05-07T10:40:00.000Z"},"country":"United Kingdom","OPM":7,"Total_sales_vol":426.91999593377113,"rate_of_return":0.09090909090909091}
{"window":{"start":"2022-05-07T00:24:00.000Z","end":"2022-05-07T00:25:00.000Z"},"country":"United Kingdom","OPM":3,"Total_sales_vol":41.549996852874756,"rate_of_return":0.0}
{"window":{"start":"2022-05-10T04:26:00.000Z","end":"2022-05-10T04:27:00.000Z"},"country":"United Kingdom","OPM":6,"Total_sales_vol":853.1399849504232,"rate_of_return":0.0}
{"window":{"start":"2022-05-09T08:14:00.000Z","end":"2022-05-09T08:15:00.000Z"},"country":"United Kingdom","OPM":14,"Total_sales_vol":479.77999874949455,"rate_of_return":0.046511627906976744}
{"window":{"start":"2022-05-06T15:08:00.000Z","end":"2022-05-06T15:09:00.000Z"},"country":"Netherlands","OPM":1,"Total_sales_vol":135.26000028848648,"rate_of_return":0.0}
{"window":{"start":"2022-05-09T11:50:00.000Z","end":"2022-05-09T11:51:00.000Z"},"country":"United Kingdom","OPM":13,"Total_sales_vol":280.5299982428551,"rate_of_return":0.23076923076923078}
{"window":{"start":"2022-05-09T18:03:00.000Z","end":"2022-05-09T18:04:00.000Z"},"country":"France","OPM":1,"Total_sales_vol":244.69999885559082,"rate_of_return":0.0}
{"window":{"start":"2022-05-08T08:29:00.000Z","end":"2022-05-08T08:30:00.000Z"},"country":"United Kingdom","OPM":13,"Total_sales_vol":483.7200081348419,"rate_of_return":0.17857142857142858}
{"window":{"start":"2022-05-05T20:39:00.000Z","end":"2022-05-05T20:40:00.000Z"},"country":"Portugal","OPM":1,"Total_sales_vol":9.549999952316284,"rate_of_return":0.0}
{"window":{"start":"2022-05-08T04:11:00.000Z","end":"2022-05-08T04:12:00.000Z"},"country":"Norway","OPM":1,"Total_sales_vol":28.839999675750732,"rate_of_return":0.0}
{"window":{"start":"2022-05-07T17:47:00.000Z","end":"2022-05-07T17:48:00.000Z"},"country":"United Kingdom","OPM":10,"Total_sales_vol":467.18000280857086,"rate_of_return":0.0}
{"window":{"start":"2022-05-09T08:00:00.000Z","end":"2022-05-09T08:01:00.000Z"},"country":"Germany","OPM":1,"Total_sales_vol":253.89000272750854,"rate_of_return":0.0}
{"window":{"start":"2022-05-05T20:57:00.000Z","end":"2022-05-05T20:58:00.000Z"},"country":"United Kingdom","OPM":10,"Total_sales_vol":3460.590141057968,"rate_of_return":0.0}
{"window":{"start":"2022-05-08T06:27:00.000Z","end":"2022-05-08T06:28:00.000Z"},"country":"United Kingdom","OPM":11,"Total_sales_vol":814.7500032186508,"rate_of_return":0.0}
{"window":{"start":"2022-05-10T10:31:00.000Z","end":"2022-05-10T10:32:00.000Z"},"country":"United Kingdom","OPM":6,"Total_sales_vol":349.3799926042557,"rate_of_return":0.0}
{"window":{"start":"2022-05-06T13:58:00.000Z","end":"2022-05-06T13:59:00.000Z"},"country":"United Kingdom","OPM":8,"Total_sales_vol":400.6600013971329,"rate_of_return":0.043478260869565216}
{"window":{"start":"2022-05-09T00:22:00.000Z","end":"2022-05-09T00:23:00.000Z"},"country":"France","OPM":1,"Total_sales_vol":171.69999891519547,"rate_of_return":0.0}
{"window":{"start":"2022-05-06T21:55:00.000Z","end":"2022-05-06T21:56:00.000Z"},"country":"Spain","OPM":1,"Total_sales_vol":250.37999534606934,"rate_of_return":0.0}
{"window":{"start":"2022-05-09T16:41:00.000Z","end":"2022-05-09T16:42:00.000Z"},"country":"Netherlands","OPM":1,"Total_sales_vol":118.9199982881546,"rate_of_return":0.0}
{"window":{"start":"2022-05-08T05:49:00.000Z","end":"2022-05-08T05:50:00.000Z"},"country":"United Kingdom","OPM":12,"Total_sales_vol":658.0500050485134,"rate_of_return":0.061224489795918366}
{"window":{"start":"2022-05-10T12:56:00.000Z","end":"2022-05-10T12:57:00.000Z"},"country":"United Kingdom","OPM":4,"Total_sales_vol":242.56000354886055,"rate_of_return":0.0}
{"window":{"start":"2022-05-07T07:50:00.000Z","end":"2022-05-07T07:51:00.000Z"},"country":"United Kingdom","OPM":8,"Total_sales_vol":435.4499962925911,"rate_of_return":0.0}
{"window":{"start":"2022-05-08T13:30:00.000Z","end":"2022-05-08T13:31:00.000Z"},"country":"Switzerland","OPM":1,"Total_sales_vol":195.97999894618988,"rate_of_return":0.0}
