{"window":{"start":"2022-05-09T18:03:00.000Z","end":"2022-05-09T18:04:00.000Z"},"country":"United Kingdom","OPM":9,"Total_sales_vol":270.6299960613251,"rate_of_return":0.13043478260869565}
{"window":{"start":"2022-05-07T07:37:00.000Z","end":"2022-05-07T07:38:00.000Z"},"country":"United Kingdom","OPM":10,"Total_sales_vol":492.0000033378601,"rate_of_return":0.0}
{"window":{"start":"2022-05-07T18:01:00.000Z","end":"2022-05-07T18:02:00.000Z"},"country":"EIRE","OPM":1,"Total_sales_vol":12.010000228881836,"rate_of_return":0.0}
{"window":{"start":"2022-05-06T07:30:00.000Z","end":"2022-05-06T07:31:00.000Z"},"country":"United Kingdom","OPM":12,"Total_sales_vol":599.8100079298019,"rate_of_return":0.0}
{"window":{"start":"2022-05-09T11:14:00.000Z","end":"2022-05-09T11:15:00.000Z"},"country":"United Kingdom","OPM":11,"Total_sales_vol":426.9099978208542,"rate_of_return":0.05555555555555555}
{"window":{"start":"2022-05-10T01:45:00.000Z","end":"2022-05-10T01:46:00.000Z"},"country":"Switzerland","OPM":1,"Total_sales_vol":21.209999442100525,"rate_of_return":0.0}
{"window":{"start":"2022-05-07T07:25:00.000Z","end":"2022-05-07T07:26:00.000Z"},"country":"Portugal","OPM":1,"Total_sales_vol":34.029998779296875,"rate_of_return":0.0}
{"window":{"start":"2022-05-06T23:15:00.000Z","end":"2022-05-06T23:16:00.000Z"},"country":"France","OPM":2,"Total_sales_vol":46.870001673698425,"rate_of_return":0.0}
{"window":{"start":"2022-05-08T08:47:00.000Z","end":"2022-05-08T08:48:00.000Z"},"country":"Hong Kong","OPM":1,"Total_sales_vol":-5.039999961853027,"rate_of_return":1.0}
{"window":{"start":"2022-05-09T08:02:00.000Z","end":"2022-05-09T08:03:00.000Z"},"country":"United Kingdom","OPM":12,"Total_sales_vol":977.3899957537651,"rate_of_return":0.0}
{"window":{"start":"2022-05-07T23:25:00.000Z","end":"2022-05-07T23:26:00.000Z"},"country":"Italy","OPM":1,"Total_sales_vol":8.260000228881836,"rate_of_return":0.0}
{"window":{"start":"2022-05-08T13:41:00.000Z","end":"2022-05-08T13:42:00.000Z"},"country":"EIRE","OPM":1,"Total_sales_vol":16.37999963760376,"rate_of_return":0.0}
{"window":{"start":"2022-05-06T05:32:00.000Z","end":"2022-05-06T05:33:00.000Z"},"country":"Belgium","OPM":1,"Total_sales_vol":23.22000002861023,"rate_of_return":0.0}
{"window":{"start":"2022-05-09T05:11:00.000Z","end":"2022-05-09T05:12:00.000Z"},"country":"United Kingdom","OPM":8,"Total_sales_vol":134.00999784469604,"rate_of_return":0.1111111111111111}
{"window":{"start":"2022-05-09T11:10:00.000Z","end":"2022-05-09T11:11:00.000Z"},"country":"United Kingdom","OPM":8,"Total_sales_vol":571.0999918878078,"rate_of_return":0.0}
{"window":{"start":"2022-05-10T04:19:00.000Z","end":"2022-05-10T04:20:00.000Z"},"country":"Belgium","OPM":1,"Total_sales_vol":119.36000061035156,"rate_of_return":0.0}
{"window":{"start":"2022-05-06T15:40:00.000Z","end":"2022-05-06T15:41:00.000Z"},"country":"EIRE","OPM":1,"Total_sales_vol":4.130000114440918,"rate_of_return":0.0}
{"window":{"start":"2022-05-08T03:52:00.000Z","end":"2022-05-08T03:53:00.000Z"},"country":"Germany","OPM":1,"Total_sales_vol":31.59999942779541,"rate_of_return":0.0}
{"window":{"start":"2022-05-08T20:08:00.000Z","end":"2022-05-08T20:09:00.000Z"},"country":"United Kingdom","OPM":11,"Total_sales_vol":768.3200092315674,"rate_of_return":0.10638297872340426}
{"window":{"start":"2022-05-06T02:31:00.000Z","end":"2022-05-06T02:32:00.000Z"},"country":"United Kingdom","OPM":7,"Total_sales_vol":510.5199964046478,"rate_of_return":0.0}
{"window":{"start":"2022-05-10T13:16:00.000Z","end":"2022-05-10T13:17:00.000Z"},"country":"United Kingdom","OPM":12,"Total_sales_vol":558.0099955797195,"rate_of_return":0.0}
{"window":{"start":"2022-05-10T10:05:00.000Z","end":"2022-05-10T10:06:00.000Z"},"country":"Switzerland","OPM":1,"Total_sales_vol":17.700000762939453,"rate_of_return":0.0}
{"window":{"start":"2022-05-07T20:12:00.000Z","end":"2022-05-07T20:13:00.000Z"},"country":"United Kingdom","OPM":10,"Total_sales_vol":541.6799990832806,"rate_of_return":0.07894736842105263}
{"window":{"start":"2022-05-08T16:00:00.000Z","end":"2022-05-08T16:01:00.000Z"},"country":"Switzerland","OPM":1,"Total_sales_vol":16.299999237060547,"rate_of_return":0.0}
{"window":{"start":"2022-05-10T04:23:00.000Z","end":"2022-05-10T04:24:00.000Z"},"country":"Australia","OPM":1,"Total_sales_vol":32.049999713897705,"rate_of_return":0.0}
{"window":{"start":"2022-05-09T20:36:00.000Z","end":"2022-05-09T20:37:00.000Z"},"country":"Spain","OPM":1,"Total_sales_vol":28.859999179840088,"rate_of_return":0.0}
{"window":{"start":"2022-05-10T02:30:00.000Z","end":"2022-05-10T02:31:00.000Z"},"country":"United Kingdom","OPM":8,"Total_sales_vol":263.3499935567379,"rate_of_return":0.06451612903225806}
{"window":{"start":"2022-05-05T19:05:00.000Z","end":"2022-05-05T19:06:00.000Z"},"country":"France","OPM":1,"Total_sales_vol":81.20000076293945,"rate_of_return":0.0}
{"window":{"start":"2022-05-06T12:40:00.000Z","end":"2022-05-06T12:41:00.000Z"},"country":"United Kingdom","OPM":7,"Total_sales_vol":406.86999958753586,"rate_of_return":0.0}
{"window":{"start":"2022-05-10T12:33:00.000Z","end":"2022-05-10T12:34:00.000Z"},"country":"United Kingdom","OPM":8,"Total_sales_vol":238.5800035595894,"rate_of_return":0.25}
{"window":{"start":"2022-05-10T10:24:00.000Z","end":"2022-05-10T10:25:00.000Z"},"country":"United Kingdom","OPM":17,"Total_sales_vol":1365.6499665677547,"rate_of_return":0.038461538461538464}
{"window":{"start":"2022-05-08T16:38:00.000Z","end":"2022-05-08T16:39:00.000Z"},"country":"United Kingdom","OPM":6,"Total_sales_vol":226.849999666214,"rate_of_return":0.0}
{"window":{"start":"2022-05-08T02:18:00.000Z","end":"2022-05-08T02:19:00.000Z"},"country":"United Kingdom","OPM":5,"Total_sales_vol":402.39000141620636,"rate_of_return":0.0}
{"window":{"start":"2022-05-07T13:25:00.000Z","end":"2022-05-07T13:26:00.000Z"},"country":"Poland","OPM":1,"Total_sales_vol":52.36000144481659,"rate_of_return":0.0}
{"window":{"start":"2022-05-09T12:18:00.000Z","end":"2022-05-09T12:19:00.000Z"},"country":"United Kingdom","OPM":11,"Total_sales_vol":911.7799977660179,"rate_of_return":0.0}
{"window":{"start":"2022-05-05T21:31:00.000Z","end":"2022-05-05T21:32:00.000Z"},"country":"Japan","OPM":1,"Total_sales_vol":85.36999893188477,"rate_of_return":0.0}
{"window":{"start":"2022-05-06T07:24:00.000Z","end":"2022-05-06T07:25:00.000Z"},"country":"United Kingdom","OPM":7,"Total_sales_vol":213.39999556541443,"rate_of_return":0.1111111111111111}
{"window":{"start":"2022-05-08T22:25:00.000Z","end":"2022-05-08T22:26:00.000Z"},"country":"United Kingdom","OPM":7,"Total_sales_vol":183.3599982559681,"rate_of_return":0.0}
{"window":{"start":"2022-05-08T18:27:00.000Z","end":"2022-05-08T18:28:00.000Z"},"country":"United Kingdom","OPM":9,"Total_sales_vol":686.2199839949608,"rate_of_return":0.0}
{"window":{"start":"2022-05-10T01:12:00.000Z","end":"2022-05-10T01:13:00.000Z"},"country":"United Kingdom","OPM":17,"Total_sales_vol":1107.2200008556247,"rate_of_return":0.03571428571428571}
{"window":{"start":"2022-05-07T18:55:00.000Z","end":"2022-05-07T18:56:00.000Z"},"country":"United Kingdom","OPM":8,"Total_sales_vol":1076.1600077301264,"rate_of_return":0.0}
{"window":{"start":"2022-05-09T13:34:00.000Z","end":"2022-05-09T13:35:00.000Z"},"country":"United Kingdom","OPM":9,"Total_sales_vol":232.32999902963638,"rate_of_return":0.05}
{"window":{"start":"2022-05-09T13:07:00.000Z","end":"2022-05-09T13:08:00.000Z"},"country":"United Kingdom","OPM":12,"Total_sales_vol":379.95999574661255,"rate_of_return":0.0}
{"window":{"start":"2022-05-07T12:16:00.000Z","end":"2022-05-07T12:17:00.000Z"},"country":"United Kingdom","OPM":7,"Total_sales_vol":325.9299948811531,"rate_of_return":0.0}
{"window":{"start":"2022-05-06T06:44:00.000Z","end":"2022-05-06T06:45:00.000Z"},"country":"United Kingdom","OPM":9,"Total_sales_vol":543.9400032758713,"rate_of_return":0.0}
{"window":{"start":"2022-05-06T07:13:00.000Z","end":"2022-05-06T07:14:00.000Z"},"country":"United Kingdom","OPM":8,"Total_sales_vol":167.8299925327301,"rate_of_return":0.09523809523809523}
{"window":{"start":"2022-05-08T19:58:00.000Z","end":"2022-05-08T19:59:00.000Z"},"country":"United Kingdom","OPM":13,"Total_sales_vol":875.5600008517504,"rate_of_return":0.0}
{"window":{"start":"2022-05-06T11:49:00.000Z","end":"2022-05-06T11:50:00.000Z"},"country":"Australia","OPM":1,"Total_sales_vol":98.0700044631958,"rate_of_return":0.0}
{"window":{"start":"2022-05-10T04:47:00.000Z","end":"2022-05-10T04:48:00.000Z"},"country":"United Kingdom","OPM":13,"Total_sales_vol":659.1000055074692,"rate_of_return":0.07547169811320754}
{"window":{"start":"2022-05-08T07:46:00.000Z","end":"2022-05-08T07:47:00.000Z"},"country":"Spain","OPM":1,"Total_sales_vol":249.89999198913574,"rate_of_return":0.0}
{"window":{"start":"2022-05-09T11:23:00.000Z","end":"2022-05-09T11:24:00.000Z"},"country":"Switzerland","OPM":1,"Total_sales_vol":99.04000282287598,"rate_of_return":0.0}
{"window":{"start":"2022-05-08T19:50:00.000Z","end":"2022-05-08T19:51:00.000Z"},"country":"United Kingdom","OPM":10,"Total_sales_vol":488.2800071835518,"rate_of_return":0.0}
{"window":{"start":"2022-05-09T21:50:00.000Z","end":"2022-05-09T21:51:00.000Z"},"country":"Germany","OPM":1,"Total_sales_vol":35.459999084472656,"rate_of_return":0.0}
{"window":{"start":"2022-05-06T02:36:00.000Z","end":"2022-05-06T02:37:00.000Z"},"country":"United Kingdom","OPM":13,"Total_sales_vol":1629.1600406765938,"rate_of_return":0.05}
{"window":{"start":"2022-05-10T08:56:00.000Z","end":"2022-05-10T08:57:00.000Z"},"country":"United Kingdom","OPM":10,"Total_sales_vol":196.66999685764313,"rate_of_return":0.20588235294117646}
{"window":{"start":"2022-05-08T16:46:00.000Z","end":"2022-05-08T16:47:00.000Z"},"country":"United Kingdom","OPM":8,"Total_sales_vol":653.9200011491776,"rate_of_return":0.18518518518518517}
{"window":{"start":"2022-05-10T02:08:00.000Z","end":"2022-05-10T02:09:00.000Z"},"country":"EIRE","OPM":1,"Total_sales_vol":62.150001525878906,"rate_of_return":0.0}
{"window":{"start":"2022-05-06T16:05:00.000Z","end":"2022-05-06T16:06:00.000Z"},"country":"Portugal","OPM":1,"Total_sales_vol":53.16999816894531,"rate_of_return":0.0}
{"window":{"start":"2022-05-06T20:22:00.000Z","end":"2022-05-06T20:23:00.000Z"},"country":"United Kingdom","OPM":11,"Total_sales_vol":676.9100015759468,"rate_of_return":0.0}
{"window":{"start":"2022-05-10T11:23:00.000Z","end":"2022-05-10T11:24:00.000Z"},"country":"Norway","OPM":1,"Total_sales_vol":424.94999980926514,"rate_of_return":0.0}
{"window":{"start":"2022-05-06T10:22:00.000Z","end":"2022-05-06T10:23:00.000Z"},"country":"United Kingdom","OPM":11,"Total_sales_vol":662.6499886214733,"rate_of_return":0.0}
{"window":{"start":"2022-05-07T22:00:00.000Z","end":"2022-05-07T22:01:00.000Z"},"country":"France","OPM":1,"Total_sales_vol":86.0100012421608,"rate_of_return":0.0}
{"window":{"start":"2022-05-06T18:48:00.000Z","end":"2022-05-06T18:49:00.000Z"},"country":"United Kingdom","OPM":10,"Total_sales_vol":445.1599986553192,"rate_of_return":0.0}
{"window":{"start":"2022-05-08T07:03:00.000Z","end":"2022-05-08T07:04:00.000Z"},"country":"United Kingdom","OPM":6,"Total_sales_vol":624.2999890446663,"rate_of_return":0.0}
{"window":{"start":"2022-05-07T10:13:00.000Z","end":"2022-05-07T10:14:00.000Z"},"country":"United Kingdom","OPM":8,"Total_sales_vol":448.9099932909012,"rate_of_return":0.0}
{"window":{"start":"2022-05-05T18:39:00.000Z","end":"2022-05-05T18:40:00.000Z"},"country":"United Kingdom","OPM":14,"Total_sales_vol":582.1299882531166,"rate_of_return":0.05263157894736842}
{"window":{"start":"2022-05-08T13:19:00.000Z","end":"2022-05-08T13:20:00.000Z"},"country":"Netherlands","OPM":1,"Total_sales_vol":64.57000184059143,"rate_of_return":0.0}
{"window":{"start":"2022-05-08T16:04:00.000Z","end":"2022-05-08T16:05:00.000Z"},"country":"United Kingdom","OPM":5,"Total_sales_vol":480.90999937057495,"rate_of_return":0.0}
{"window":{"start":"2022-05-07T20:12:00.000Z","end":"2022-05-07T20:13:00.000Z"},"country":"EIRE","OPM":1,"Total_sales_vol":22.769999504089355,"rate_of_return":0.0}
{"window":{"start":"2022-05-06T12:45:00.000Z","end":"2022-05-06T12:46:00.000Z"},"country":"France","OPM":1,"Total_sales_vol":24.060000240802765,"rate_of_return":0.0}
{"window":{"start":"2022-05-08T03:37:00.000Z","end":"2022-05-08T03:38:00.000Z"},"country":"United Kingdom","OPM":11,"Total_sales_vol":729.9900074005127,"rate_of_return":0.09090909090909091}
{"window":{"start":"2022-05-10T03:34:00.000Z","end":"2022-05-10T03:35:00.000Z"},"country":"United Kingdom","OPM":6,"Total_sales_vol":219.5299969613552,"rate_of_return":0.0}
{"window":{"start":"2022-05-10T00:12:00.000Z","end":"2022-05-10T00:13:00.000Z"},"country":"United Kingdom","OPM":6,"Total_sales_vol":30.329995900392532,"rate_of_return":0.38095238095238093}
{"window":{"start":"2022-05-08T16:26:00.000Z","end":"2022-05-08T16:27:00.000Z"},"country":"Spain","OPM":1,"Total_sales_vol":282.9000241756439,"rate_of_return":0.0}
