{"window":{"start":"2022-05-06T19:19:00.000Z","end":"2022-05-06T19:20:00.000Z"},"country":"United Kingdom","OPM":5,"Total_sales_vol":203.940003991127,"rate_of_return":0.0}
{"window":{"start":"2022-05-10T10:06:00.000Z","end":"2022-05-10T10:07:00.000Z"},"country":"United Kingdom","OPM":8,"Total_sales_vol":525.500007301569,"rate_of_return":0.0}
{"window":{"start":"2022-05-07T11:59:00.000Z","end":"2022-05-07T12:00:00.000Z"},"country":"France","OPM":1,"Total_sales_vol":140.54999470710754,"rate_of_return":0.0}
{"window":{"start":"2022-05-06T12:13:00.000Z","end":"2022-05-06T12:14:00.000Z"},"country":"Spain","OPM":1,"Total_sales_vol":24.339999079704285,"rate_of_return":0.0}
{"window":{"start":"2022-05-10T00:31:00.000Z","end":"2022-05-10T00:32:00.000Z"},"country":"France","OPM":1,"Total_sales_vol":4.559999942779541,"rate_of_return":0.0}
{"window":{"start":"2022-05-10T09:09:00.000Z","end":"2022-05-10T09:10:00.000Z"},"country":"France","OPM":1,"Total_sales_vol":12.59999942779541,"rate_of_return":0.0}
{"window":{"start":"2022-05-08T12:37:00.000Z","end":"2022-05-08T12:38:00.000Z"},"country":"Belgium","OPM":1,"Total_sales_vol":45.68999844789505,"rate_of_return":0.0}
{"window":{"start":"2022-05-08T07:58:00.000Z","end":"2022-05-08T07:59:00.000Z"},"country":"Portugal","OPM":1,"Total_sales_vol":6.600000381469727,"rate_of_return":0.0}
{"window":{"start":"2022-05-07T06:40:00.000Z","end":"2022-05-07T06:41:00.000Z"},"country":"United Kingdom","OPM":16,"Total_sales_vol":789.8800101876259,"rate_of_return":0.1111111111111111}
{"window":{"start":"2022-05-06T09:27:00.000Z","end":"2022-05-06T09:28:00.000Z"},"country":"Denmark","OPM":1,"Total_sales_vol":94.8899986743927,"rate_of_return":0.0}
{"window":{"start":"2022-05-07T17:35:00.000Z","end":"2022-05-07T17:36:00.000Z"},"country":"United Kingdom","OPM":7,"Total_sales_vol":371.4800010025501,"rate_of_return":0.0}
{"window":{"start":"2022-05-06T12:32:00.000Z","end":"2022-05-06T12:33:00.000Z"},"country":"United Kingdom","OPM":14,"Total_sales_vol":1624.3599182963371,"rate_of_return":0.05}
{"window":{"start":"2022-05-09T07:49:00.000Z","end":"2022-05-09T07:50:00.000Z"},"country":"Portugal","OPM":1,"Total_sales_vol":31.25,"rate_of_return":0.0}
{"window":{"start":"2022-05-07T23:53:00.000Z","end":"2022-05-07T23:54:00.000Z"},"country":"France","OPM":1,"Total_sales_vol":31.470000386238098,"rate_of_return":0.0}
{"window":{"start":"2022-05-07T22:58:00.000Z","end":"2022-05-07T22:59:00.000Z"},"country":"United Kingdom","OPM":15,"Total_sales_vol":1817.8899992704391,"rate_of_return":0.04918032786885246}
{"window":{"start":"2022-05-10T12:03:00.000Z","end":"2022-05-10T12:04:00.000Z"},"country":"Germany","OPM":1,"Total_sales_vol":5.039999961853027,"rate_of_return":0.0}
{"window":{"start":"2022-05-07T20:53:00.000Z","end":"2022-05-07T20:54:00.000Z"},"country":"United Kingdom","OPM":13,"Total_sales_vol":489.0700026154518,"rate_of_return":0.0}
{"window":{"start":"2022-05-06T16:37:00.000Z","end":"2022-05-06T16:38:00.000Z"},"country":"Australia","OPM":1,"Total_sales_vol":25.109999656677246,"rate_of_return":0.0}
{"window":{"start":"2022-05-08T08:27:00.000Z","end":"2022-05-08T08:28:00.000Z"},"country":"United Kingdom","OPM":7,"Total_sales_vol":247.1699983999133,"rate_of_return":0.0}
{"window":{"start":"2022-05-07T17:18:00.000Z","end":"2022-05-07T17:19:00.000Z"},"country":"Germany","OPM":1,"Total_sales_vol":10.5,"rate_of_return":0.0}
{"window":{"start":"2022-05-08T13:55:00.000Z","end":"2022-05-08T13:56:00.000Z"},"country":"EIRE","OPM":1,"Total_sales_vol":11.25,"rate_of_return":0.0}
{"window":{"start":"2022-05-09T07:58:00.000Z","end":"2022-05-09T07:59:00.000Z"},"country":"United Kingdom","OPM":7,"Total_sales_vol":241.76999723911285,"rate_of_return":0.06451612903225806}
{"window":{"start":"2022-05-07T07:22:00.000Z","end":"2022-05-07T07:23:00.000Z"},"country":"Germany","OPM":1,"Total_sales_vol":33.150001525878906,"rate_of_return":0.0}
{"window":{"start":"2022-05-06T02:30:00.000Z","end":"2022-05-06T02:31:00.000Z"},"country":"United Kingdom","OPM":11,"Total_sales_vol":343.40000081062317,"rate_of_return":0.10714285714285714}
{"window":{"start":"2022-05-07T07:43:00.000Z","end":"2022-05-07T07:44:00.000Z"},"country":"Austria","OPM":1,"Total_sales_vol":140.63999730348587,"rate_of_return":0.0}
{"window":{"start":"2022-05-07T08:03:00.000Z","end":"2022-05-07T08:04:00.000Z"},"country":"Australia","OPM":1,"Total_sales_vol":109.69999957084656,"rate_of_return":0.0}
{"window":{"start":"2022-05-09T12:44:00.000Z","end":"2022-05-09T12:45:00.000Z"},"country":"United Kingdom","OPM":10,"Total_sales_vol":897.2799980044365,"rate_of_return":0.0625}
{"window":{"start":"2022-05-07T12:23:00.000Z","end":"2022-05-07T12:24:00.000Z"},"country":"Poland","OPM":1,"Total_sales_vol":10.0,"rate_of_return":0.0}
{"window":{"start":"2022-05-08T07:22:00.000Z","end":"2022-05-08T07:23:00.000Z"},"country":"United Kingdom","OPM":10,"Total_sales_vol":334.40000218153,"rate_of_return":0.0}
{"window":{"start":"2022-05-09T09:37:00.000Z","end":"2022-05-09T09:38:00.000Z"},"country":"France","OPM":1,"Total_sales_vol":92.07999992370605,"rate_of_return":0.0}
{"window":{"start":"2022-05-06T11:21:00.000Z","end":"2022-05-06T11:22:00.000Z"},"country":"France","OPM":1,"Total_sales_vol":3.4000000953674316,"rate_of_return":0.0}
{"window":{"start":"2022-05-07T20:35:00.000Z","end":"2022-05-07T20:36:00.000Z"},"country":"Israel","OPM":1,"Total_sales_vol":6.5,"rate_of_return":0.0}
{"window":{"start":"2022-05-09T04:46:00.000Z","end":"2022-05-09T04:47:00.000Z"},"country":"United Kingdom","OPM":12,"Total_sales_vol":200.14999109506607,"rate_of_return":0.14285714285714285}
{"window":{"start":"2022-05-07T01:22:00.000Z","end":"2022-05-07T01:23:00.000Z"},"country":"France","OPM":1,"Total_sales_vol":96.00999802350998,"rate_of_return":0.0}
{"window":{"start":"2022-05-08T15:12:00.000Z","end":"2022-05-08T15:13:00.000Z"},"country":"EIRE","OPM":2,"Total_sales_vol":63.94999933242798,"rate_of_return":0.0}
{"window":{"start":"2022-05-07T13:04:00.000Z","end":"2022-05-07T13:05:00.000Z"},"country":"Spain","OPM":1,"Total_sales_vol":14.950000286102295,"rate_of_return":0.0}
{"window":{"start":"2022-05-07T18:38:00.000Z","end":"2022-05-07T18:39:00.000Z"},"country":"France","OPM":2,"Total_sales_vol":49.77999925613403,"rate_of_return":0.0}
{"window":{"start":"2022-05-06T04:48:00.000Z","end":"2022-05-06T04:49:00.000Z"},"country":"Germany","OPM":1,"Total_sales_vol":0.8299999833106995,"rate_of_return":0.0}
{"window":{"start":"2022-05-06T21:40:00.000Z","end":"2022-05-06T21:41:00.000Z"},"country":"EIRE","OPM":1,"Total_sales_vol":0.8500000238418579,"rate_of_return":0.0}
{"window":{"start":"2022-05-07T05:57:00.000Z","end":"2022-05-07T05:58:00.000Z"},"country":"Sweden","OPM":1,"Total_sales_vol":21.369999945163727,"rate_of_return":0.0}
{"window":{"start":"2022-05-08T17:17:00.000Z","end":"2022-05-08T17:18:00.000Z"},"country":"EIRE","OPM":1,"Total_sales_vol":38.6499969959259,"rate_of_return":0.0}
{"window":{"start":"2022-05-07T01:27:00.000Z","end":"2022-05-07T01:28:00.000Z"},"country":"United Kingdom","OPM":5,"Total_sales_vol":498.40000307559967,"rate_of_return":0.0}
{"window":{"start":"2022-05-06T00:01:00.000Z","end":"2022-05-06T00:02:00.000Z"},"country":"United Kingdom","OPM":14,"Total_sales_vol":961.740002810955,"rate_of_return":0.0}
{"window":{"start":"2022-05-06T21:11:00.000Z","end":"2022-05-06T21:12:00.000Z"},"country":"United Kingdom","OPM":9,"Total_sales_vol":447.60998556017876,"rate_of_return":0.15}
{"window":{"start":"2022-05-07T08:06:00.000Z","end":"2022-05-07T08:07:00.000Z"},"country":"United Kingdom","OPM":6,"Total_sales_vol":229.3399977684021,"rate_of_return":0.4}
{"window":{"start":"2022-05-10T11:21:00.000Z","end":"2022-05-10T11:22:00.000Z"},"country":"United Kingdom","OPM":5,"Total_sales_vol":697.7100253105164,"rate_of_return":0.3888888888888889}
{"window":{"start":"2022-05-08T16:15:00.000Z","end":"2022-05-08T16:16:00.000Z"},"country":"Australia","OPM":1,"Total_sales_vol":11.609999895095825,"rate_of_return":0.0}
{"window":{"start":"2022-05-07T09:39:00.000Z","end":"2022-05-07T09:40:00.000Z"},"country":"United Kingdom","OPM":5,"Total_sales_vol":1694.0599700212479,"rate_of_return":0.0}
{"window":{"start":"2022-05-08T18:21:00.000Z","end":"2022-05-08T18:22:00.000Z"},"country":"United Kingdom","OPM":5,"Total_sales_vol":169.39999723434448,"rate_of_return":0.0}
{"window":{"start":"2022-05-06T13:46:00.000Z","end":"2022-05-06T13:47:00.000Z"},"country":"United Kingdom","OPM":11,"Total_sales_vol":1303.8200391829014,"rate_of_return":0.0}
{"window":{"start":"2022-05-05T21:50:00.000Z","end":"2022-05-05T21:51:00.000Z"},"country":"Japan","OPM":1,"Total_sales_vol":59.15999984741211,"rate_of_return":0.0}
{"window":{"start":"2022-05-09T05:23:00.000Z","end":"2022-05-09T05:24:00.000Z"},"country":"United Kingdom","OPM":4,"Total_sales_vol":143.60999923944473,"rate_of_return":0.0}
{"window":{"start":"2022-05-10T04:33:00.000Z","end":"2022-05-10T04:34:00.000Z"},"country":"United Kingdom","OPM":7,"Total_sales_vol":686.7499933242798,"rate_of_return":0.0}
{"window":{"start":"2022-05-06T18:02:00.000Z","end":"2022-05-06T18:03:00.000Z"},"country":"Germany","OPM":1,"Total_sales_vol":56.6099990606308,"rate_of_return":0.0}
{"window":{"start":"2022-05-07T09:37:00.000Z","end":"2022-05-07T09:38:00.000Z"},"country":"United Kingdom","OPM":9,"Total_sales_vol":540.3100078105927,"rate_of_return":0.04}
{"window":{"start":"2022-05-10T08:27:00.000Z","end":"2022-05-10T08:28:00.000Z"},"country":"United Kingdom","OPM":12,"Total_sales_vol":1216.6599633097649,"rate_of_return":0.0}
{"window":{"start":"2022-05-08T02:07:00.000Z","end":"2022-05-08T02:08:00.000Z"},"country":"Germany","OPM":1,"Total_sales_vol":31.380000829696655,"rate_of_return":0.0}
{"window":{"start":"2022-05-09T11:38:00.000Z","end":"2022-05-09T11:39:00.000Z"},"country":"United Kingdom","OPM":11,"Total_sales_vol":1027.3600108325481,"rate_of_return":0.0}
{"window":{"start":"2022-05-09T08:34:00.000Z","end":"2022-05-09T08:35:00.000Z"},"country":"United Kingdom","OPM":9,"Total_sales_vol":434.7800098359585,"rate_of_return":0.0}
{"window":{"start":"2022-05-08T23:29:00.000Z","end":"2022-05-08T23:30:00.000Z"},"country":"EIRE","OPM":2,"Total_sales_vol":192.60000038146973,"rate_of_return":0.0}
{"window":{"start":"2022-05-07T16:04:00.000Z","end":"2022-05-07T16:05:00.000Z"},"country":"France","OPM":1,"Total_sales_vol":29.619999706745148,"rate_of_return":0.0}
{"window":{"start":"2022-05-09T04:17:00.000Z","end":"2022-05-09T04:18:00.000Z"},"country":"United Kingdom","OPM":9,"Total_sales_vol":826.5499936342239,"rate_of_return":0.038461538461538464}
{"window":{"start":"2022-05-09T07:15:00.000Z","end":"2022-05-09T07:16:00.000Z"},"country":"Germany","OPM":1,"Total_sales_vol":-108.99000072479248,"rate_of_return":1.0}
{"window":{"start":"2022-05-10T13:02:00.000Z","end":"2022-05-10T13:03:00.000Z"},"country":"France","OPM":1,"Total_sales_vol":43.51000118255615,"rate_of_return":0.0}
{"window":{"start":"2022-05-10T03:44:00.000Z","end":"2022-05-10T03:45:00.000Z"},"country":"Germany","OPM":1,"Total_sales_vol":849.889999628067,"rate_of_return":0.0}
{"window":{"start":"2022-05-10T09:11:00.000Z","end":"2022-05-10T09:12:00.000Z"},"country":"Norway","OPM":1,"Total_sales_vol":148.0900024175644,"rate_of_return":0.0}
{"window":{"start":"2022-05-07T11:09:00.000Z","end":"2022-05-07T11:10:00.000Z"},"country":"United Kingdom","OPM":4,"Total_sales_vol":358.7199919819832,"rate_of_return":0.0}
{"window":{"start":"2022-05-07T03:33:00.000Z","end":"2022-05-07T03:34:00.000Z"},"country":"United Kingdom","OPM":5,"Total_sales_vol":117.75000005960464,"rate_of_return":0.0}
