{"window":{"start":"2022-05-06T02:39:00.000Z","end":"2022-05-06T02:40:00.000Z"},"country":"Germany","OPM":1,"Total_sales_vol":10.5,"rate_of_return":0.0}
{"window":{"start":"2022-05-06T23:41:00.000Z","end":"2022-05-06T23:42:00.000Z"},"country":"Denmark","OPM":1,"Total_sales_vol":48.329999923706055,"rate_of_return":0.0}
{"window":{"start":"2022-05-05T22:05:00.000Z","end":"2022-05-05T22:06:00.000Z"},"country":"Belgium","OPM":1,"Total_sales_vol":7.880000114440918,"rate_of_return":0.0}
{"window":{"start":"2022-05-06T09:08:00.000Z","end":"2022-05-06T09:09:00.000Z"},"country":"United Kingdom","OPM":4,"Total_sales_vol":175.3799973130226,"rate_of_return":0.0}
{"window":{"start":"2022-05-08T23:54:00.000Z","end":"2022-05-08T23:55:00.000Z"},"country":"United Kingdom","OPM":3,"Total_sales_vol":270.6799854040146,"rate_of_return":0.0}
{"window":{"start":"2022-05-10T01:35:00.000Z","end":"2022-05-10T01:36:00.000Z"},"country":"United Kingdom","OPM":6,"Total_sales_vol":260.1999977827072,"rate_of_return":0.0}
{"window":{"start":"2022-05-09T23:56:00.000Z","end":"2022-05-09T23:57:00.000Z"},"country":"Iceland","OPM":1,"Total_sales_vol":63.91000008583069,"rate_of_return":0.0}
{"window":{"start":"2022-05-06T18:01:00.000Z","end":"2022-05-06T18:02:00.000Z"},"country":"Australia","OPM":1,"Total_sales_vol":200.299999833107,"rate_of_return":0.0}
{"window":{"start":"2022-05-10T09:32:00.000Z","end":"2022-05-10T09:33:00.000Z"},"country":"Finland","OPM":1,"Total_sales_vol":108.33000373840332,"rate_of_return":0.0}
{"window":{"start":"2022-05-08T05:23:00.000Z","end":"2022-05-08T05:24:00.000Z"},"country":"United Kingdom","OPM":14,"Total_sales_vol":754.6799995303154,"rate_of_return":0.0}
{"window":{"start":"2022-05-09T04:10:00.000Z","end":"2022-05-09T04:11:00.000Z"},"country":"United Kingdom","OPM":8,"Total_sales_vol":517.2599944472313,"rate_of_return":0.0}
{"window":{"start":"2022-05-08T20:11:00.000Z","end":"2022-05-08T20:12:00.000Z"},"country":"Australia","OPM":1,"Total_sales_vol":55.010003089904785,"rate_of_return":0.0}
{"window":{"start":"2022-05-10T00:16:00.000Z","end":"2022-05-10T00:17:00.000Z"},"country":"Germany","OPM":1,"Total_sales_vol":170.62000238895416,"rate_of_return":0.0}
{"window":{"start":"2022-05-08T04:09:00.000Z","end":"2022-05-08T04:10:00.000Z"},"country":"Denmark","OPM":1,"Total_sales_vol":34.029998898506165,"rate_of_return":0.0}
{"window":{"start":"2022-05-09T16:25:00.000Z","end":"2022-05-09T16:26:00.000Z"},"country":"EIRE","OPM":1,"Total_sales_vol":54.84000062942505,"rate_of_return":0.0}
{"window":{"start":"2022-05-10T07:12:00.000Z","end":"2022-05-10T07:13:00.000Z"},"country":"Germany","OPM":1,"Total_sales_vol":2.950000047683716,"rate_of_return":0.0}
{"window":{"start":"2022-05-07T12:00:00.000Z","end":"2022-05-07T12:01:00.000Z"},"country":"Germany","OPM":1,"Total_sales_vol":4.179999828338623,"rate_of_return":0.0}
{"window":{"start":"2022-05-07T11:40:00.000Z","end":"2022-05-07T11:41:00.000Z"},"country":"United Kingdom","OPM":6,"Total_sales_vol":641.8200105428696,"rate_of_return":0.125}
{"window":{"start":"2022-05-08T13:35:00.000Z","end":"2022-05-08T13:36:00.000Z"},"country":"United Kingdom","OPM":11,"Total_sales_vol":486.5200023651123,"rate_of_return":0.0}
{"window":{"start":"2022-05-07T13:13:00.000Z","end":"2022-05-07T13:14:00.000Z"},"country":"United Kingdom","OPM":8,"Total_sales_vol":1089.0599947869778,"rate_of_return":0.0}
{"window":{"start":"2022-05-08T10:16:00.000Z","end":"2022-05-08T10:17:00.000Z"},"country":"Canada","OPM":1,"Total_sales_vol":29.449999809265137,"rate_of_return":0.0}
{"window":{"start":"2022-05-10T07:19:00.000Z","end":"2022-05-10T07:20:00.000Z"},"country":"EIRE","OPM":1,"Total_sales_vol":23.950000047683716,"rate_of_return":0.0}
{"window":{"start":"2022-05-09T08:39:00.000Z","end":"2022-05-09T08:40:00.000Z"},"country":"United Kingdom","OPM":5,"Total_sales_vol":800.5199919939041,"rate_of_return":0.0}
{"window":{"start":"2022-05-05T19:57:00.000Z","end":"2022-05-05T19:58:00.000Z"},"country":"United Kingdom","OPM":8,"Total_sales_vol":889.9999821782112,"rate_of_return":0.0}
{"window":{"start":"2022-05-09T20:00:00.000Z","end":"2022-05-09T20:01:00.000Z"},"country":"United Kingdom","OPM":9,"Total_sales_vol":300.8399960398674,"rate_of_return":0.06896551724137931}
{"window":{"start":"2022-05-06T00:49:00.000Z","end":"2022-05-06T00:50:00.000Z"},"country":"United Kingdom","OPM":9,"Total_sales_vol":546.3400011062622,"rate_of_return":0.038461538461538464}
{"window":{"start":"2022-05-07T11:56:00.000Z","end":"2022-05-07T11:57:00.000Z"},"country":"United Kingdom","OPM":9,"Total_sales_vol":418.5900047123432,"rate_of_return":0.0}
{"window":{"start":"2022-05-09T09:36:00.000Z","end":"2022-05-09T09:37:00.000Z"},"country":"United Kingdom","OPM":9,"Total_sales_vol":1268.639999628067,"rate_of_return":0.06666666666666667}
{"window":{"start":"2022-05-06T23:06:00.000Z","end":"2022-05-06T23:07:00.000Z"},"country":"United Kingdom","OPM":9,"Total_sales_vol":421.0600029826164,"rate_of_return":0.0}
{"window":{"start":"2022-05-08T00:23:00.000Z","end":"2022-05-08T00:24:00.000Z"},"country":"United Kingdom","OPM":9,"Total_sales_vol":234.89999917149544,"rate_of_return":0.0}
{"window":{"start":"2022-05-09T23:52:00.000Z","end":"2022-05-09T23:53:00.000Z"},"country":"United Kingdom","OPM":6,"Total_sales_vol":210.83999812602997,"rate_of_return":0.0}
{"window":{"start":"2022-05-06T23:12:00.000Z","end":"2022-05-06T23:13:00.000Z"},"country":"United Kingdom","OPM":6,"Total_sales_vol":263.6800019145012,"rate_of_return":0.14814814814814814}
{"window":{"start":"2022-05-07T05:31:00.000Z","end":"2022-05-07T05:32:00.000Z"},"country":"United Kingdom","OPM":3,"Total_sales_vol":162.68000173568726,"rate_of_return":0.0}
{"window":{"start":"2022-05-09T15:59:00.000Z","end":"2022-05-09T16:00:00.000Z"},"country":"United Kingdom","OPM":8,"Total_sales_vol":617.0999937057495,"rate_of_return":0.0}
{"window":{"start":"2022-05-09T06:20:00.000Z","end":"2022-05-09T06:21:00.000Z"},"country":"EIRE","OPM":1,"Total_sales_vol":4.199999809265137,"rate_of_return":0.0}
{"window":{"start":"2022-05-07T11:04:00.000Z","end":"2022-05-07T11:05:00.000Z"},"country":"United Kingdom","OPM":13,"Total_sales_vol":1233.349984139204,"rate_of_return":0.0}
{"window":{"start":"2022-05-08T08:55:00.000Z","end":"2022-05-08T08:56:00.000Z"},"country":"EIRE","OPM":1,"Total_sales_vol":330.0,"rate_of_return":0.0}
{"window":{"start":"2022-05-07T15:18:00.000Z","end":"2022-05-07T15:19:00.000Z"},"country":"United Kingdom","OPM":5,"Total_sales_vol":259.73999547958374,"rate_of_return":0.0}
{"window":{"start":"2022-05-09T04:48:00.000Z","end":"2022-05-09T04:49:00.000Z"},"country":"France","OPM":1,"Total_sales_vol":76.93999671936035,"rate_of_return":0.0}
{"window":{"start":"2022-05-07T10:42:00.000Z","end":"2022-05-07T10:43:00.000Z"},"country":"United Kingdom","OPM":13,"Total_sales_vol":784.7099968194962,"rate_of_return":0.0}
{"window":{"start":"2022-05-10T12:32:00.000Z","end":"2022-05-10T12:33:00.000Z"},"country":"Austria","OPM":1,"Total_sales_vol":174.59000205993652,"rate_of_return":0.0}
{"window":{"start":"2022-05-10T07:11:00.000Z","end":"2022-05-10T07:12:00.000Z"},"country":"United Kingdom","OPM":5,"Total_sales_vol":228.98999428749084,"rate_of_return":0.2}
{"window":{"start":"2022-05-06T07:29:00.000Z","end":"2022-05-06T07:30:00.000Z"},"country":"Norway","OPM":1,"Total_sales_vol":32.450000166893005,"rate_of_return":0.0}
{"window":{"start":"2022-05-06T17:06:00.000Z","end":"2022-05-06T17:07:00.000Z"},"country":"United Kingdom","OPM":6,"Total_sales_vol":223.71999675035477,"rate_of_return":0.0}
{"window":{"start":"2022-05-08T01:41:00.000Z","end":"2022-05-08T01:42:00.000Z"},"country":"United Kingdom","OPM":4,"Total_sales_vol":299.83999836444855,"rate_of_return":0.0}
{"window":{"start":"2022-05-10T04:25:00.000Z","end":"2022-05-10T04:26:00.000Z"},"country":"United Kingdom","OPM":10,"Total_sales_vol":512.1700032949448,"rate_of_return":0.19444444444444445}
{"window":{"start":"2022-05-09T18:51:00.000Z","end":"2022-05-09T18:52:00.000Z"},"country":"United Kingdom","OPM":6,"Total_sales_vol":138.1299991607666,"rate_of_return":0.0}
{"window":{"start":"2022-05-06T03:55:00.000Z","end":"2022-05-06T03:56:00.000Z"},"country":"United Kingdom","OPM":6,"Total_sales_vol":142.4699991941452,"rate_of_return":0.2631578947368421}
{"window":{"start":"2022-05-08T15:50:00.000Z","end":"2022-05-08T15:51:00.000Z"},"country":"United Kingdom","OPM":10,"Total_sales_vol":560.8500002026558,"rate_of_return":0.0}
{"window":{"start":"2022-05-06T20:45:00.000Z","end":"2022-05-06T20:46:00.000Z"},"country":"United Kingdom","OPM":8,"Total_sales_vol":1429.000014603138,"rate_of_return":0.0}
{"window":{"start":"2022-05-09T20:58:00.000Z","end":"2022-05-09T20:59:00.000Z"},"country":"United Kingdom","OPM":9,"Total_sales_vol":371.40999764204025,"rate_of_return":0.0}
{"window":{"start":"2022-05-08T13:28:00.000Z","end":"2022-05-08T13:29:00.000Z"},"country":"Netherlands","OPM":1,"Total_sales_vol":25.19999885559082,"rate_of_return":0.0}
{"window":{"start":"2022-05-06T17:50:00.000Z","end":"2022-05-06T17:51:00.000Z"},"country":"United Kingdom","OPM":13,"Total_sales_vol":744.8299929499626,"rate_of_return":0.0}
