{"window":{"start":"2022-05-07T07:44:00.000Z","end":"2022-05-07T07:45:00.000Z"},"country":"Germany","OPM":1,"Total_sales_vol":169.32000160217285,"rate_of_return":0.0}
{"window":{"start":"2022-05-07T13:26:00.000Z","end":"2022-05-07T13:27:00.000Z"},"country":"United Kingdom","OPM":8,"Total_sales_vol":945.520010471344,"rate_of_return":0.03225806451612903}
{"window":{"start":"2022-05-10T08:38:00.000Z","end":"2022-05-10T08:39:00.000Z"},"country":"France","OPM":1,"Total_sales_vol":86.41999745368958,"rate_of_return":0.0}
{"window":{"start":"2022-05-06T21:57:00.000Z","end":"2022-05-06T21:58:00.000Z"},"country":"United Kingdom","OPM":6,"Total_sales_vol":810.060005903244,"rate_of_return":0.0}
{"window":{"start":"2022-05-08T05:57:00.000Z","end":"2022-05-08T05:58:00.000Z"},"country":"France","OPM":1,"Total_sales_vol":44.78999996185303,"rate_of_return":0.0}
{"window":{"start":"2022-05-08T23:58:00.000Z","end":"2022-05-08T23:59:00.000Z"},"country":"United Kingdom","OPM":11,"Total_sales_vol":646.4899967908859,"rate_of_return":0.07142857142857142}
{"window":{"start":"2022-05-06T22:32:00.000Z","end":"2022-05-06T22:33:00.000Z"},"country":"Germany","OPM":1,"Total_sales_vol":85.71999835968018,"rate_of_return":0.0}
{"window":{"start":"2022-05-06T15:23:00.000Z","end":"2022-05-06T15:24:00.000Z"},"country":"United Kingdom","OPM":9,"Total_sales_vol":528.9700040221214,"rate_of_return":0.2}
{"window":{"start":"2022-05-09T02:47:00.000Z","end":"2022-05-09T02:48:00.000Z"},"country":"Germany","OPM":1,"Total_sales_vol":72.07999992370605,"rate_of_return":0.0}
{"window":{"start":"2022-05-05T23:49:00.000Z","end":"2022-05-05T23:50:00.000Z"},"country":"United Kingdom","OPM":17,"Total_sales_vol":566.560000538826,"rate_of_return":0.0}
{"window":{"start":"2022-05-07T09:53:00.000Z","end":"2022-05-07T09:54:00.000Z"},"country":"United Kingdom","OPM":4,"Total_sales_vol":199.1999980211258,"rate_of_return":0.0}
{"window":{"start":"2022-05-06T19:06:00.000Z","end":"2022-05-06T19:07:00.000Z"},"country":"Netherlands","OPM":1,"Total_sales_vol":173.8699951171875,"rate_of_return":0.0}
{"window":{"start":"2022-05-06T02:21:00.000Z","end":"2022-05-06T02:22:00.000Z"},"country":"Germany","OPM":1,"Total_sales_vol":4.939999997615814,"rate_of_return":0.0}
{"window":{"start":"2022-05-09T14:11:00.000Z","end":"2022-05-09T14:12:00.000Z"},"country":"Cyprus","OPM":1,"Total_sales_vol":19.799999237060547,"rate_of_return":0.0}
{"window":{"start":"2022-05-05T19:50:00.000Z","end":"2022-05-05T19:51:00.000Z"},"country":"Italy","OPM":1,"Total_sales_vol":69.72000122070312,"rate_of_return":0.0}
{"window":{"start":"2022-05-06T15:42:00.000Z","end":"2022-05-06T15:43:00.000Z"},"country":"United Kingdom","OPM":6,"Total_sales_vol":606.3099989891052,"rate_of_return":0.0}
{"window":{"start":"2022-05-10T12:58:00.000Z","end":"2022-05-10T12:59:00.000Z"},"country":"Switzerland","OPM":1,"Total_sales_vol":57.28999996185303,"rate_of_return":0.0}
{"window":{"start":"2022-05-08T00:46:00.000Z","end":"2022-05-08T00:47:00.000Z"},"country":"Germany","OPM":1,"Total_sales_vol":12.75,"rate_of_return":0.0}
{"window":{"start":"2022-05-05T19:40:00.000Z","end":"2022-05-05T19:41:00.000Z"},"country":"France","OPM":1,"Total_sales_vol":3.75,"rate_of_return":0.0}
{"window":{"start":"2022-05-09T19:35:00.000Z","end":"2022-05-09T19:36:00.000Z"},"country":"EIRE","OPM":1,"Total_sales_vol":-94.47999894618988,"rate_of_return":1.0}
{"window":{"start":"2022-05-09T05:51:00.000Z","end":"2022-05-09T05:52:00.000Z"},"country":"United Kingdom","OPM":8,"Total_sales_vol":433.43000161647797,"rate_of_return":0.0}
{"window":{"start":"2022-05-09T15:30:00.000Z","end":"2022-05-09T15:31:00.000Z"},"country":"EIRE","OPM":1,"Total_sales_vol":98.03999710083008,"rate_of_return":0.0}
{"window":{"start":"2022-05-09T21:12:00.000Z","end":"2022-05-09T21:13:00.000Z"},"country":"France","OPM":1,"Total_sales_vol":7.149999618530273,"rate_of_return":0.0}
{"window":{"start":"2022-05-09T10:32:00.000Z","end":"2022-05-09T10:33:00.000Z"},"country":"Germany","OPM":1,"Total_sales_vol":38.95000076293945,"rate_of_return":0.0}
{"window":{"start":"2022-05-09T21:22:00.000Z","end":"2022-05-09T21:23:00.000Z"},"country":"Norway","OPM":1,"Total_sales_vol":90.94000291824341,"rate_of_return":0.0}
{"window":{"start":"2022-05-10T01:42:00.000Z","end":"2022-05-10T01:43:00.000Z"},"country":"United Kingdom","OPM":11,"Total_sales_vol":561.5799986124039,"rate_of_return":0.0}
{"window":{"start":"2022-05-07T01:08:00.000Z","end":"2022-05-07T01:09:00.000Z"},"country":"Finland","OPM":1,"Total_sales_vol":10.139999866485596,"rate_of_return":0.0}
{"window":{"start":"2022-05-07T13:55:00.000Z","end":"2022-05-07T13:56:00.000Z"},"country":"France","OPM":1,"Total_sales_vol":50.39999961853027,"rate_of_return":0.0}
{"window":{"start":"2022-05-10T00:58:00.000Z","end":"2022-05-10T00:59:00.000Z"},"country":"Finland","OPM":1,"Total_sales_vol":530.9000136852264,"rate_of_return":0.0}
{"window":{"start":"2022-05-09T23:46:00.000Z","end":"2022-05-09T23:47:00.000Z"},"country":"United Kingdom","OPM":3,"Total_sales_vol":210.41000163555145,"rate_of_return":0.0}
{"window":{"start":"2022-05-08T09:40:00.000Z","end":"2022-05-08T09:41:00.000Z"},"country":"Belgium","OPM":1,"Total_sales_vol":90.73000311851501,"rate_of_return":0.0}
{"window":{"start":"2022-05-10T13:16:00.000Z","end":"2022-05-10T13:17:00.000Z"},"country":"Norway","OPM":1,"Total_sales_vol":51.91999900341034,"rate_of_return":0.0}
{"window":{"start":"2022-05-10T02:15:00.000Z","end":"2022-05-10T02:16:00.000Z"},"country":"Norway","OPM":1,"Total_sales_vol":26.950000882148743,"rate_of_return":0.0}
{"window":{"start":"2022-05-08T00:20:00.000Z","end":"2022-05-08T00:21:00.000Z"},"country":"Austria","OPM":1,"Total_sales_vol":20.22999995946884,"rate_of_return":0.0}
{"window":{"start":"2022-05-06T20:27:00.000Z","end":"2022-05-06T20:28:00.000Z"},"country":"Unspecified","OPM":1,"Total_sales_vol":264.7300004065037,"rate_of_return":0.0}
{"window":{"start":"2022-05-06T02:08:00.000Z","end":"2022-05-06T02:09:00.000Z"},"country":"United Arab Emirates","OPM":1,"Total_sales_vol":28.029999256134033,"rate_of_return":0.0}
{"window":{"start":"2022-05-10T04:23:00.000Z","end":"2022-05-10T04:24:00.000Z"},"country":"Germany","OPM":2,"Total_sales_vol":107.20999899506569,"rate_of_return":0.0}
{"window":{"start":"2022-05-05T22:08:00.000Z","end":"2022-05-05T22:09:00.000Z"},"country":"United Kingdom","OPM":8,"Total_sales_vol":407.979997754097,"rate_of_return":0.10526315789473684}
{"window":{"start":"2022-05-07T11:41:00.000Z","end":"2022-05-07T11:42:00.000Z"},"country":"United Kingdom","OPM":2,"Total_sales_vol":62.890000224113464,"rate_of_return":0.0}
{"window":{"start":"2022-05-08T21:14:00.000Z","end":"2022-05-08T21:15:00.000Z"},"country":"United Kingdom","OPM":7,"Total_sales_vol":434.2599948644638,"rate_of_return":0.0}
{"window":{"start":"2022-05-08T02:00:00.000Z","end":"2022-05-08T02:01:00.000Z"},"country":"Netherlands","OPM":1,"Total_sales_vol":12.59999942779541,"rate_of_return":0.0}
{"window":{"start":"2022-05-08T06:30:00.000Z","end":"2022-05-08T06:31:00.000Z"},"country":"Netherlands","OPM":1,"Total_sales_vol":15.0,"rate_of_return":0.0}
{"window":{"start":"2022-05-10T05:22:00.000Z","end":"2022-05-10T05:23:00.000Z"},"country":"United Kingdom","OPM":8,"Total_sales_vol":598.929992377758,"rate_of_return":0.0}
{"window":{"start":"2022-05-06T01:52:00.000Z","end":"2022-05-06T01:53:00.000Z"},"country":"United Kingdom","OPM":5,"Total_sales_vol":274.91000270843506,"rate_of_return":0.0}
{"window":{"start":"2022-05-09T13:03:00.000Z","end":"2022-05-09T13:04:00.000Z"},"country":"Germany","OPM":1,"Total_sales_vol":17.37999963760376,"rate_of_return":0.0}
{"window":{"start":"2022-05-06T08:01:00.000Z","end":"2022-05-06T08:02:00.000Z"},"country":"United Kingdom","OPM":11,"Total_sales_vol":486.14000287652016,"rate_of_return":0.04}
{"window":{"start":"2022-05-08T16:11:00.000Z","end":"2022-05-08T16:12:00.000Z"},"country":"Israel","OPM":1,"Total_sales_vol":21.84999942779541,"rate_of_return":0.0}
{"window":{"start":"2022-05-07T23:59:00.000Z","end":"2022-05-08T00:00:00.000Z"},"country":"United Kingdom","OPM":9,"Total_sales_vol":371.1399972438812,"rate_of_return":0.0}
{"window":{"start":"2022-05-09T05:17:00.000Z","end":"2022-05-09T05:18:00.000Z"},"country":"United Kingdom","OPM":10,"Total_sales_vol":1110.2100038528442,"rate_of_return":0.0}
{"window":{"start":"2022-05-07T04:21:00.000Z","end":"2022-05-07T04:22:00.000Z"},"country":"Belgium","OPM":1,"Total_sales_vol":36.05000019073486,"rate_of_return":0.0}
{"window":{"start":"2022-05-06T13:37:00.000Z","end":"2022-05-06T13:38:00.000Z"},"country":"United Kingdom","OPM":6,"Total_sales_vol":205.08999395370483,"rate_of_return":0.0}
{"window":{"start":"2022-05-05T23:26:00.000Z","end":"2022-05-05T23:27:00.000Z"},"country":"United Kingdom","OPM":15,"Total_sales_vol":847.1699898838997,"rate_of_return":0.02040816326530612}
{"window":{"start":"2022-05-08T14:41:00.000Z","end":"2022-05-08T14:42:00.000Z"},"country":"United Kingdom","OPM":11,"Total_sales_vol":701.010007172823,"rate_of_return":0.0}
{"window":{"start":"2022-05-05T20:10:00.000Z","end":"2022-05-05T20:11:00.000Z"},"country":"United Kingdom","OPM":7,"Total_sales_vol":142.08000329136848,"rate_of_return":0.3181818181818182}
{"window":{"start":"2022-05-10T02:59:00.000Z","end":"2022-05-10T03:00:00.000Z"},"country":"United Kingdom","OPM":9,"Total_sales_vol":1039.7199970185757,"rate_of_return":0.0}
{"window":{"start":"2022-05-10T04:55:00.000Z","end":"2022-05-10T04:56:00.000Z"},"country":"Germany","OPM":1,"Total_sales_vol":10.5,"rate_of_return":0.0}
{"window":{"start":"2022-05-10T07:52:00.000Z","end":"2022-05-10T07:53:00.000Z"},"country":"EIRE","OPM":1,"Total_sales_vol":55.5799999833107,"rate_of_return":0.0}
{"window":{"start":"2022-05-06T19:49:00.000Z","end":"2022-05-06T19:50:00.000Z"},"country":"Iceland","OPM":1,"Total_sales_vol":69.53999900817871,"rate_of_return":0.0}
{"window":{"start":"2022-05-08T20:19:00.000Z","end":"2022-05-08T20:20:00.000Z"},"country":"Channel Islands","OPM":1,"Total_sales_vol":395.17998814582825,"rate_of_return":0.0}
{"window":{"start":"2022-05-09T08:51:00.000Z","end":"2022-05-09T08:52:00.000Z"},"country":"EIRE","OPM":1,"Total_sales_vol":264.79999923706055,"rate_of_return":0.0}
{"window":{"start":"2022-05-05T19:01:00.000Z","end":"2022-05-05T19:02:00.000Z"},"country":"Italy","OPM":1,"Total_sales_vol":67.37000089883804,"rate_of_return":0.0}
{"window":{"start":"2022-05-09T09:37:00.000Z","end":"2022-05-09T09:38:00.000Z"},"country":"United Kingdom","OPM":8,"Total_sales_vol":197.00999867916107,"rate_of_return":0.0}
{"window":{"start":"2022-05-06T10:52:00.000Z","end":"2022-05-06T10:53:00.000Z"},"country":"United Kingdom","OPM":13,"Total_sales_vol":1303.0899870693684,"rate_of_return":0.0}
{"window":{"start":"2022-05-09T04:42:00.000Z","end":"2022-05-09T04:43:00.000Z"},"country":"Germany","OPM":1,"Total_sales_vol":2.5,"rate_of_return":0.0}
{"window":{"start":"2022-05-10T00:19:00.000Z","end":"2022-05-10T00:20:00.000Z"},"country":"France","OPM":1,"Total_sales_vol":2.209999978542328,"rate_of_return":0.0}
{"window":{"start":"2022-05-10T05:03:00.000Z","end":"2022-05-10T05:04:00.000Z"},"country":"Channel Islands","OPM":1,"Total_sales_vol":54.48000144958496,"rate_of_return":0.0}
{"window":{"start":"2022-05-08T21:58:00.000Z","end":"2022-05-08T21:59:00.000Z"},"country":"France","OPM":1,"Total_sales_vol":17.5,"rate_of_return":0.0}
{"window":{"start":"2022-05-08T00:28:00.000Z","end":"2022-05-08T00:29:00.000Z"},"country":"Canada","OPM":1,"Total_sales_vol":20.670000076293945,"rate_of_return":0.0}
{"window":{"start":"2022-05-05T22:19:00.000Z","end":"2022-05-05T22:20:00.000Z"},"country":"Cyprus","OPM":1,"Total_sales_vol":19.799999237060547,"rate_of_return":0.0}
{"window":{"start":"2022-05-09T19:19:00.000Z","end":"2022-05-09T19:20:00.000Z"},"country":"EIRE","OPM":1,"Total_sales_vol":47.29999950528145,"rate_of_return":0.0}
{"window":{"start":"2022-05-10T12:57:00.000Z","end":"2022-05-10T12:58:00.000Z"},"country":"Channel Islands","OPM":1,"Total_sales_vol":293.7299975156784,"rate_of_return":0.0}
