{"window":{"start":"2022-05-09T00:44:00.000Z","end":"2022-05-09T00:45:00.000Z"},"country":"Belgium","OPM":1,"Total_sales_vol":14.600000381469727,"rate_of_return":0.0}
{"window":{"start":"2022-05-08T20:19:00.000Z","end":"2022-05-08T20:20:00.000Z"},"country":"United Kingdom","OPM":11,"Total_sales_vol":750.3199986517429,"rate_of_return":0.0}
{"window":{"start":"2022-05-09T18:58:00.000Z","end":"2022-05-09T18:59:00.000Z"},"country":"United Kingdom","OPM":8,"Total_sales_vol":710.950003683567,"rate_of_return":0.0}
{"window":{"start":"2022-05-05T21:37:00.000Z","end":"2022-05-05T21:38:00.000Z"},"country":"EIRE","OPM":1,"Total_sales_vol":144.45999437570572,"rate_of_return":0.0}
{"window":{"start":"2022-05-07T05:11:00.000Z","end":"2022-05-07T05:12:00.000Z"},"country":"United Kingdom","OPM":4,"Total_sales_vol":277.9299981892109,"rate_of_return":0.0}
{"window":{"start":"2022-05-06T21:27:00.000Z","end":"2022-05-06T21:28:00.000Z"},"country":"Hong Kong","OPM":1,"Total_sales_vol":25.62999939918518,"rate_of_return":0.0}
{"window":{"start":"2022-05-06T00:56:00.000Z","end":"2022-05-06T00:57:00.000Z"},"country":"Spain","OPM":1,"Total_sales_vol":15.119999885559082,"rate_of_return":0.0}
{"window":{"start":"2022-05-07T21:55:00.000Z","end":"2022-05-07T21:56:00.000Z"},"country":"Germany","OPM":1,"Total_sales_vol":176.92999577522278,"rate_of_return":0.0}
{"window":{"start":"2022-05-08T00:03:00.000Z","end":"2022-05-08T00:04:00.000Z"},"country":"United Kingdom","OPM":10,"Total_sales_vol":384.1600008904934,"rate_of_return":0.0}
{"window":{"start":"2022-05-06T17:42:00.000Z","end":"2022-05-06T17:43:00.000Z"},"country":"EIRE","OPM":1,"Total_sales_vol":76.68000370264053,"rate_of_return":0.0}
{"window":{"start":"2022-05-06T15:12:00.000Z","end":"2022-05-06T15:13:00.000Z"},"country":"Germany","OPM":1,"Total_sales_vol":598.7599982023239,"rate_of_return":0.0}
{"window":{"start":"2022-05-08T16:09:00.000Z","end":"2022-05-08T16:10:00.000Z"},"country":"EIRE","OPM":1,"Total_sales_vol":61.60000076889992,"rate_of_return":0.0}
{"window":{"start":"2022-05-08T12:08:00.000Z","end":"2022-05-08T12:09:00.000Z"},"country":"United Kingdom","OPM":10,"Total_sales_vol":505.22001525759697,"rate_of_return":0.0}
{"window":{"start":"2022-05-09T00:38:00.000Z","end":"2022-05-09T00:39:00.000Z"},"country":"United Kingdom","OPM":10,"Total_sales_vol":898.7200123369694,"rate_of_return":0.0}
{"window":{"start":"2022-05-09T20:31:00.000Z","end":"2022-05-09T20:32:00.000Z"},"country":"Hong Kong","OPM":1,"Total_sales_vol":51.97000026702881,"rate_of_return":0.0}
{"window":{"start":"2022-05-06T02:14:00.000Z","end":"2022-05-06T02:15:00.000Z"},"country":"United Kingdom","OPM":9,"Total_sales_vol":-584.8100032806396,"rate_of_return":0.13636363636363635}
{"window":{"start":"2022-05-10T00:24:00.000Z","end":"2022-05-10T00:25:00.000Z"},"country":"EIRE","OPM":1,"Total_sales_vol":29.40000057220459,"rate_of_return":0.0}
{"window":{"start":"2022-05-09T04:46:00.000Z","end":"2022-05-09T04:47:00.000Z"},"country":"Switzerland","OPM":1,"Total_sales_vol":19.899999618530273,"rate_of_return":0.0}
{"window":{"start":"2022-05-08T05:40:00.000Z","end":"2022-05-08T05:41:00.000Z"},"country":"Netherlands","OPM":1,"Total_sales_vol":26.69000005722046,"rate_of_return":0.0}
{"window":{"start":"2022-05-07T14:07:00.000Z","end":"2022-05-07T14:08:00.000Z"},"country":"United Kingdom","OPM":3,"Total_sales_vol":48.84999942779541,"rate_of_return":0.0}
{"window":{"start":"2022-05-08T20:06:00.000Z","end":"2022-05-08T20:07:00.000Z"},"country":"United Kingdom","OPM":9,"Total_sales_vol":435.0499973297119,"rate_of_return":0.0}
{"window":{"start":"2022-05-06T06:59:00.000Z","end":"2022-05-06T07:00:00.000Z"},"country":"Germany","OPM":1,"Total_sales_vol":142.22000217437744,"rate_of_return":0.0}
{"window":{"start":"2022-05-10T11:17:00.000Z","end":"2022-05-10T11:18:00.000Z"},"country":"United Kingdom","OPM":13,"Total_sales_vol":890.1699838638306,"rate_of_return":0.0}
{"window":{"start":"2022-05-10T07:37:00.000Z","end":"2022-05-10T07:38:00.000Z"},"country":"United Kingdom","OPM":8,"Total_sales_vol":775.5600031614304,"rate_of_return":0.0}
{"window":{"start":"2022-05-06T14:15:00.000Z","end":"2022-05-06T14:16:00.000Z"},"country":"Netherlands","OPM":1,"Total_sales_vol":15.0,"rate_of_return":0.0}
{"window":{"start":"2022-05-08T20:22:00.000Z","end":"2022-05-08T20:23:00.000Z"},"country":"EIRE","OPM":1,"Total_sales_vol":74.03999936580658,"rate_of_return":0.0}
{"window":{"start":"2022-05-08T00:47:00.000Z","end":"2022-05-08T00:48:00.000Z"},"country":"United Kingdom","OPM":10,"Total_sales_vol":724.2599940299988,"rate_of_return":0.0}
{"window":{"start":"2022-05-08T22:44:00.000Z","end":"2022-05-08T22:45:00.000Z"},"country":"United Kingdom","OPM":12,"Total_sales_vol":478.53999730944633,"rate_of_return":0.09090909090909091}
{"window":{"start":"2022-05-05T17:30:00.000Z","end":"2022-05-05T17:31:00.000Z"},"country":"United Kingdom","OPM":9,"Total_sales_vol":1337.1299824118614,"rate_of_return":0.0}
{"window":{"start":"2022-05-09T21:54:00.000Z","end":"2022-05-09T21:55:00.000Z"},"country":"EIRE","OPM":1,"Total_sales_vol":55.99999752640724,"rate_of_return":0.0}
{"window":{"start":"2022-05-09T07:25:00.000Z","end":"2022-05-09T07:26:00.000Z"},"country":"USA","OPM":1,"Total_sales_vol":311.8000030517578,"rate_of_return":0.0}
{"window":{"start":"2022-05-07T18:08:00.000Z","end":"2022-05-07T18:09:00.000Z"},"country":"Portugal","OPM":1,"Total_sales_vol":369.8800086081028,"rate_of_return":0.0}
{"window":{"start":"2022-05-08T10:55:00.000Z","end":"2022-05-08T10:56:00.000Z"},"country":"United Kingdom","OPM":8,"Total_sales_vol":627.229993224144,"rate_of_return":0.0}
{"window":{"start":"2022-05-07T19:04:00.000Z","end":"2022-05-07T19:05:00.000Z"},"country":"United Kingdom","OPM":4,"Total_sales_vol":81.38000059127808,"rate_of_return":0.0}
{"window":{"start":"2022-05-08T04:46:00.000Z","end":"2022-05-08T04:47:00.000Z"},"country":"France","OPM":1,"Total_sales_vol":52.71999979019165,"rate_of_return":0.0}
{"window":{"start":"2022-05-10T02:15:00.000Z","end":"2022-05-10T02:16:00.000Z"},"country":"Spain","OPM":1,"Total_sales_vol":112.95000144839287,"rate_of_return":0.0}
{"window":{"start":"2022-05-08T01:13:00.000Z","end":"2022-05-08T01:14:00.000Z"},"country":"Germany","OPM":1,"Total_sales_vol":33.22999954223633,"rate_of_return":0.0}
{"window":{"start":"2022-05-06T10:39:00.000Z","end":"2022-05-06T10:40:00.000Z"},"country":"United Kingdom","OPM":8,"Total_sales_vol":381.60000389814377,"rate_of_return":0.0}
{"window":{"start":"2022-05-10T07:05:00.000Z","end":"2022-05-10T07:06:00.000Z"},"country":"United Kingdom","OPM":10,"Total_sales_vol":395.2400002479553,"rate_of_return":0.0}
{"window":{"start":"2022-05-07T20:31:00.000Z","end":"2022-05-07T20:32:00.000Z"},"country":"Unspecified","OPM":1,"Total_sales_vol":20.539999961853027,"rate_of_return":0.0}
{"window":{"start":"2022-05-10T05:43:00.000Z","end":"2022-05-10T05:44:00.000Z"},"country":"United Kingdom","OPM":11,"Total_sales_vol":1146.1999942660332,"rate_of_return":0.0}
{"window":{"start":"2022-05-06T06:21:00.000Z","end":"2022-05-06T06:22:00.000Z"},"country":"United Kingdom","OPM":12,"Total_sales_vol":440.99000456929207,"rate_of_return":0.175}
{"window":{"start":"2022-05-08T22:39:00.000Z","end":"2022-05-08T22:40:00.000Z"},"country":"United Kingdom","OPM":11,"Total_sales_vol":894.6199918985367,"rate_of_return":0.0}
{"window":{"start":"2022-05-08T04:46:00.000Z","end":"2022-05-08T04:47:00.000Z"},"country":"Norway","OPM":1,"Total_sales_vol":98.39999771118164,"rate_of_return":0.0}
{"window":{"start":"2022-05-10T07:36:00.000Z","end":"2022-05-10T07:37:00.000Z"},"country":"United Kingdom","OPM":10,"Total_sales_vol":459.80999541282654,"rate_of_return":0.1}
{"window":{"start":"2022-05-05T23:42:00.000Z","end":"2022-05-05T23:43:00.000Z"},"country":"United Kingdom","OPM":6,"Total_sales_vol":194.67999973893166,"rate_of_return":0.0}
{"window":{"start":"2022-05-06T15:59:00.000Z","end":"2022-05-06T16:00:00.000Z"},"country":"United Kingdom","OPM":9,"Total_sales_vol":126.44999903440475,"rate_of_return":0.18518518518518517}
{"window":{"start":"2022-05-06T01:46:00.000Z","end":"2022-05-06T01:47:00.000Z"},"country":"United Kingdom","OPM":10,"Total_sales_vol":1377.3099827766418,"rate_of_return":0.0}
{"window":{"start":"2022-05-08T13:33:00.000Z","end":"2022-05-08T13:34:00.000Z"},"country":"United Kingdom","OPM":7,"Total_sales_vol":461.12000101804733,"rate_of_return":0.11764705882352941}
{"window":{"start":"2022-05-09T13:29:00.000Z","end":"2022-05-09T13:30:00.000Z"},"country":"United Kingdom","OPM":7,"Total_sales_vol":336.5000045001507,"rate_of_return":0.2903225806451613}
{"window":{"start":"2022-05-10T06:57:00.000Z","end":"2022-05-10T06:58:00.000Z"},"country":"Spain","OPM":1,"Total_sales_vol":40.20000076293945,"rate_of_return":0.0}
{"window":{"start":"2022-05-07T08:51:00.000Z","end":"2022-05-07T08:52:00.000Z"},"country":"EIRE","OPM":1,"Total_sales_vol":67.71000063419342,"rate_of_return":0.0}
{"window":{"start":"2022-05-07T19:07:00.000Z","end":"2022-05-07T19:08:00.000Z"},"country":"United Kingdom","OPM":8,"Total_sales_vol":651.7400017976761,"rate_of_return":0.0}
{"window":{"start":"2022-05-09T22:37:00.000Z","end":"2022-05-09T22:38:00.000Z"},"country":"France","OPM":1,"Total_sales_vol":0.8299999833106995,"rate_of_return":0.0}
{"window":{"start":"2022-05-10T00:25:00.000Z","end":"2022-05-10T00:26:00.000Z"},"country":"Netherlands","OPM":2,"Total_sales_vol":141.12000066041946,"rate_of_return":0.0}
{"window":{"start":"2022-05-10T08:28:00.000Z","end":"2022-05-10T08:29:00.000Z"},"country":"Canada","OPM":1,"Total_sales_vol":7.230000019073486,"rate_of_return":0.0}
