{"window":{"start":"2022-05-08T04:34:00.000Z","end":"2022-05-08T04:35:00.000Z"},"country":"United Kingdom","OPM":5,"Total_sales_vol":482.779993057251,"rate_of_return":0.0}
{"window":{"start":"2022-05-06T22:09:00.000Z","end":"2022-05-06T22:10:00.000Z"},"country":"Germany","OPM":1,"Total_sales_vol":371.7999931573868,"rate_of_return":0.0}
{"window":{"start":"2022-05-08T19:21:00.000Z","end":"2022-05-08T19:22:00.000Z"},"country":"United Kingdom","OPM":12,"Total_sales_vol":905.7500056326389,"rate_of_return":0.0851063829787234}
{"window":{"start":"2022-05-10T06:36:00.000Z","end":"2022-05-10T06:37:00.000Z"},"country":"United Kingdom","OPM":7,"Total_sales_vol":270.1599990129471,"rate_of_return":0.0}
{"window":{"start":"2022-05-06T20:48:00.000Z","end":"2022-05-06T20:49:00.000Z"},"country":"Portugal","OPM":1,"Total_sales_vol":41.0,"rate_of_return":0.0}
{"window":{"start":"2022-05-08T01:24:00.000Z","end":"2022-05-08T01:25:00.000Z"},"country":"United Kingdom","OPM":8,"Total_sales_vol":1476.9699590206146,"rate_of_return":0.0}
{"window":{"start":"2022-05-07T10:19:00.000Z","end":"2022-05-07T10:20:00.000Z"},"country":"United Kingdom","OPM":16,"Total_sales_vol":1138.6700166761875,"rate_of_return":0.18}
{"window":{"start":"2022-05-09T20:51:00.000Z","end":"2022-05-09T20:52:00.000Z"},"country":"United Kingdom","OPM":15,"Total_sales_vol":2037.329984933138,"rate_of_return":0.0}
{"window":{"start":"2022-05-09T16:55:00.000Z","end":"2022-05-09T16:56:00.000Z"},"country":"United Kingdom","OPM":12,"Total_sales_vol":609.1800026297569,"rate_of_return":0.09433962264150944}
{"window":{"start":"2022-05-05T21:17:00.000Z","end":"2022-05-05T21:18:00.000Z"},"country":"United Kingdom","OPM":3,"Total_sales_vol":61.62000036239624,"rate_of_return":0.3333333333333333}
{"window":{"start":"2022-05-07T02:34:00.000Z","end":"2022-05-07T02:35:00.000Z"},"country":"United Kingdom","OPM":9,"Total_sales_vol":582.8100041151047,"rate_of_return":0.0}
{"window":{"start":"2022-05-08T05:56:00.000Z","end":"2022-05-08T05:57:00.000Z"},"country":"United Kingdom","OPM":10,"Total_sales_vol":610.619989156723,"rate_of_return":0.02857142857142857}
{"window":{"start":"2022-05-09T16:51:00.000Z","end":"2022-05-09T16:52:00.000Z"},"country":"United Kingdom","OPM":6,"Total_sales_vol":442.8799950182438,"rate_of_return":0.0}
{"window":{"start":"2022-05-09T19:19:00.000Z","end":"2022-05-09T19:20:00.000Z"},"country":"United Kingdom","OPM":9,"Total_sales_vol":341.21999156475067,"rate_of_return":0.0}
{"window":{"start":"2022-05-06T17:56:00.000Z","end":"2022-05-06T17:57:00.000Z"},"country":"United Kingdom","OPM":4,"Total_sales_vol":194.87999665737152,"rate_of_return":0.0}
{"window":{"start":"2022-05-09T06:17:00.000Z","end":"2022-05-09T06:18:00.000Z"},"country":"United Kingdom","OPM":6,"Total_sales_vol":260.4099935889244,"rate_of_return":0.0}
{"window":{"start":"2022-05-07T05:56:00.000Z","end":"2022-05-07T05:57:00.000Z"},"country":"United Kingdom","OPM":15,"Total_sales_vol":690.7599955797195,"rate_of_return":0.37254901960784315}
{"window":{"start":"2022-05-06T06:30:00.000Z","end":"2022-05-06T06:31:00.000Z"},"country":"United Kingdom","OPM":17,"Total_sales_vol":1195.5999935865402,"rate_of_return":0.0}
{"window":{"start":"2022-05-08T22:30:00.000Z","end":"2022-05-08T22:31:00.000Z"},"country":"United Kingdom","OPM":12,"Total_sales_vol":786.1300008296967,"rate_of_return":0.0}
{"window":{"start":"2022-05-10T04:12:00.000Z","end":"2022-05-10T04:13:00.000Z"},"country":"United Kingdom","OPM":14,"Total_sales_vol":1651.0999829769135,"rate_of_return":0.07936507936507936}
{"window":{"start":"2022-05-07T14:34:00.000Z","end":"2022-05-07T14:35:00.000Z"},"country":"EIRE","OPM":1,"Total_sales_vol":189.0299969315529,"rate_of_return":0.0}
{"window":{"start":"2022-05-08T03:00:00.000Z","end":"2022-05-08T03:01:00.000Z"},"country":"United Kingdom","OPM":10,"Total_sales_vol":293.3299987912178,"rate_of_return":0.09523809523809523}
{"window":{"start":"2022-05-06T02:20:00.000Z","end":"2022-05-06T02:21:00.000Z"},"country":"France","OPM":1,"Total_sales_vol":63.36000084877014,"rate_of_return":0.0}
{"window":{"start":"2022-05-05T17:30:00.000Z","end":"2022-05-05T17:31:00.000Z"},"country":"Spain","OPM":1,"Total_sales_vol":64.39000010490417,"rate_of_return":0.0}
{"window":{"start":"2022-05-07T22:20:00.000Z","end":"2022-05-07T22:21:00.000Z"},"country":"France","OPM":1,"Total_sales_vol":3.540000081062317,"rate_of_return":0.0}
{"window":{"start":"2022-05-09T05:48:00.000Z","end":"2022-05-09T05:49:00.000Z"},"country":"United Kingdom","OPM":4,"Total_sales_vol":127.63999819755554,"rate_of_return":0.0}
{"window":{"start":"2022-05-08T16:38:00.000Z","end":"2022-05-08T16:39:00.000Z"},"country":"Netherlands","OPM":3,"Total_sales_vol":245.47999596595764,"rate_of_return":0.0}
{"window":{"start":"2022-05-09T00:20:00.000Z","end":"2022-05-09T00:21:00.000Z"},"country":"Denmark","OPM":1,"Total_sales_vol":247.29000163078308,"rate_of_return":0.0}
{"window":{"start":"2022-05-09T22:09:00.000Z","end":"2022-05-09T22:10:00.000Z"},"country":"United Kingdom","OPM":6,"Total_sales_vol":519.3499898910522,"rate_of_return":0.0}
{"window":{"start":"2022-05-06T00:26:00.000Z","end":"2022-05-06T00:27:00.000Z"},"country":"United Kingdom","OPM":7,"Total_sales_vol":255.15999913215637,"rate_of_return":0.0}
{"window":{"start":"2022-05-06T02:44:00.000Z","end":"2022-05-06T02:45:00.000Z"},"country":"United Kingdom","OPM":5,"Total_sales_vol":431.38999873399734,"rate_of_return":0.0}
{"window":{"start":"2022-05-10T09:41:00.000Z","end":"2022-05-10T09:42:00.000Z"},"country":"France","OPM":1,"Total_sales_vol":6.949999809265137,"rate_of_return":0.0}
{"window":{"start":"2022-05-10T10:54:00.000Z","end":"2022-05-10T10:55:00.000Z"},"country":"United Kingdom","OPM":4,"Total_sales_vol":278.45999068021774,"rate_of_return":0.0}
{"window":{"start":"2022-05-06T07:43:00.000Z","end":"2022-05-06T07:44:00.000Z"},"country":"United Kingdom","OPM":7,"Total_sales_vol":1050.7900132536888,"rate_of_return":0.0}
{"window":{"start":"2022-05-06T10:31:00.000Z","end":"2022-05-06T10:32:00.000Z"},"country":"Singapore","OPM":1,"Total_sales_vol":17.899999618530273,"rate_of_return":0.0}
{"window":{"start":"2022-05-08T20:40:00.000Z","end":"2022-05-08T20:41:00.000Z"},"country":"United Kingdom","OPM":14,"Total_sales_vol":616.8199924230576,"rate_of_return":0.0}
{"window":{"start":"2022-05-08T20:29:00.000Z","end":"2022-05-08T20:30:00.000Z"},"country":"United Kingdom","OPM":11,"Total_sales_vol":17.54001212120056,"rate_of_return":0.12}
{"window":{"start":"2022-05-06T16:10:00.000Z","end":"2022-05-06T16:11:00.000Z"},"country":"United Kingdom","OPM":7,"Total_sales_vol":177.1499997973442,"rate_of_return":0.0}
{"window":{"start":"2022-05-09T22:28:00.000Z","end":"2022-05-09T22:29:00.000Z"},"country":"United Kingdom","OPM":3,"Total_sales_vol":438.830002784729,"rate_of_return":0.1111111111111111}
{"window":{"start":"2022-05-07T15:11:00.000Z","end":"2022-05-07T15:12:00.000Z"},"country":"United Kingdom","OPM":6,"Total_sales_vol":224.83999681472778,"rate_of_return":0.0}
{"window":{"start":"2022-05-06T06:32:00.000Z","end":"2022-05-06T06:33:00.000Z"},"country":"United Kingdom","OPM":5,"Total_sales_vol":113.62999832630157,"rate_of_return":0.0}
{"window":{"start":"2022-05-10T05:23:00.000Z","end":"2022-05-10T05:24:00.000Z"},"country":"United Kingdom","OPM":10,"Total_sales_vol":360.22000551223755,"rate_of_return":0.0}
{"window":{"start":"2022-05-07T12:03:00.000Z","end":"2022-05-07T12:04:00.000Z"},"country":"EIRE","OPM":2,"Total_sales_vol":271.4000009894371,"rate_of_return":0.0}
{"window":{"start":"2022-05-09T17:20:00.000Z","end":"2022-05-09T17:21:00.000Z"},"country":"EIRE","OPM":1,"Total_sales_vol":36.35000091791153,"rate_of_return":0.0}
{"window":{"start":"2022-05-10T00:27:00.000Z","end":"2022-05-10T00:28:00.000Z"},"country":"United Kingdom","OPM":9,"Total_sales_vol":53.50002431869507,"rate_of_return":0.4186046511627907}
{"window":{"start":"2022-05-09T13:03:00.000Z","end":"2022-05-09T13:04:00.000Z"},"country":"Spain","OPM":1,"Total_sales_vol":-619.920036315918,"rate_of_return":1.0}
{"window":{"start":"2022-05-09T23:31:00.000Z","end":"2022-05-09T23:32:00.000Z"},"country":"United Kingdom","OPM":15,"Total_sales_vol":940.6799977719784,"rate_of_return":0.0}
{"window":{"start":"2022-05-07T22:20:00.000Z","end":"2022-05-07T22:21:00.000Z"},"country":"United Kingdom","OPM":14,"Total_sales_vol":724.9800020456314,"rate_of_return":0.07317073170731707}
{"window":{"start":"2022-05-10T04:10:00.000Z","end":"2022-05-10T04:11:00.000Z"},"country":"United Kingdom","OPM":9,"Total_sales_vol":132.51000082492828,"rate_of_return":0.05263157894736842}
{"window":{"start":"2022-05-08T09:46:00.000Z","end":"2022-05-08T09:47:00.000Z"},"country":"EIRE","OPM":1,"Total_sales_vol":115.58000087738037,"rate_of_return":0.0}
{"window":{"start":"2022-05-07T03:05:00.000Z","end":"2022-05-07T03:06:00.000Z"},"country":"United Kingdom","OPM":7,"Total_sales_vol":277.149994969368,"rate_of_return":0.24}
{"window":{"start":"2022-05-07T09:32:00.000Z","end":"2022-05-07T09:33:00.000Z"},"country":"United Kingdom","OPM":7,"Total_sales_vol":536.6699934899807,"rate_of_return":0.0}
{"window":{"start":"2022-05-07T19:01:00.000Z","end":"2022-05-07T19:02:00.000Z"},"country":"United Kingdom","OPM":11,"Total_sales_vol":526.9000002145767,"rate_of_return":0.2978723404255319}
{"window":{"start":"2022-05-09T18:58:00.000Z","end":"2022-05-09T18:59:00.000Z"},"country":"EIRE","OPM":1,"Total_sales_vol":156.74999809265137,"rate_of_return":0.0}
{"window":{"start":"2022-05-06T20:26:00.000Z","end":"2022-05-06T20:27:00.000Z"},"country":"EIRE","OPM":1,"Total_sales_vol":57.75999927520752,"rate_of_return":0.0}
{"window":{"start":"2022-05-09T23:38:00.000Z","end":"2022-05-09T23:39:00.000Z"},"country":"Germany","OPM":1,"Total_sales_vol":12.719999313354492,"rate_of_return":0.0}
{"window":{"start":"2022-05-08T03:32:00.000Z","end":"2022-05-08T03:33:00.000Z"},"country":"Netherlands","OPM":1,"Total_sales_vol":139.0700000822544,"rate_of_return":0.0}
{"window":{"start":"2022-05-09T09:23:00.000Z","end":"2022-05-09T09:24:00.000Z"},"country":"EIRE","OPM":1,"Total_sales_vol":10.449999809265137,"rate_of_return":0.0}
{"window":{"start":"2022-05-07T23:16:00.000Z","end":"2022-05-07T23:17:00.000Z"},"country":"Australia","OPM":1,"Total_sales_vol":77.29999923706055,"rate_of_return":0.0}
{"window":{"start":"2022-05-06T12:21:00.000Z","end":"2022-05-06T12:22:00.000Z"},"country":"United Kingdom","OPM":11,"Total_sales_vol":889.9599985480309,"rate_of_return":0.0}
{"window":{"start":"2022-05-08T12:45:00.000Z","end":"2022-05-08T12:46:00.000Z"},"country":"United Kingdom","OPM":7,"Total_sales_vol":284.2100021839142,"rate_of_return":0.0}
{"window":{"start":"2022-05-07T11:45:00.000Z","end":"2022-05-07T11:46:00.000Z"},"country":"Portugal","OPM":1,"Total_sales_vol":1.409999966621399,"rate_of_return":0.0}
{"window":{"start":"2022-05-08T22:59:00.000Z","end":"2022-05-08T23:00:00.000Z"},"country":"United Kingdom","OPM":10,"Total_sales_vol":717.4700022339821,"rate_of_return":0.0}
{"window":{"start":"2022-05-09T00:06:00.000Z","end":"2022-05-09T00:07:00.000Z"},"country":"United Kingdom","OPM":11,"Total_sales_vol":902.5199836492538,"rate_of_return":0.06896551724137931}
{"window":{"start":"2022-05-05T18:22:00.000Z","end":"2022-05-05T18:23:00.000Z"},"country":"Channel Islands","OPM":1,"Total_sales_vol":177.14999932050705,"rate_of_return":0.0}
{"window":{"start":"2022-05-07T04:24:00.000Z","end":"2022-05-07T04:25:00.000Z"},"country":"United Kingdom","OPM":8,"Total_sales_vol":456.6599981188774,"rate_of_return":0.0}
{"window":{"start":"2022-05-08T04:14:00.000Z","end":"2022-05-08T04:15:00.000Z"},"country":"United Kingdom","OPM":6,"Total_sales_vol":283.190000474453,"rate_of_return":0.0}
{"window":{"start":"2022-05-10T02:54:00.000Z","end":"2022-05-10T02:55:00.000Z"},"country":"United Kingdom","OPM":7,"Total_sales_vol":117.31000405550003,"rate_of_return":0.15}
{"window":{"start":"2022-05-09T18:49:00.000Z","end":"2022-05-09T18:50:00.000Z"},"country":"United Kingdom","OPM":8,"Total_sales_vol":373.41000685095787,"rate_of_return":0.27586206896551724}
{"window":{"start":"2022-05-10T09:53:00.000Z","end":"2022-05-10T09:54:00.000Z"},"country":"United Kingdom","OPM":6,"Total_sales_vol":490.5800012946129,"rate_of_return":0.0}
{"window":{"start":"2022-05-07T18:48:00.000Z","end":"2022-05-07T18:49:00.000Z"},"country":"United Kingdom","OPM":8,"Total_sales_vol":600.0900005102158,"rate_of_return":0.14814814814814814}
{"window":{"start":"2022-05-09T22:03:00.000Z","end":"2022-05-09T22:04:00.000Z"},"country":"Sweden","OPM":1,"Total_sales_vol":9.149999618530273,"rate_of_return":0.0}
{"window":{"start":"2022-05-05T21:47:00.000Z","end":"2022-05-05T21:48:00.000Z"},"country":"United Kingdom","OPM":13,"Total_sales_vol":1065.429999858141,"rate_of_return":0.06818181818181818}
{"window":{"start":"2022-05-09T02:53:00.000Z","end":"2022-05-09T02:54:00.000Z"},"country":"United Kingdom","OPM":13,"Total_sales_vol":520.9399946630001,"rate_of_return":0.0}
{"window":{"start":"2022-05-10T00:34:00.000Z","end":"2022-05-10T00:35:00.000Z"},"country":"United Kingdom","OPM":14,"Total_sales_vol":945.8900020420551,"rate_of_return":0.0}
