{"window":{"start":"2022-05-07T08:44:00.000Z","end":"2022-05-07T08:45:00.000Z"},"country":"France","OPM":1,"Total_sales_vol":34.60000038146973,"rate_of_return":0.0}
{"window":{"start":"2022-05-10T09:36:00.000Z","end":"2022-05-10T09:37:00.000Z"},"country":"United Kingdom","OPM":12,"Total_sales_vol":708.509997844696,"rate_of_return":0.0}
{"window":{"start":"2022-05-08T09:38:00.000Z","end":"2022-05-08T09:39:00.000Z"},"country":"United Kingdom","OPM":11,"Total_sales_vol":794.7399924397469,"rate_of_return":0.0}
{"window":{"start":"2022-05-08T22:18:00.000Z","end":"2022-05-08T22:19:00.000Z"},"country":"United Kingdom","OPM":11,"Total_sales_vol":468.1799854040146,"rate_of_return":0.05}
{"window":{"start":"2022-05-08T12:26:00.000Z","end":"2022-05-08T12:27:00.000Z"},"country":"United Kingdom","OPM":5,"Total_sales_vol":902.7999879717827,"rate_of_return":0.0}
{"window":{"start":"2022-05-10T04:04:00.000Z","end":"2022-05-10T04:05:00.000Z"},"country":"United Kingdom","OPM":15,"Total_sales_vol":878.9599830284715,"rate_of_return":0.17307692307692307}
{"window":{"start":"2022-05-08T09:04:00.000Z","end":"2022-05-08T09:05:00.000Z"},"country":"United Kingdom","OPM":10,"Total_sales_vol":229.54999804496765,"rate_of_return":0.14285714285714285}
{"window":{"start":"2022-05-06T02:51:00.000Z","end":"2022-05-06T02:52:00.000Z"},"country":"France","OPM":1,"Total_sales_vol":2.0999999046325684,"rate_of_return":0.0}
{"window":{"start":"2022-05-10T01:04:00.000Z","end":"2022-05-10T01:05:00.000Z"},"country":"Norway","OPM":1,"Total_sales_vol":42.0,"rate_of_return":0.0}
{"window":{"start":"2022-05-08T12:27:00.000Z","end":"2022-05-08T12:28:00.000Z"},"country":"Australia","OPM":1,"Total_sales_vol":11.910000085830688,"rate_of_return":0.0}
{"window":{"start":"2022-05-09T07:32:00.000Z","end":"2022-05-09T07:33:00.000Z"},"country":"United Kingdom","OPM":11,"Total_sales_vol":447.4600023031235,"rate_of_return":0.2413793103448276}
{"window":{"start":"2022-05-09T11:23:00.000Z","end":"2022-05-09T11:24:00.000Z"},"country":"Germany","OPM":1,"Total_sales_vol":1.649999976158142,"rate_of_return":0.0}
{"window":{"start":"2022-05-06T13:27:00.000Z","end":"2022-05-06T13:28:00.000Z"},"country":"United Kingdom","OPM":15,"Total_sales_vol":735.3700036108494,"rate_of_return":0.0}
{"window":{"start":"2022-05-10T02:07:00.000Z","end":"2022-05-10T02:08:00.000Z"},"country":"Germany","OPM":1,"Total_sales_vol":1.6500000953674316,"rate_of_return":0.0}
{"window":{"start":"2022-05-10T12:20:00.000Z","end":"2022-05-10T12:21:00.000Z"},"country":"France","OPM":1,"Total_sales_vol":7.549999952316284,"rate_of_return":0.0}
{"window":{"start":"2022-05-09T21:03:00.000Z","end":"2022-05-09T21:04:00.000Z"},"country":"United Kingdom","OPM":8,"Total_sales_vol":935.6200032830238,"rate_of_return":0.0}
{"window":{"start":"2022-05-06T16:17:00.000Z","end":"2022-05-06T16:18:00.000Z"},"country":"United Kingdom","OPM":14,"Total_sales_vol":490.68000242114067,"rate_of_return":0.0}
{"window":{"start":"2022-05-07T09:34:00.000Z","end":"2022-05-07T09:35:00.000Z"},"country":"United Kingdom","OPM":7,"Total_sales_vol":344.3699986860156,"rate_of_return":0.0}
{"window":{"start":"2022-05-10T03:20:00.000Z","end":"2022-05-10T03:21:00.000Z"},"country":"United Kingdom","OPM":6,"Total_sales_vol":201.89000236988068,"rate_of_return":0.2}
{"window":{"start":"2022-05-08T20:59:00.000Z","end":"2022-05-08T21:00:00.000Z"},"country":"Denmark","OPM":1,"Total_sales_vol":0.7900000214576721,"rate_of_return":0.0}
{"window":{"start":"2022-05-10T03:39:00.000Z","end":"2022-05-10T03:40:00.000Z"},"country":"United Kingdom","OPM":9,"Total_sales_vol":269.1500009596348,"rate_of_return":0.0}
{"window":{"start":"2022-05-09T14:32:00.000Z","end":"2022-05-09T14:33:00.000Z"},"country":"EIRE","OPM":1,"Total_sales_vol":20.149999499320984,"rate_of_return":0.0}
{"window":{"start":"2022-05-07T04:38:00.000Z","end":"2022-05-07T04:39:00.000Z"},"country":"Germany","OPM":1,"Total_sales_vol":175.35000610351562,"rate_of_return":0.0}
{"window":{"start":"2022-05-09T01:16:00.000Z","end":"2022-05-09T01:17:00.000Z"},"country":"United Kingdom","OPM":8,"Total_sales_vol":386.4899895787239,"rate_of_return":0.03571428571428571}
{"window":{"start":"2022-05-09T05:49:00.000Z","end":"2022-05-09T05:50:00.000Z"},"country":"United Kingdom","OPM":15,"Total_sales_vol":604.2899969816208,"rate_of_return":0.06382978723404255}
{"window":{"start":"2022-05-09T10:44:00.000Z","end":"2022-05-09T10:45:00.000Z"},"country":"EIRE","OPM":1,"Total_sales_vol":33.200000286102295,"rate_of_return":0.0}
{"window":{"start":"2022-05-07T04:52:00.000Z","end":"2022-05-07T04:53:00.000Z"},"country":"United Kingdom","OPM":11,"Total_sales_vol":852.5900150537491,"rate_of_return":0.20588235294117646}
{"window":{"start":"2022-05-06T13:39:00.000Z","end":"2022-05-06T13:40:00.000Z"},"country":"United Kingdom","OPM":14,"Total_sales_vol":1716.0099950432777,"rate_of_return":0.0}
{"window":{"start":"2022-05-06T06:46:00.000Z","end":"2022-05-06T06:47:00.000Z"},"country":"Germany","OPM":1,"Total_sales_vol":59.63000011444092,"rate_of_return":0.0}
{"window":{"start":"2022-05-08T02:58:00.000Z","end":"2022-05-08T02:59:00.000Z"},"country":"United Kingdom","OPM":6,"Total_sales_vol":564.9499976634979,"rate_of_return":0.0}
{"window":{"start":"2022-05-09T15:32:00.000Z","end":"2022-05-09T15:33:00.000Z"},"country":"EIRE","OPM":2,"Total_sales_vol":58.45000183582306,"rate_of_return":0.0}
{"window":{"start":"2022-05-08T22:02:00.000Z","end":"2022-05-08T22:03:00.000Z"},"country":"United Kingdom","OPM":7,"Total_sales_vol":336.1500113606453,"rate_of_return":0.08695652173913043}
{"window":{"start":"2022-05-10T05:16:00.000Z","end":"2022-05-10T05:17:00.000Z"},"country":"EIRE","OPM":2,"Total_sales_vol":100.00999927520752,"rate_of_return":0.0}
{"window":{"start":"2022-05-10T06:54:00.000Z","end":"2022-05-10T06:55:00.000Z"},"country":"United Kingdom","OPM":11,"Total_sales_vol":457.9800010919571,"rate_of_return":0.0}
{"window":{"start":"2022-05-07T12:07:00.000Z","end":"2022-05-07T12:08:00.000Z"},"country":"United Kingdom","OPM":10,"Total_sales_vol":1209.6999951004982,"rate_of_return":0.0}
{"window":{"start":"2022-05-08T05:19:00.000Z","end":"2022-05-08T05:20:00.000Z"},"country":"United Kingdom","OPM":4,"Total_sales_vol":111.2400004863739,"rate_of_return":0.0}
{"window":{"start":"2022-05-06T11:21:00.000Z","end":"2022-05-06T11:22:00.000Z"},"country":"United Kingdom","OPM":12,"Total_sales_vol":709.829997420311,"rate_of_return":0.0}
{"window":{"start":"2022-05-06T07:12:00.000Z","end":"2022-05-06T07:13:00.000Z"},"country":"Netherlands","OPM":1,"Total_sales_vol":-35.97000026702881,"rate_of_return":1.0}
{"window":{"start":"2022-05-08T02:23:00.000Z","end":"2022-05-08T02:24:00.000Z"},"country":"United Kingdom","OPM":6,"Total_sales_vol":194.01000291109085,"rate_of_return":0.0}
{"window":{"start":"2022-05-09T23:00:00.000Z","end":"2022-05-09T23:01:00.000Z"},"country":"EIRE","OPM":1,"Total_sales_vol":2.0799999237060547,"rate_of_return":0.0}
{"window":{"start":"2022-05-06T21:02:00.000Z","end":"2022-05-06T21:03:00.000Z"},"country":"United Kingdom","OPM":6,"Total_sales_vol":154.8299999833107,"rate_of_return":0.08333333333333333}
{"window":{"start":"2022-05-06T03:45:00.000Z","end":"2022-05-06T03:46:00.000Z"},"country":"United Kingdom","OPM":14,"Total_sales_vol":1716.0999913215637,"rate_of_return":0.0}
{"window":{"start":"2022-05-08T05:10:00.000Z","end":"2022-05-08T05:11:00.000Z"},"country":"Finland","OPM":1,"Total_sales_vol":36.309999108314514,"rate_of_return":0.0}
{"window":{"start":"2022-05-07T05:00:00.000Z","end":"2022-05-07T05:01:00.000Z"},"country":"United Kingdom","OPM":8,"Total_sales_vol":205.52999979257584,"rate_of_return":0.08695652173913043}
{"window":{"start":"2022-05-09T12:52:00.000Z","end":"2022-05-09T12:53:00.000Z"},"country":"United Kingdom","OPM":15,"Total_sales_vol":840.1300023496151,"rate_of_return":0.11428571428571428}
{"window":{"start":"2022-05-08T04:26:00.000Z","end":"2022-05-08T04:27:00.000Z"},"country":"United Kingdom","OPM":6,"Total_sales_vol":508.0700072646141,"rate_of_return":0.08333333333333333}
{"window":{"start":"2022-05-06T03:32:00.000Z","end":"2022-05-06T03:33:00.000Z"},"country":"United Kingdom","OPM":11,"Total_sales_vol":916.910001039505,"rate_of_return":0.07142857142857142}
{"window":{"start":"2022-05-09T00:34:00.000Z","end":"2022-05-09T00:35:00.000Z"},"country":"EIRE","OPM":1,"Total_sales_vol":13.759999752044678,"rate_of_return":0.0}
{"window":{"start":"2022-05-06T18:18:00.000Z","end":"2022-05-06T18:19:00.000Z"},"country":"United Kingdom","OPM":9,"Total_sales_vol":961.2399793863297,"rate_of_return":0.125}
{"window":{"start":"2022-05-07T19:26:00.000Z","end":"2022-05-07T19:27:00.000Z"},"country":"Spain","OPM":1,"Total_sales_vol":-19.079999923706055,"rate_of_return":1.0}
{"window":{"start":"2022-05-07T18:06:00.000Z","end":"2022-05-07T18:07:00.000Z"},"country":"United Kingdom","OPM":13,"Total_sales_vol":498.4200165271759,"rate_of_return":0.23529411764705882}
{"window":{"start":"2022-05-06T05:57:00.000Z","end":"2022-05-06T05:58:00.000Z"},"country":"United Kingdom","OPM":3,"Total_sales_vol":48.1699982881546,"rate_of_return":0.0}
{"window":{"start":"2022-05-09T16:29:00.000Z","end":"2022-05-09T16:30:00.000Z"},"country":"Cyprus","OPM":1,"Total_sales_vol":36.30000019073486,"rate_of_return":0.0}
{"window":{"start":"2022-05-08T12:08:00.000Z","end":"2022-05-08T12:09:00.000Z"},"country":"France","OPM":2,"Total_sales_vol":355.5999963283539,"rate_of_return":0.0}
{"window":{"start":"2022-05-08T14:19:00.000Z","end":"2022-05-08T14:20:00.000Z"},"country":"United Kingdom","OPM":6,"Total_sales_vol":220.96999657154083,"rate_of_return":0.0}
{"window":{"start":"2022-05-10T00:43:00.000Z","end":"2022-05-10T00:44:00.000Z"},"country":"United Kingdom","OPM":11,"Total_sales_vol":140.90999954938889,"rate_of_return":0.0967741935483871}
{"window":{"start":"2022-05-09T02:16:00.000Z","end":"2022-05-09T02:17:00.000Z"},"country":"United Kingdom","OPM":11,"Total_sales_vol":755.5400041043758,"rate_of_return":0.0}
{"window":{"start":"2022-05-06T21:21:00.000Z","end":"2022-05-06T21:22:00.000Z"},"country":"United Kingdom","OPM":10,"Total_sales_vol":2635.6799901127815,"rate_of_return":0.11764705882352941}
{"window":{"start":"2022-05-09T21:11:00.000Z","end":"2022-05-09T21:12:00.000Z"},"country":"Germany","OPM":1,"Total_sales_vol":127.7799940109253,"rate_of_return":0.0}
{"window":{"start":"2022-05-06T10:35:00.000Z","end":"2022-05-06T10:36:00.000Z"},"country":"United Arab Emirates","OPM":1,"Total_sales_vol":11.599999904632568,"rate_of_return":0.0}
{"window":{"start":"2022-05-09T09:15:00.000Z","end":"2022-05-09T09:16:00.000Z"},"country":"Switzerland","OPM":1,"Total_sales_vol":48.75,"rate_of_return":0.0}
{"window":{"start":"2022-05-06T14:28:00.000Z","end":"2022-05-06T14:29:00.000Z"},"country":"Germany","OPM":1,"Total_sales_vol":31.88000053167343,"rate_of_return":0.0}
{"window":{"start":"2022-05-09T04:58:00.000Z","end":"2022-05-09T04:59:00.000Z"},"country":"United Kingdom","OPM":13,"Total_sales_vol":410.82999962568283,"rate_of_return":0.0}
{"window":{"start":"2022-05-06T07:12:00.000Z","end":"2022-05-06T07:13:00.000Z"},"country":"United Kingdom","OPM":7,"Total_sales_vol":876.5000240206718,"rate_of_return":0.0}
{"window":{"start":"2022-05-08T11:39:00.000Z","end":"2022-05-08T11:40:00.000Z"},"country":"Germany","OPM":2,"Total_sales_vol":72.82999849319458,"rate_of_return":0.0}
{"window":{"start":"2022-05-07T13:51:00.000Z","end":"2022-05-07T13:52:00.000Z"},"country":"Norway","OPM":1,"Total_sales_vol":9.779999732971191,"rate_of_return":0.0}
{"window":{"start":"2022-05-07T23:49:00.000Z","end":"2022-05-07T23:50:00.000Z"},"country":"United Kingdom","OPM":11,"Total_sales_vol":799.6099977493286,"rate_of_return":0.0}
{"window":{"start":"2022-05-07T08:37:00.000Z","end":"2022-05-07T08:38:00.000Z"},"country":"United Kingdom","OPM":3,"Total_sales_vol":100.21999764442444,"rate_of_return":0.0}
{"window":{"start":"2022-05-08T10:13:00.000Z","end":"2022-05-08T10:14:00.000Z"},"country":"United Kingdom","OPM":8,"Total_sales_vol":602.8399943113327,"rate_of_return":0.0}
{"window":{"start":"2022-05-08T14:44:00.000Z","end":"2022-05-08T14:45:00.000Z"},"country":"United Kingdom","OPM":10,"Total_sales_vol":497.6299979686737,"rate_of_return":0.0}
{"window":{"start":"2022-05-07T02:55:00.000Z","end":"2022-05-07T02:56:00.000Z"},"country":"EIRE","OPM":1,"Total_sales_vol":30.0,"rate_of_return":0.0}
{"window":{"start":"2022-05-09T23:27:00.000Z","end":"2022-05-09T23:28:00.000Z"},"country":"United Kingdom","OPM":7,"Total_sales_vol":-241.07001918554306,"rate_of_return":0.22727272727272727}
{"window":{"start":"2022-05-08T06:25:00.000Z","end":"2022-05-08T06:26:00.000Z"},"country":"Belgium","OPM":1,"Total_sales_vol":1.6299999952316284,"rate_of_return":0.0}
{"window":{"start":"2022-05-05T22:45:00.000Z","end":"2022-05-05T22:46:00.000Z"},"country":"Spain","OPM":1,"Total_sales_vol":132.5599993467331,"rate_of_return":0.0}
{"window":{"start":"2022-05-10T10:22:00.000Z","end":"2022-05-10T10:23:00.000Z"},"country":"United Kingdom","OPM":9,"Total_sales_vol":167.67000198364258,"rate_of_return":0.043478260869565216}
{"window":{"start":"2022-05-06T17:49:00.000Z","end":"2022-05-06T17:50:00.000Z"},"country":"United Kingdom","OPM":13,"Total_sales_vol":1406.0100088119507,"rate_of_return":0.0}
{"window":{"start":"2022-05-09T06:40:00.000Z","end":"2022-05-09T06:41:00.000Z"},"country":"Netherlands","OPM":1,"Total_sales_vol":147.29999995231628,"rate_of_return":0.0}
