{"window":{"start":"2022-05-09T18:11:00.000Z","end":"2022-05-09T18:12:00.000Z"},"country":"United Kingdom","OPM":7,"Total_sales_vol":638.5299907326698,"rate_of_return":0.0}
{"window":{"start":"2022-05-09T07:43:00.000Z","end":"2022-05-09T07:44:00.000Z"},"country":"EIRE","OPM":1,"Total_sales_vol":25.80000001192093,"rate_of_return":0.0}
{"window":{"start":"2022-05-10T02:20:00.000Z","end":"2022-05-10T02:21:00.000Z"},"country":"Germany","OPM":1,"Total_sales_vol":30.000000953674316,"rate_of_return":0.0}
{"window":{"start":"2022-05-05T21:35:00.000Z","end":"2022-05-05T21:36:00.000Z"},"country":"Spain","OPM":1,"Total_sales_vol":30.179998874664307,"rate_of_return":0.0}
{"window":{"start":"2022-05-05T20:58:00.000Z","end":"2022-05-05T20:59:00.000Z"},"country":"United Kingdom","OPM":9,"Total_sales_vol":627.7300006747246,"rate_of_return":0.0}
{"window":{"start":"2022-05-06T22:42:00.000Z","end":"2022-05-06T22:43:00.000Z"},"country":"Australia","OPM":1,"Total_sales_vol":41.30000305175781,"rate_of_return":0.0}
{"window":{"start":"2022-05-10T11:42:00.000Z","end":"2022-05-10T11:43:00.000Z"},"country":"France","OPM":1,"Total_sales_vol":62.60000002384186,"rate_of_return":0.0}
{"window":{"start":"2022-05-05T19:23:00.000Z","end":"2022-05-05T19:24:00.000Z"},"country":"United Kingdom","OPM":8,"Total_sales_vol":353.3100021183491,"rate_of_return":0.09090909090909091}
{"window":{"start":"2022-05-08T17:00:00.000Z","end":"2022-05-08T17:01:00.000Z"},"country":"France","OPM":1,"Total_sales_vol":271.77999091148376,"rate_of_return":0.0}
{"window":{"start":"2022-05-06T04:47:00.000Z","end":"2022-05-06T04:48:00.000Z"},"country":"Germany","OPM":1,"Total_sales_vol":5.0,"rate_of_return":0.0}
{"window":{"start":"2022-05-08T02:44:00.000Z","end":"2022-05-08T02:45:00.000Z"},"country":"United Kingdom","OPM":5,"Total_sales_vol":764.0699971914291,"rate_of_return":0.0}
{"window":{"start":"2022-05-08T05:31:00.000Z","end":"2022-05-08T05:32:00.000Z"},"country":"United Kingdom","OPM":11,"Total_sales_vol":285.610004901886,"rate_of_return":0.2127659574468085}
{"window":{"start":"2022-05-08T11:34:00.000Z","end":"2022-05-08T11:35:00.000Z"},"country":"Australia","OPM":1,"Total_sales_vol":104.3400069475174,"rate_of_return":0.0}
{"window":{"start":"2022-05-09T04:55:00.000Z","end":"2022-05-09T04:56:00.000Z"},"country":"Australia","OPM":1,"Total_sales_vol":8.03000020980835,"rate_of_return":0.0}
{"window":{"start":"2022-05-05T17:08:00.000Z","end":"2022-05-05T17:09:00.000Z"},"country":"United Kingdom","OPM":14,"Total_sales_vol":592.4100103378296,"rate_of_return":0.027777777777777776}
{"window":{"start":"2022-05-07T15:08:00.000Z","end":"2022-05-07T15:09:00.000Z"},"country":"Germany","OPM":1,"Total_sales_vol":30.960000813007355,"rate_of_return":0.0}
{"window":{"start":"2022-05-08T11:22:00.000Z","end":"2022-05-08T11:23:00.000Z"},"country":"France","OPM":1,"Total_sales_vol":49.68000316619873,"rate_of_return":0.0}
{"window":{"start":"2022-05-09T17:23:00.000Z","end":"2022-05-09T17:24:00.000Z"},"country":"United Kingdom","OPM":14,"Total_sales_vol":1538.4300149977207,"rate_of_return":0.0}
{"window":{"start":"2022-05-08T01:29:00.000Z","end":"2022-05-08T01:30:00.000Z"},"country":"United Kingdom","OPM":11,"Total_sales_vol":272.0200034379959,"rate_of_return":0.0}
{"window":{"start":"2022-05-07T08:23:00.000Z","end":"2022-05-07T08:24:00.000Z"},"country":"United Kingdom","OPM":9,"Total_sales_vol":375.02999770641327,"rate_of_return":0.0}
{"window":{"start":"2022-05-09T02:00:00.000Z","end":"2022-05-09T02:01:00.000Z"},"country":"United Kingdom","OPM":10,"Total_sales_vol":492.189994096756,"rate_of_return":0.0}
{"window":{"start":"2022-05-06T02:02:00.000Z","end":"2022-05-06T02:03:00.000Z"},"country":"United Kingdom","OPM":10,"Total_sales_vol":361.2299975156784,"rate_of_return":0.0}
{"window":{"start":"2022-05-06T20:47:00.000Z","end":"2022-05-06T20:48:00.000Z"},"country":"United Kingdom","OPM":1,"Total_sales_vol":9.160000085830688,"rate_of_return":0.0}
{"window":{"start":"2022-05-09T15:14:00.000Z","end":"2022-05-09T15:15:00.000Z"},"country":"United Kingdom","OPM":11,"Total_sales_vol":740.4200199842453,"rate_of_return":0.0}
{"window":{"start":"2022-05-08T14:21:00.000Z","end":"2022-05-08T14:22:00.000Z"},"country":"Spain","OPM":1,"Total_sales_vol":168.75,"rate_of_return":0.0}
{"window":{"start":"2022-05-06T03:11:00.000Z","end":"2022-05-06T03:12:00.000Z"},"country":"Cyprus","OPM":1,"Total_sales_vol":23.65000009536743,"rate_of_return":0.0}
{"window":{"start":"2022-05-10T10:43:00.000Z","end":"2022-05-10T10:44:00.000Z"},"country":"Germany","OPM":1,"Total_sales_vol":162.3800050020218,"rate_of_return":0.0}
{"window":{"start":"2022-05-06T20:19:00.000Z","end":"2022-05-06T20:20:00.000Z"},"country":"United Kingdom","OPM":6,"Total_sales_vol":130.56000554561615,"rate_of_return":0.3793103448275862}
{"window":{"start":"2022-05-07T18:16:00.000Z","end":"2022-05-07T18:17:00.000Z"},"country":"United Kingdom","OPM":12,"Total_sales_vol":8674.320256859064,"rate_of_return":0.04878048780487805}
{"window":{"start":"2022-05-06T11:15:00.000Z","end":"2022-05-06T11:16:00.000Z"},"country":"Norway","OPM":1,"Total_sales_vol":7.800000190734863,"rate_of_return":0.0}
{"window":{"start":"2022-05-06T11:57:00.000Z","end":"2022-05-06T11:58:00.000Z"},"country":"United Kingdom","OPM":10,"Total_sales_vol":842.1699922382832,"rate_of_return":0.0}
{"window":{"start":"2022-05-06T12:58:00.000Z","end":"2022-05-06T12:59:00.000Z"},"country":"United Kingdom","OPM":13,"Total_sales_vol":1501.0400006771088,"rate_of_return":0.0}
{"window":{"start":"2022-05-07T20:33:00.000Z","end":"2022-05-07T20:34:00.000Z"},"country":"United Kingdom","OPM":10,"Total_sales_vol":105.97000616788864,"rate_of_return":0.09375}
{"window":{"start":"2022-05-07T08:46:00.000Z","end":"2022-05-07T08:47:00.000Z"},"country":"Portugal","OPM":1,"Total_sales_vol":53.53000199794769,"rate_of_return":0.0}
{"window":{"start":"2022-05-08T15:14:00.000Z","end":"2022-05-08T15:15:00.000Z"},"country":"France","OPM":1,"Total_sales_vol":29.399999618530273,"rate_of_return":0.0}
{"window":{"start":"2022-05-08T20:37:00.000Z","end":"2022-05-08T20:38:00.000Z"},"country":"EIRE","OPM":1,"Total_sales_vol":53.269999980926514,"rate_of_return":0.0}
{"window":{"start":"2022-05-05T20:08:00.000Z","end":"2022-05-05T20:09:00.000Z"},"country":"United Kingdom","OPM":10,"Total_sales_vol":539.549997150898,"rate_of_return":0.0}
{"window":{"start":"2022-05-06T13:41:00.000Z","end":"2022-05-06T13:42:00.000Z"},"country":"United Kingdom","OPM":7,"Total_sales_vol":394.23000025749207,"rate_of_return":0.0}
{"window":{"start":"2022-05-10T02:41:00.000Z","end":"2022-05-10T02:42:00.000Z"},"country":"Germany","OPM":1,"Total_sales_vol":30.959999561309814,"rate_of_return":0.0}
{"window":{"start":"2022-05-07T22:39:00.000Z","end":"2022-05-07T22:40:00.000Z"},"country":"United Kingdom","OPM":4,"Total_sales_vol":369.07000052928925,"rate_of_return":0.0}
{"window":{"start":"2022-05-06T11:34:00.000Z","end":"2022-05-06T11:35:00.000Z"},"country":"United Kingdom","OPM":9,"Total_sales_vol":296.7799986898899,"rate_of_return":0.08}
{"window":{"start":"2022-05-07T23:30:00.000Z","end":"2022-05-07T23:31:00.000Z"},"country":"Switzerland","OPM":1,"Total_sales_vol":32.900001525878906,"rate_of_return":0.0}
{"window":{"start":"2022-05-06T11:41:00.000Z","end":"2022-05-06T11:42:00.000Z"},"country":"Germany","OPM":1,"Total_sales_vol":24.149999618530273,"rate_of_return":0.0}
{"window":{"start":"2022-05-10T00:18:00.000Z","end":"2022-05-10T00:19:00.000Z"},"country":"EIRE","OPM":1,"Total_sales_vol":59.27999860048294,"rate_of_return":0.0}
{"window":{"start":"2022-05-06T21:42:00.000Z","end":"2022-05-06T21:43:00.000Z"},"country":"Spain","OPM":1,"Total_sales_vol":49.34999942779541,"rate_of_return":0.0}
{"window":{"start":"2022-05-05T17:13:00.000Z","end":"2022-05-05T17:14:00.000Z"},"country":"United Kingdom","OPM":5,"Total_sales_vol":310.040003657341,"rate_of_return":0.0}
{"window":{"start":"2022-05-09T00:26:00.000Z","end":"2022-05-09T00:27:00.000Z"},"country":"France","OPM":1,"Total_sales_vol":3.259999990463257,"rate_of_return":0.0}
{"window":{"start":"2022-05-09T16:04:00.000Z","end":"2022-05-09T16:05:00.000Z"},"country":"United Kingdom","OPM":11,"Total_sales_vol":783.1399893760681,"rate_of_return":0.0}
{"window":{"start":"2022-05-10T08:00:00.000Z","end":"2022-05-10T08:01:00.000Z"},"country":"Germany","OPM":1,"Total_sales_vol":27.89999806880951,"rate_of_return":0.0}
{"window":{"start":"2022-05-10T07:03:00.000Z","end":"2022-05-10T07:04:00.000Z"},"country":"France","OPM":1,"Total_sales_vol":9.960000038146973,"rate_of_return":0.0}
{"window":{"start":"2022-05-09T03:32:00.000Z","end":"2022-05-09T03:33:00.000Z"},"country":"France","OPM":2,"Total_sales_vol":84.87000012397766,"rate_of_return":0.0}
