{"window":{"start":"2022-05-07T20:53:00.000Z","end":"2022-05-07T20:54:00.000Z"},"country":"RSA","OPM":1,"Total_sales_vol":82.23000293970108,"rate_of_return":0.0}
{"window":{"start":"2022-05-10T07:33:00.000Z","end":"2022-05-10T07:34:00.000Z"},"country":"United Kingdom","OPM":5,"Total_sales_vol":343.02000242471695,"rate_of_return":0.0}
{"window":{"start":"2022-05-08T10:42:00.000Z","end":"2022-05-08T10:43:00.000Z"},"country":"United Kingdom","OPM":7,"Total_sales_vol":460.9399978518486,"rate_of_return":0.0}
{"window":{"start":"2022-05-07T00:35:00.000Z","end":"2022-05-07T00:36:00.000Z"},"country":"United Kingdom","OPM":12,"Total_sales_vol":744.499997317791,"rate_of_return":0.0}
{"window":{"start":"2022-05-06T12:37:00.000Z","end":"2022-05-06T12:38:00.000Z"},"country":"United Kingdom","OPM":12,"Total_sales_vol":565.9299953281879,"rate_of_return":0.0}
{"window":{"start":"2022-05-07T08:10:00.000Z","end":"2022-05-07T08:11:00.000Z"},"country":"United Kingdom","OPM":5,"Total_sales_vol":199.8899986743927,"rate_of_return":0.15384615384615385}
{"window":{"start":"2022-05-10T07:37:00.000Z","end":"2022-05-10T07:38:00.000Z"},"country":"EIRE","OPM":2,"Total_sales_vol":19.25,"rate_of_return":0.0}
{"window":{"start":"2022-05-10T03:51:00.000Z","end":"2022-05-10T03:52:00.000Z"},"country":"Australia","OPM":1,"Total_sales_vol":13.460000157356262,"rate_of_return":0.0}
{"window":{"start":"2022-05-06T20:48:00.000Z","end":"2022-05-06T20:49:00.000Z"},"country":"Israel","OPM":1,"Total_sales_vol":13.510000050067902,"rate_of_return":0.0}
{"window":{"start":"2022-05-09T15:12:00.000Z","end":"2022-05-09T15:13:00.000Z"},"country":"Belgium","OPM":1,"Total_sales_vol":-32.59999895095825,"rate_of_return":1.0}
{"window":{"start":"2022-05-10T10:17:00.000Z","end":"2022-05-10T10:18:00.000Z"},"country":"United Kingdom","OPM":6,"Total_sales_vol":255.4399985074997,"rate_of_return":0.0}
{"window":{"start":"2022-05-08T02:57:00.000Z","end":"2022-05-08T02:58:00.000Z"},"country":"United Kingdom","OPM":7,"Total_sales_vol":255.02999699115753,"rate_of_return":0.0}
{"window":{"start":"2022-05-07T22:30:00.000Z","end":"2022-05-07T22:31:00.000Z"},"country":"Netherlands","OPM":1,"Total_sales_vol":2.549999952316284,"rate_of_return":0.0}
{"window":{"start":"2022-05-10T01:58:00.000Z","end":"2022-05-10T01:59:00.000Z"},"country":"Spain","OPM":1,"Total_sales_vol":16.5,"rate_of_return":0.0}
{"window":{"start":"2022-05-08T18:31:00.000Z","end":"2022-05-08T18:32:00.000Z"},"country":"France","OPM":1,"Total_sales_vol":31.19000005722046,"rate_of_return":0.0}
{"window":{"start":"2022-05-09T06:00:00.000Z","end":"2022-05-09T06:01:00.000Z"},"country":"Italy","OPM":1,"Total_sales_vol":8.949999809265137,"rate_of_return":0.0}
{"window":{"start":"2022-05-09T17:45:00.000Z","end":"2022-05-09T17:46:00.000Z"},"country":"United Kingdom","OPM":5,"Total_sales_vol":100.46999931335449,"rate_of_return":0.0}
{"window":{"start":"2022-05-06T11:28:00.000Z","end":"2022-05-06T11:29:00.000Z"},"country":"United Kingdom","OPM":11,"Total_sales_vol":1455.3199925422668,"rate_of_return":0.25}
{"window":{"start":"2022-05-08T07:57:00.000Z","end":"2022-05-08T07:58:00.000Z"},"country":"United Kingdom","OPM":7,"Total_sales_vol":515.8399934768677,"rate_of_return":0.0}
{"window":{"start":"2022-05-09T00:13:00.000Z","end":"2022-05-09T00:14:00.000Z"},"country":"United Kingdom","OPM":7,"Total_sales_vol":826.800003528595,"rate_of_return":0.0}
{"window":{"start":"2022-05-08T08:23:00.000Z","end":"2022-05-08T08:24:00.000Z"},"country":"United Kingdom","OPM":11,"Total_sales_vol":1389.8399910628796,"rate_of_return":0.16326530612244897}
{"window":{"start":"2022-05-06T10:37:00.000Z","end":"2022-05-06T10:38:00.000Z"},"country":"United Kingdom","OPM":9,"Total_sales_vol":870.9400042891502,"rate_of_return":0.0}
{"window":{"start":"2022-05-08T03:29:00.000Z","end":"2022-05-08T03:30:00.000Z"},"country":"EIRE","OPM":2,"Total_sales_vol":70.57000023126602,"rate_of_return":0.0}
{"window":{"start":"2022-05-07T18:27:00.000Z","end":"2022-05-07T18:28:00.000Z"},"country":"United Kingdom","OPM":8,"Total_sales_vol":388.65999895334244,"rate_of_return":0.13043478260869565}
{"window":{"start":"2022-05-10T00:43:00.000Z","end":"2022-05-10T00:44:00.000Z"},"country":"Italy","OPM":1,"Total_sales_vol":40.0,"rate_of_return":0.0}
{"window":{"start":"2022-05-08T18:11:00.000Z","end":"2022-05-08T18:12:00.000Z"},"country":"Spain","OPM":1,"Total_sales_vol":57.349998474121094,"rate_of_return":0.0}
{"window":{"start":"2022-05-06T23:27:00.000Z","end":"2022-05-06T23:28:00.000Z"},"country":"United Kingdom","OPM":10,"Total_sales_vol":582.0200029015541,"rate_of_return":0.0}
{"window":{"start":"2022-05-07T12:09:00.000Z","end":"2022-05-07T12:10:00.000Z"},"country":"United Kingdom","OPM":11,"Total_sales_vol":460.7199980914593,"rate_of_return":0.0}
{"window":{"start":"2022-05-10T01:53:00.000Z","end":"2022-05-10T01:54:00.000Z"},"country":"United Kingdom","OPM":17,"Total_sales_vol":731.7600027322769,"rate_of_return":0.15}
{"window":{"start":"2022-05-08T12:58:00.000Z","end":"2022-05-08T12:59:00.000Z"},"country":"United Kingdom","OPM":7,"Total_sales_vol":290.10999923944473,"rate_of_return":0.0}
{"window":{"start":"2022-05-05T18:48:00.000Z","end":"2022-05-05T18:49:00.000Z"},"country":"United Kingdom","OPM":11,"Total_sales_vol":553.319983959198,"rate_of_return":0.06666666666666667}
{"window":{"start":"2022-05-05T21:25:00.000Z","end":"2022-05-05T21:26:00.000Z"},"country":"United Kingdom","OPM":12,"Total_sales_vol":1087.289997547865,"rate_of_return":0.0}
{"window":{"start":"2022-05-07T17:33:00.000Z","end":"2022-05-07T17:34:00.000Z"},"country":"United Kingdom","OPM":16,"Total_sales_vol":1505.2000007480383,"rate_of_return":0.03508771929824561}
{"window":{"start":"2022-05-06T09:15:00.000Z","end":"2022-05-06T09:16:00.000Z"},"country":"Germany","OPM":1,"Total_sales_vol":3.2899999618530273,"rate_of_return":0.0}
{"window":{"start":"2022-05-09T13:14:00.000Z","end":"2022-05-09T13:15:00.000Z"},"country":"United Kingdom","OPM":6,"Total_sales_vol":429.640001565218,"rate_of_return":0.0}
{"window":{"start":"2022-05-08T22:57:00.000Z","end":"2022-05-08T22:58:00.000Z"},"country":"EIRE","OPM":1,"Total_sales_vol":23.999999403953552,"rate_of_return":0.0}
{"window":{"start":"2022-05-05T16:32:00.000Z","end":"2022-05-05T16:33:00.000Z"},"country":"United Kingdom","OPM":4,"Total_sales_vol":205.4200018644333,"rate_of_return":0.0}
{"window":{"start":"2022-05-09T06:53:00.000Z","end":"2022-05-09T06:54:00.000Z"},"country":"United Kingdom","OPM":9,"Total_sales_vol":325.48999485373497,"rate_of_return":0.0}
{"window":{"start":"2022-05-09T13:36:00.000Z","end":"2022-05-09T13:37:00.000Z"},"country":"France","OPM":1,"Total_sales_vol":22.300000190734863,"rate_of_return":0.0}
{"window":{"start":"2022-05-07T11:55:00.000Z","end":"2022-05-07T11:56:00.000Z"},"country":"United Kingdom","OPM":6,"Total_sales_vol":764.9699953794479,"rate_of_return":0.058823529411764705}
{"window":{"start":"2022-05-06T04:46:00.000Z","end":"2022-05-06T04:47:00.000Z"},"country":"EIRE","OPM":1,"Total_sales_vol":6.519999980926514,"rate_of_return":0.0}
{"window":{"start":"2022-05-05T19:47:00.000Z","end":"2022-05-05T19:48:00.000Z"},"country":"Germany","OPM":1,"Total_sales_vol":26.479999542236328,"rate_of_return":0.0}
{"window":{"start":"2022-05-06T18:17:00.000Z","end":"2022-05-06T18:18:00.000Z"},"country":"United Kingdom","OPM":15,"Total_sales_vol":329.1900168657303,"rate_of_return":0.15151515151515152}
{"window":{"start":"2022-05-09T01:40:00.000Z","end":"2022-05-09T01:41:00.000Z"},"country":"United Kingdom","OPM":13,"Total_sales_vol":706.329994738102,"rate_of_return":0.11363636363636363}
{"window":{"start":"2022-05-08T00:35:00.000Z","end":"2022-05-08T00:36:00.000Z"},"country":"France","OPM":1,"Total_sales_vol":7.900000095367432,"rate_of_return":0.0}
{"window":{"start":"2022-05-08T10:09:00.000Z","end":"2022-05-08T10:10:00.000Z"},"country":"Portugal","OPM":1,"Total_sales_vol":-95.81000024080276,"rate_of_return":1.0}
{"window":{"start":"2022-05-09T22:24:00.000Z","end":"2022-05-09T22:25:00.000Z"},"country":"United Kingdom","OPM":9,"Total_sales_vol":535.9399949908257,"rate_of_return":0.06666666666666667}
{"window":{"start":"2022-05-08T17:53:00.000Z","end":"2022-05-08T17:54:00.000Z"},"country":"Germany","OPM":1,"Total_sales_vol":128.05999755859375,"rate_of_return":0.0}
{"window":{"start":"2022-05-09T03:36:00.000Z","end":"2022-05-09T03:37:00.000Z"},"country":"United Kingdom","OPM":9,"Total_sales_vol":729.8400067687035,"rate_of_return":0.0}
{"window":{"start":"2022-05-10T11:02:00.000Z","end":"2022-05-10T11:03:00.000Z"},"country":"United Kingdom","OPM":11,"Total_sales_vol":912.4799844622612,"rate_of_return":0.0}
{"window":{"start":"2022-05-08T23:13:00.000Z","end":"2022-05-08T23:14:00.000Z"},"country":"EIRE","OPM":1,"Total_sales_vol":0.6499999761581421,"rate_of_return":0.0}
{"window":{"start":"2022-05-07T17:42:00.000Z","end":"2022-05-07T17:43:00.000Z"},"country":"France","OPM":1,"Total_sales_vol":15.0,"rate_of_return":0.0}
