{"window":{"start":"2022-05-06T21:10:00.000Z","end":"2022-05-06T21:11:00.000Z"},"country":"EIRE","OPM":1,"Total_sales_vol":67.96000027656555,"rate_of_return":0.0}
{"window":{"start":"2022-05-06T16:24:00.000Z","end":"2022-05-06T16:25:00.000Z"},"country":"EIRE","OPM":1,"Total_sales_vol":42.68000054359436,"rate_of_return":0.0}
{"window":{"start":"2022-05-09T19:01:00.000Z","end":"2022-05-09T19:02:00.000Z"},"country":"United Kingdom","OPM":10,"Total_sales_vol":-32.4299975335598,"rate_of_return":0.41935483870967744}
{"window":{"start":"2022-05-06T02:57:00.000Z","end":"2022-05-06T02:58:00.000Z"},"country":"Germany","OPM":1,"Total_sales_vol":28.059999465942383,"rate_of_return":0.0}
{"window":{"start":"2022-05-06T17:27:00.000Z","end":"2022-05-06T17:28:00.000Z"},"country":"United Kingdom","OPM":15,"Total_sales_vol":547.5699888467789,"rate_of_return":0.022727272727272728}
{"window":{"start":"2022-05-08T13:50:00.000Z","end":"2022-05-08T13:51:00.000Z"},"country":"United Kingdom","OPM":19,"Total_sales_vol":1393.8700048029423,"rate_of_return":0.10526315789473684}
{"window":{"start":"2022-05-09T13:01:00.000Z","end":"2022-05-09T13:02:00.000Z"},"country":"United Kingdom","OPM":16,"Total_sales_vol":1300.8300010859966,"rate_of_return":0.0}
{"window":{"start":"2022-05-09T04:22:00.000Z","end":"2022-05-09T04:23:00.000Z"},"country":"EIRE","OPM":1,"Total_sales_vol":17.400001525878906,"rate_of_return":0.0}
{"window":{"start":"2022-05-09T08:26:00.000Z","end":"2022-05-09T08:27:00.000Z"},"country":"Germany","OPM":1,"Total_sales_vol":-14.559999465942383,"rate_of_return":1.0}
{"window":{"start":"2022-05-08T07:16:00.000Z","end":"2022-05-08T07:17:00.000Z"},"country":"France","OPM":1,"Total_sales_vol":51.38999843597412,"rate_of_return":0.0}
{"window":{"start":"2022-05-08T02:05:00.000Z","end":"2022-05-08T02:06:00.000Z"},"country":"United Kingdom","OPM":10,"Total_sales_vol":1015.9799814224243,"rate_of_return":0.0}
{"window":{"start":"2022-05-10T12:56:00.000Z","end":"2022-05-10T12:57:00.000Z"},"country":"Germany","OPM":2,"Total_sales_vol":127.3000009059906,"rate_of_return":0.0}
{"window":{"start":"2022-05-07T09:12:00.000Z","end":"2022-05-07T09:13:00.000Z"},"country":"United Kingdom","OPM":13,"Total_sales_vol":840.5400027036667,"rate_of_return":0.0}
{"window":{"start":"2022-05-06T08:31:00.000Z","end":"2022-05-06T08:32:00.000Z"},"country":"EIRE","OPM":1,"Total_sales_vol":13.200000762939453,"rate_of_return":0.0}
{"window":{"start":"2022-05-07T01:12:00.000Z","end":"2022-05-07T01:13:00.000Z"},"country":"EIRE","OPM":1,"Total_sales_vol":36.71999931335449,"rate_of_return":0.0}
{"window":{"start":"2022-05-10T06:03:00.000Z","end":"2022-05-10T06:04:00.000Z"},"country":"Belgium","OPM":1,"Total_sales_vol":24.75,"rate_of_return":0.0}
{"window":{"start":"2022-05-06T17:54:00.000Z","end":"2022-05-06T17:55:00.000Z"},"country":"France","OPM":1,"Total_sales_vol":95.2600023150444,"rate_of_return":0.0}
{"window":{"start":"2022-05-10T05:41:00.000Z","end":"2022-05-10T05:42:00.000Z"},"country":"United Kingdom","OPM":12,"Total_sales_vol":317.7699941396713,"rate_of_return":0.0}
{"window":{"start":"2022-05-08T17:08:00.000Z","end":"2022-05-08T17:09:00.000Z"},"country":"Germany","OPM":1,"Total_sales_vol":38.15999984741211,"rate_of_return":0.0}
{"window":{"start":"2022-05-08T04:28:00.000Z","end":"2022-05-08T04:29:00.000Z"},"country":"Norway","OPM":1,"Total_sales_vol":0.41999998688697815,"rate_of_return":0.0}
{"window":{"start":"2022-05-10T00:04:00.000Z","end":"2022-05-10T00:05:00.000Z"},"country":"United Kingdom","OPM":5,"Total_sales_vol":751.8800053596497,"rate_of_return":0.0}
{"window":{"start":"2022-05-06T04:03:00.000Z","end":"2022-05-06T04:04:00.000Z"},"country":"United Kingdom","OPM":9,"Total_sales_vol":500.20999974012375,"rate_of_return":0.043478260869565216}
{"window":{"start":"2022-05-08T15:07:00.000Z","end":"2022-05-08T15:08:00.000Z"},"country":"Cyprus","OPM":2,"Total_sales_vol":-3.3199985027313232,"rate_of_return":0.5}
{"window":{"start":"2022-05-08T05:22:00.000Z","end":"2022-05-08T05:23:00.000Z"},"country":"United Kingdom","OPM":12,"Total_sales_vol":877.2699977457523,"rate_of_return":0.0}
{"window":{"start":"2022-05-08T11:03:00.000Z","end":"2022-05-08T11:04:00.000Z"},"country":"France","OPM":1,"Total_sales_vol":1.2599999904632568,"rate_of_return":0.0}
{"window":{"start":"2022-05-07T19:25:00.000Z","end":"2022-05-07T19:26:00.000Z"},"country":"United Kingdom","OPM":9,"Total_sales_vol":302.0099991261959,"rate_of_return":0.034482758620689655}
{"window":{"start":"2022-05-10T12:05:00.000Z","end":"2022-05-10T12:06:00.000Z"},"country":"United Kingdom","OPM":16,"Total_sales_vol":821.9599914550781,"rate_of_return":0.0}
{"window":{"start":"2022-05-10T00:59:00.000Z","end":"2022-05-10T01:00:00.000Z"},"country":"EIRE","OPM":1,"Total_sales_vol":-20.470000386238098,"rate_of_return":1.0}
{"window":{"start":"2022-05-10T03:23:00.000Z","end":"2022-05-10T03:24:00.000Z"},"country":"Netherlands","OPM":1,"Total_sales_vol":32.909999907016754,"rate_of_return":0.0}
{"window":{"start":"2022-05-09T21:39:00.000Z","end":"2022-05-09T21:40:00.000Z"},"country":"United Kingdom","OPM":5,"Total_sales_vol":231.42999842762947,"rate_of_return":0.0}
{"window":{"start":"2022-05-08T18:07:00.000Z","end":"2022-05-08T18:08:00.000Z"},"country":"EIRE","OPM":1,"Total_sales_vol":125.78999710083008,"rate_of_return":0.0}
{"window":{"start":"2022-05-08T20:28:00.000Z","end":"2022-05-08T20:29:00.000Z"},"country":"France","OPM":1,"Total_sales_vol":13.200000762939453,"rate_of_return":0.0}
{"window":{"start":"2022-05-10T13:25:00.000Z","end":"2022-05-10T13:26:00.000Z"},"country":"Germany","OPM":1,"Total_sales_vol":266.7899911403656,"rate_of_return":0.0}
{"window":{"start":"2022-05-07T03:17:00.000Z","end":"2022-05-07T03:18:00.000Z"},"country":"United Kingdom","OPM":5,"Total_sales_vol":46.79000002145767,"rate_of_return":0.0}
{"window":{"start":"2022-05-05T22:32:00.000Z","end":"2022-05-05T22:33:00.000Z"},"country":"Germany","OPM":1,"Total_sales_vol":1.7899999618530273,"rate_of_return":0.0}
{"window":{"start":"2022-05-06T23:02:00.000Z","end":"2022-05-06T23:03:00.000Z"},"country":"EIRE","OPM":1,"Total_sales_vol":99.13999783992767,"rate_of_return":0.0}
{"window":{"start":"2022-05-07T04:55:00.000Z","end":"2022-05-07T04:56:00.000Z"},"country":"United Kingdom","OPM":5,"Total_sales_vol":197.46000218391418,"rate_of_return":0.0}
{"window":{"start":"2022-05-09T01:13:00.000Z","end":"2022-05-09T01:14:00.000Z"},"country":"United Kingdom","OPM":20,"Total_sales_vol":1985.520023882389,"rate_of_return":0.11688311688311688}
{"window":{"start":"2022-05-10T04:15:00.000Z","end":"2022-05-10T04:16:00.000Z"},"country":"United Kingdom","OPM":2,"Total_sales_vol":57.29000103473663,"rate_of_return":0.0}
{"window":{"start":"2022-05-10T07:25:00.000Z","end":"2022-05-10T07:26:00.000Z"},"country":"France","OPM":1,"Total_sales_vol":41.30000305175781,"rate_of_return":0.0}
{"window":{"start":"2022-05-05T20:36:00.000Z","end":"2022-05-05T20:37:00.000Z"},"country":"United Kingdom","OPM":11,"Total_sales_vol":615.7200050354004,"rate_of_return":0.029411764705882353}
{"window":{"start":"2022-05-07T18:43:00.000Z","end":"2022-05-07T18:44:00.000Z"},"country":"EIRE","OPM":1,"Total_sales_vol":235.8499927520752,"rate_of_return":0.0}
{"window":{"start":"2022-05-08T12:35:00.000Z","end":"2022-05-08T12:36:00.000Z"},"country":"United Kingdom","OPM":16,"Total_sales_vol":647.4499961733818,"rate_of_return":0.10810810810810811}
{"window":{"start":"2022-05-08T20:09:00.000Z","end":"2022-05-08T20:10:00.000Z"},"country":"France","OPM":1,"Total_sales_vol":23.70000147819519,"rate_of_return":0.0}
{"window":{"start":"2022-05-07T06:03:00.000Z","end":"2022-05-07T06:04:00.000Z"},"country":"Netherlands","OPM":1,"Total_sales_vol":15.75,"rate_of_return":0.0}
{"window":{"start":"2022-05-06T12:14:00.000Z","end":"2022-05-06T12:15:00.000Z"},"country":"United Kingdom","OPM":10,"Total_sales_vol":569.0500077307224,"rate_of_return":0.0967741935483871}
{"window":{"start":"2022-05-09T04:11:00.000Z","end":"2022-05-09T04:12:00.000Z"},"country":"United Kingdom","OPM":13,"Total_sales_vol":602.5699997395277,"rate_of_return":0.0392156862745098}
{"window":{"start":"2022-05-08T16:13:00.000Z","end":"2022-05-08T16:14:00.000Z"},"country":"United Kingdom","OPM":14,"Total_sales_vol":673.5800074338913,"rate_of_return":0.047619047619047616}
{"window":{"start":"2022-05-10T11:20:00.000Z","end":"2022-05-10T11:21:00.000Z"},"country":"EIRE","OPM":2,"Total_sales_vol":1202.2099430561066,"rate_of_return":0.0}
{"window":{"start":"2022-05-07T19:27:00.000Z","end":"2022-05-07T19:28:00.000Z"},"country":"United Kingdom","OPM":11,"Total_sales_vol":211.75998890399933,"rate_of_return":0.09090909090909091}
{"window":{"start":"2022-05-09T08:12:00.000Z","end":"2022-05-09T08:13:00.000Z"},"country":"EIRE","OPM":1,"Total_sales_vol":25.859999656677246,"rate_of_return":0.0}
{"window":{"start":"2022-05-10T04:08:00.000Z","end":"2022-05-10T04:09:00.000Z"},"country":"EIRE","OPM":2,"Total_sales_vol":275.09999084472656,"rate_of_return":0.0}
{"window":{"start":"2022-05-08T14:55:00.000Z","end":"2022-05-08T14:56:00.000Z"},"country":"United Kingdom","OPM":7,"Total_sales_vol":627.3000002503395,"rate_of_return":0.07407407407407407}
{"window":{"start":"2022-05-08T10:48:00.000Z","end":"2022-05-08T10:49:00.000Z"},"country":"United Kingdom","OPM":11,"Total_sales_vol":933.6599864959717,"rate_of_return":0.0}
{"window":{"start":"2022-05-09T08:12:00.000Z","end":"2022-05-09T08:13:00.000Z"},"country":"United Kingdom","OPM":8,"Total_sales_vol":420.35999512672424,"rate_of_return":0.0}
{"window":{"start":"2022-05-10T03:14:00.000Z","end":"2022-05-10T03:15:00.000Z"},"country":"Portugal","OPM":1,"Total_sales_vol":16.709999680519104,"rate_of_return":0.0}
{"window":{"start":"2022-05-07T02:33:00.000Z","end":"2022-05-07T02:34:00.000Z"},"country":"United Kingdom","OPM":7,"Total_sales_vol":364.84000638127327,"rate_of_return":0.0}
{"window":{"start":"2022-05-07T16:23:00.000Z","end":"2022-05-07T16:24:00.000Z"},"country":"Germany","OPM":2,"Total_sales_vol":63.469998598098755,"rate_of_return":0.0}
{"window":{"start":"2022-05-10T06:08:00.000Z","end":"2022-05-10T06:09:00.000Z"},"country":"United Kingdom","OPM":6,"Total_sales_vol":44.28999638557434,"rate_of_return":0.29411764705882354}
{"window":{"start":"2022-05-06T13:25:00.000Z","end":"2022-05-06T13:26:00.000Z"},"country":"Germany","OPM":1,"Total_sales_vol":23.999999046325684,"rate_of_return":0.0}
{"window":{"start":"2022-05-07T06:22:00.000Z","end":"2022-05-07T06:23:00.000Z"},"country":"United Kingdom","OPM":16,"Total_sales_vol":695.2200008332729,"rate_of_return":0.0}
{"window":{"start":"2022-05-05T20:39:00.000Z","end":"2022-05-05T20:40:00.000Z"},"country":"United Kingdom","OPM":9,"Total_sales_vol":150.01000702381134,"rate_of_return":0.14285714285714285}
{"window":{"start":"2022-05-06T00:25:00.000Z","end":"2022-05-06T00:26:00.000Z"},"country":"United Kingdom","OPM":7,"Total_sales_vol":1033.049985408783,"rate_of_return":0.0}
{"window":{"start":"2022-05-10T02:41:00.000Z","end":"2022-05-10T02:42:00.000Z"},"country":"Switzerland","OPM":1,"Total_sales_vol":46.19999980926514,"rate_of_return":0.0}
{"window":{"start":"2022-05-07T21:34:00.000Z","end":"2022-05-07T21:35:00.000Z"},"country":"United Kingdom","OPM":7,"Total_sales_vol":813.0499993562698,"rate_of_return":0.03333333333333333}
{"window":{"start":"2022-05-06T02:41:00.000Z","end":"2022-05-06T02:42:00.000Z"},"country":"United Kingdom","OPM":10,"Total_sales_vol":699.4400071501732,"rate_of_return":0.0}
{"window":{"start":"2022-05-08T14:15:00.000Z","end":"2022-05-08T14:16:00.000Z"},"country":"United Kingdom","OPM":12,"Total_sales_vol":1025.8999927639961,"rate_of_return":0.034482758620689655}
{"window":{"start":"2022-05-08T01:47:00.000Z","end":"2022-05-08T01:48:00.000Z"},"country":"United Kingdom","OPM":6,"Total_sales_vol":1092.7799669504166,"rate_of_return":0.0}
