{"window":{"start":"2022-05-06T22:50:00.000Z","end":"2022-05-06T22:51:00.000Z"},"country":"United Kingdom","OPM":5,"Total_sales_vol":314.04000174999237,"rate_of_return":0.0}
{"window":{"start":"2022-05-05T22:20:00.000Z","end":"2022-05-05T22:21:00.000Z"},"country":"United Kingdom","OPM":7,"Total_sales_vol":345.09999614953995,"rate_of_return":0.0}
{"window":{"start":"2022-05-08T22:12:00.000Z","end":"2022-05-08T22:13:00.000Z"},"country":"EIRE","OPM":1,"Total_sales_vol":322.55999755859375,"rate_of_return":0.0}
{"window":{"start":"2022-05-06T08:42:00.000Z","end":"2022-05-06T08:43:00.000Z"},"country":"USA","OPM":1,"Total_sales_vol":18.579999923706055,"rate_of_return":0.0}
{"window":{"start":"2022-05-07T17:55:00.000Z","end":"2022-05-07T17:56:00.000Z"},"country":"United Kingdom","OPM":11,"Total_sales_vol":426.8899978399277,"rate_of_return":0.0}
{"window":{"start":"2022-05-09T12:23:00.000Z","end":"2022-05-09T12:24:00.000Z"},"country":"Germany","OPM":1,"Total_sales_vol":9.550000429153442,"rate_of_return":0.0}
{"window":{"start":"2022-05-09T14:40:00.000Z","end":"2022-05-09T14:41:00.000Z"},"country":"France","OPM":1,"Total_sales_vol":117.93000149726868,"rate_of_return":0.0}
{"window":{"start":"2022-05-09T08:22:00.000Z","end":"2022-05-09T08:23:00.000Z"},"country":"United Kingdom","OPM":9,"Total_sales_vol":337.03999239206314,"rate_of_return":0.044444444444444446}
{"window":{"start":"2022-05-10T13:24:00.000Z","end":"2022-05-10T13:25:00.000Z"},"country":"Spain","OPM":1,"Total_sales_vol":145.90000128746033,"rate_of_return":0.0}
{"window":{"start":"2022-05-09T23:03:00.000Z","end":"2022-05-09T23:04:00.000Z"},"country":"United Kingdom","OPM":5,"Total_sales_vol":120.27999740839005,"rate_of_return":0.4375}
{"window":{"start":"2022-05-08T04:57:00.000Z","end":"2022-05-08T04:58:00.000Z"},"country":"United Kingdom","OPM":11,"Total_sales_vol":1274.9500330090523,"rate_of_return":0.15151515151515152}
{"window":{"start":"2022-05-10T09:19:00.000Z","end":"2022-05-10T09:20:00.000Z"},"country":"United Kingdom","OPM":9,"Total_sales_vol":718.8199926018715,"rate_of_return":0.09375}
{"window":{"start":"2022-05-08T00:08:00.000Z","end":"2022-05-08T00:09:00.000Z"},"country":"United Kingdom","OPM":11,"Total_sales_vol":945.1799724698067,"rate_of_return":0.0}
{"window":{"start":"2022-05-07T06:56:00.000Z","end":"2022-05-07T06:57:00.000Z"},"country":"Germany","OPM":1,"Total_sales_vol":283.50999999046326,"rate_of_return":0.0}
{"window":{"start":"2022-05-10T02:01:00.000Z","end":"2022-05-10T02:02:00.000Z"},"country":"Austria","OPM":1,"Total_sales_vol":1.4500000476837158,"rate_of_return":0.0}
{"window":{"start":"2022-05-09T11:55:00.000Z","end":"2022-05-09T11:56:00.000Z"},"country":"EIRE","OPM":1,"Total_sales_vol":47.54999828338623,"rate_of_return":0.0}
{"window":{"start":"2022-05-08T08:08:00.000Z","end":"2022-05-08T08:09:00.000Z"},"country":"United Kingdom","OPM":13,"Total_sales_vol":1107.9500005841255,"rate_of_return":0.0}
{"window":{"start":"2022-05-09T03:34:00.000Z","end":"2022-05-09T03:35:00.000Z"},"country":"France","OPM":1,"Total_sales_vol":64.74999997019768,"rate_of_return":0.0}
{"window":{"start":"2022-05-07T22:19:00.000Z","end":"2022-05-07T22:20:00.000Z"},"country":"United Kingdom","OPM":14,"Total_sales_vol":5202.189963400364,"rate_of_return":0.0}
{"window":{"start":"2022-05-06T23:32:00.000Z","end":"2022-05-06T23:33:00.000Z"},"country":"United Kingdom","OPM":11,"Total_sales_vol":1866.9699991941452,"rate_of_return":0.0}
{"window":{"start":"2022-05-08T14:27:00.000Z","end":"2022-05-08T14:28:00.000Z"},"country":"Belgium","OPM":1,"Total_sales_vol":-18.650001525878906,"rate_of_return":1.0}
{"window":{"start":"2022-05-08T10:26:00.000Z","end":"2022-05-08T10:27:00.000Z"},"country":"United Kingdom","OPM":16,"Total_sales_vol":1282.419983074069,"rate_of_return":0.0}
{"window":{"start":"2022-05-08T03:40:00.000Z","end":"2022-05-08T03:41:00.000Z"},"country":"United Kingdom","OPM":5,"Total_sales_vol":310.9799964725971,"rate_of_return":0.0}
{"window":{"start":"2022-05-09T02:13:00.000Z","end":"2022-05-09T02:14:00.000Z"},"country":"France","OPM":1,"Total_sales_vol":726.5999999046326,"rate_of_return":0.0}
{"window":{"start":"2022-05-06T06:54:00.000Z","end":"2022-05-06T06:55:00.000Z"},"country":"Germany","OPM":1,"Total_sales_vol":22.530000746250153,"rate_of_return":0.0}
{"window":{"start":"2022-05-08T05:30:00.000Z","end":"2022-05-08T05:31:00.000Z"},"country":"United Kingdom","OPM":16,"Total_sales_vol":1021.4999914765358,"rate_of_return":0.0}
{"window":{"start":"2022-05-06T20:44:00.000Z","end":"2022-05-06T20:45:00.000Z"},"country":"France","OPM":1,"Total_sales_vol":58.09000015258789,"rate_of_return":0.0}
{"window":{"start":"2022-05-09T19:11:00.000Z","end":"2022-05-09T19:12:00.000Z"},"country":"United Kingdom","OPM":10,"Total_sales_vol":391.4699911773205,"rate_of_return":0.0}
{"window":{"start":"2022-05-09T23:26:00.000Z","end":"2022-05-09T23:27:00.000Z"},"country":"United Kingdom","OPM":5,"Total_sales_vol":163.71999871730804,"rate_of_return":0.0}
{"window":{"start":"2022-05-06T17:27:00.000Z","end":"2022-05-06T17:28:00.000Z"},"country":"EIRE","OPM":2,"Total_sales_vol":71.75,"rate_of_return":0.0}
{"window":{"start":"2022-05-08T01:09:00.000Z","end":"2022-05-08T01:10:00.000Z"},"country":"Poland","OPM":1,"Total_sales_vol":1.6699999868869781,"rate_of_return":0.0}
{"window":{"start":"2022-05-07T01:19:00.000Z","end":"2022-05-07T01:20:00.000Z"},"country":"France","OPM":1,"Total_sales_vol":46.60000038146973,"rate_of_return":0.0}
{"window":{"start":"2022-05-06T01:01:00.000Z","end":"2022-05-06T01:02:00.000Z"},"country":"United Kingdom","OPM":8,"Total_sales_vol":461.63999742269516,"rate_of_return":0.3}
{"window":{"start":"2022-05-06T18:59:00.000Z","end":"2022-05-06T19:00:00.000Z"},"country":"France","OPM":1,"Total_sales_vol":44.859999895095825,"rate_of_return":0.0}
{"window":{"start":"2022-05-07T10:53:00.000Z","end":"2022-05-07T10:54:00.000Z"},"country":"France","OPM":1,"Total_sales_vol":139.95000219345093,"rate_of_return":0.0}
{"window":{"start":"2022-05-07T00:30:00.000Z","end":"2022-05-07T00:31:00.000Z"},"country":"France","OPM":1,"Total_sales_vol":158.30999875068665,"rate_of_return":0.0}
{"window":{"start":"2022-05-08T09:27:00.000Z","end":"2022-05-08T09:28:00.000Z"},"country":"France","OPM":1,"Total_sales_vol":-26.899999260902405,"rate_of_return":1.0}
{"window":{"start":"2022-05-09T15:36:00.000Z","end":"2022-05-09T15:37:00.000Z"},"country":"Netherlands","OPM":1,"Total_sales_vol":33.08000147342682,"rate_of_return":0.0}
{"window":{"start":"2022-05-07T23:19:00.000Z","end":"2022-05-07T23:20:00.000Z"},"country":"Germany","OPM":1,"Total_sales_vol":1.1399999856948853,"rate_of_return":0.0}
{"window":{"start":"2022-05-06T03:08:00.000Z","end":"2022-05-06T03:09:00.000Z"},"country":"Israel","OPM":1,"Total_sales_vol":116.9699935913086,"rate_of_return":0.0}
{"window":{"start":"2022-05-10T04:02:00.000Z","end":"2022-05-10T04:03:00.000Z"},"country":"United Kingdom","OPM":7,"Total_sales_vol":372.3599901795387,"rate_of_return":0.043478260869565216}
{"window":{"start":"2022-05-09T02:37:00.000Z","end":"2022-05-09T02:38:00.000Z"},"country":"United Kingdom","OPM":14,"Total_sales_vol":781.3199870586395,"rate_of_return":0.0}
{"window":{"start":"2022-05-08T22:14:00.000Z","end":"2022-05-08T22:15:00.000Z"},"country":"United Kingdom","OPM":6,"Total_sales_vol":72.49999928474426,"rate_of_return":0.21428571428571427}
{"window":{"start":"2022-05-08T12:56:00.000Z","end":"2022-05-08T12:57:00.000Z"},"country":"France","OPM":1,"Total_sales_vol":7.179999828338623,"rate_of_return":0.0}
{"window":{"start":"2022-05-06T12:38:00.000Z","end":"2022-05-06T12:39:00.000Z"},"country":"Australia","OPM":1,"Total_sales_vol":19.799999237060547,"rate_of_return":0.0}
{"window":{"start":"2022-05-06T07:56:00.000Z","end":"2022-05-06T07:57:00.000Z"},"country":"Spain","OPM":1,"Total_sales_vol":26.949999809265137,"rate_of_return":0.0}
{"window":{"start":"2022-05-08T08:02:00.000Z","end":"2022-05-08T08:03:00.000Z"},"country":"United Kingdom","OPM":8,"Total_sales_vol":321.7900003492832,"rate_of_return":0.0}
{"window":{"start":"2022-05-05T20:53:00.000Z","end":"2022-05-05T20:54:00.000Z"},"country":"Netherlands","OPM":1,"Total_sales_vol":17.020000100135803,"rate_of_return":0.0}
{"window":{"start":"2022-05-08T10:45:00.000Z","end":"2022-05-08T10:46:00.000Z"},"country":"United Kingdom","OPM":12,"Total_sales_vol":1252.2800017297268,"rate_of_return":0.025}
{"window":{"start":"2022-05-08T16:39:00.000Z","end":"2022-05-08T16:40:00.000Z"},"country":"United Kingdom","OPM":10,"Total_sales_vol":628.8399963378906,"rate_of_return":0.0}
{"window":{"start":"2022-05-06T00:15:00.000Z","end":"2022-05-06T00:16:00.000Z"},"country":"United Kingdom","OPM":8,"Total_sales_vol":219.60999423265457,"rate_of_return":0.08695652173913043}
{"window":{"start":"2022-05-06T05:04:00.000Z","end":"2022-05-06T05:05:00.000Z"},"country":"United Kingdom","OPM":17,"Total_sales_vol":748.9000054597855,"rate_of_return":0.0}
{"window":{"start":"2022-05-06T07:10:00.000Z","end":"2022-05-06T07:11:00.000Z"},"country":"United Kingdom","OPM":15,"Total_sales_vol":855.6500053703785,"rate_of_return":0.0}
{"window":{"start":"2022-05-09T17:10:00.000Z","end":"2022-05-09T17:11:00.000Z"},"country":"United Kingdom","OPM":4,"Total_sales_vol":138.62999963760376,"rate_of_return":0.0}
{"window":{"start":"2022-05-08T01:02:00.000Z","end":"2022-05-08T01:03:00.000Z"},"country":"United Kingdom","OPM":5,"Total_sales_vol":425.2299952507019,"rate_of_return":0.125}
{"window":{"start":"2022-05-08T17:24:00.000Z","end":"2022-05-08T17:25:00.000Z"},"country":"United Kingdom","OPM":5,"Total_sales_vol":169.32000362873077,"rate_of_return":0.0}
{"window":{"start":"2022-05-08T19:31:00.000Z","end":"2022-05-08T19:32:00.000Z"},"country":"United Kingdom","OPM":7,"Total_sales_vol":359.28999495506287,"rate_of_return":0.0}
{"window":{"start":"2022-05-08T01:33:00.000Z","end":"2022-05-08T01:34:00.000Z"},"country":"United Kingdom","OPM":7,"Total_sales_vol":103.2699925005436,"rate_of_return":0.42857142857142855}
{"window":{"start":"2022-05-07T12:29:00.000Z","end":"2022-05-07T12:30:00.000Z"},"country":"United Kingdom","OPM":8,"Total_sales_vol":296.7300034761429,"rate_of_return":0.3}
{"window":{"start":"2022-05-07T20:45:00.000Z","end":"2022-05-07T20:46:00.000Z"},"country":"United Kingdom","OPM":14,"Total_sales_vol":865.2799802720547,"rate_of_return":0.0}
{"window":{"start":"2022-05-07T07:30:00.000Z","end":"2022-05-07T07:31:00.000Z"},"country":"United Kingdom","OPM":8,"Total_sales_vol":1017.6100244224072,"rate_of_return":0.0}
