{"window":{"start":"2022-05-10T06:34:00.000Z","end":"2022-05-10T06:35:00.000Z"},"country":"Germany","OPM":1,"Total_sales_vol":58.56000101566315,"rate_of_return":0.0}
{"window":{"start":"2022-05-08T18:08:00.000Z","end":"2022-05-08T18:09:00.000Z"},"country":"United Kingdom","OPM":9,"Total_sales_vol":603.0299830138683,"rate_of_return":0.0}
{"window":{"start":"2022-05-06T22:05:00.000Z","end":"2022-05-06T22:06:00.000Z"},"country":"United Kingdom","OPM":7,"Total_sales_vol":415.91001093387604,"rate_of_return":0.0}
{"window":{"start":"2022-05-10T08:35:00.000Z","end":"2022-05-10T08:36:00.000Z"},"country":"Germany","OPM":1,"Total_sales_vol":-17.400001525878906,"rate_of_return":1.0}
{"window":{"start":"2022-05-07T11:50:00.000Z","end":"2022-05-07T11:51:00.000Z"},"country":"United Kingdom","OPM":12,"Total_sales_vol":455.1400014460087,"rate_of_return":0.0}
{"window":{"start":"2022-05-09T17:37:00.000Z","end":"2022-05-09T17:38:00.000Z"},"country":"United Kingdom","OPM":9,"Total_sales_vol":491.3099984526634,"rate_of_return":0.11428571428571428}
{"window":{"start":"2022-05-07T16:04:00.000Z","end":"2022-05-07T16:05:00.000Z"},"country":"Italy","OPM":1,"Total_sales_vol":62.5,"rate_of_return":0.0}
{"window":{"start":"2022-05-07T17:25:00.000Z","end":"2022-05-07T17:26:00.000Z"},"country":"United Kingdom","OPM":7,"Total_sales_vol":310.2399982213974,"rate_of_return":0.0}
{"window":{"start":"2022-05-06T22:58:00.000Z","end":"2022-05-06T22:59:00.000Z"},"country":"United Kingdom","OPM":5,"Total_sales_vol":167.1799967288971,"rate_of_return":0.0}
{"window":{"start":"2022-05-07T01:26:00.000Z","end":"2022-05-07T01:27:00.000Z"},"country":"Canada","OPM":1,"Total_sales_vol":17.400001525878906,"rate_of_return":0.0}
{"window":{"start":"2022-05-09T05:56:00.000Z","end":"2022-05-09T05:57:00.000Z"},"country":"United Kingdom","OPM":10,"Total_sales_vol":1277.2099844813347,"rate_of_return":0.0847457627118644}
{"window":{"start":"2022-05-06T05:27:00.000Z","end":"2022-05-06T05:28:00.000Z"},"country":"Germany","OPM":1,"Total_sales_vol":11.699999809265137,"rate_of_return":0.0}
{"window":{"start":"2022-05-09T08:15:00.000Z","end":"2022-05-09T08:16:00.000Z"},"country":"United Kingdom","OPM":12,"Total_sales_vol":642.1399849951267,"rate_of_return":0.09375}
{"window":{"start":"2022-05-10T13:40:00.000Z","end":"2022-05-10T13:41:00.000Z"},"country":"United Kingdom","OPM":8,"Total_sales_vol":417.5200003683567,"rate_of_return":0.0}
{"window":{"start":"2022-05-06T00:38:00.000Z","end":"2022-05-06T00:39:00.000Z"},"country":"Netherlands","OPM":1,"Total_sales_vol":49.4499990940094,"rate_of_return":0.0}
{"window":{"start":"2022-05-09T21:42:00.000Z","end":"2022-05-09T21:43:00.000Z"},"country":"United Kingdom","OPM":9,"Total_sales_vol":484.02999699115753,"rate_of_return":0.1}
{"window":{"start":"2022-05-06T15:00:00.000Z","end":"2022-05-06T15:01:00.000Z"},"country":"United Kingdom","OPM":8,"Total_sales_vol":592.1900044679642,"rate_of_return":0.0}
{"window":{"start":"2022-05-09T06:22:00.000Z","end":"2022-05-09T06:23:00.000Z"},"country":"United Kingdom","OPM":9,"Total_sales_vol":439.6099984049797,"rate_of_return":0.0}
{"window":{"start":"2022-05-07T02:15:00.000Z","end":"2022-05-07T02:16:00.000Z"},"country":"Unspecified","OPM":1,"Total_sales_vol":11.339999675750732,"rate_of_return":0.0}
{"window":{"start":"2022-05-09T00:30:00.000Z","end":"2022-05-09T00:31:00.000Z"},"country":"United Kingdom","OPM":11,"Total_sales_vol":864.2599974274635,"rate_of_return":0.0}
{"window":{"start":"2022-05-08T20:40:00.000Z","end":"2022-05-08T20:41:00.000Z"},"country":"Italy","OPM":1,"Total_sales_vol":16.5,"rate_of_return":0.0}
{"window":{"start":"2022-05-06T22:25:00.000Z","end":"2022-05-06T22:26:00.000Z"},"country":"United Kingdom","OPM":15,"Total_sales_vol":786.8699953556061,"rate_of_return":0.03389830508474576}
{"window":{"start":"2022-05-08T04:35:00.000Z","end":"2022-05-08T04:36:00.000Z"},"country":"United Kingdom","OPM":11,"Total_sales_vol":376.54999923706055,"rate_of_return":0.0}
{"window":{"start":"2022-05-09T06:51:00.000Z","end":"2022-05-09T06:52:00.000Z"},"country":"United Kingdom","OPM":5,"Total_sales_vol":244.55999410152435,"rate_of_return":0.0}
{"window":{"start":"2022-05-08T06:24:00.000Z","end":"2022-05-08T06:25:00.000Z"},"country":"United Kingdom","OPM":13,"Total_sales_vol":405.3400002717972,"rate_of_return":0.10869565217391304}
{"window":{"start":"2022-05-06T22:45:00.000Z","end":"2022-05-06T22:46:00.000Z"},"country":"Singapore","OPM":1,"Total_sales_vol":4.920000076293945,"rate_of_return":0.0}
{"window":{"start":"2022-05-08T00:19:00.000Z","end":"2022-05-08T00:20:00.000Z"},"country":"EIRE","OPM":1,"Total_sales_vol":23.850000023841858,"rate_of_return":0.0}
{"window":{"start":"2022-05-06T09:09:00.000Z","end":"2022-05-06T09:10:00.000Z"},"country":"United Kingdom","OPM":9,"Total_sales_vol":1416.5400028824806,"rate_of_return":0.058823529411764705}
{"window":{"start":"2022-05-07T03:59:00.000Z","end":"2022-05-07T04:00:00.000Z"},"country":"United Kingdom","OPM":7,"Total_sales_vol":1056.5200009346008,"rate_of_return":0.0}
{"window":{"start":"2022-05-09T11:51:00.000Z","end":"2022-05-09T11:52:00.000Z"},"country":"United Kingdom","OPM":17,"Total_sales_vol":856.3799919486046,"rate_of_return":0.030303030303030304}
{"window":{"start":"2022-05-07T01:55:00.000Z","end":"2022-05-07T01:56:00.000Z"},"country":"Germany","OPM":1,"Total_sales_vol":7.559999942779541,"rate_of_return":0.0}
{"window":{"start":"2022-05-10T13:39:00.000Z","end":"2022-05-10T13:40:00.000Z"},"country":"United Kingdom","OPM":5,"Total_sales_vol":510.89999520778656,"rate_of_return":0.0}
{"window":{"start":"2022-05-08T05:27:00.000Z","end":"2022-05-08T05:28:00.000Z"},"country":"United Kingdom","OPM":6,"Total_sales_vol":582.970018029213,"rate_of_return":0.1}
{"window":{"start":"2022-05-07T00:31:00.000Z","end":"2022-05-07T00:32:00.000Z"},"country":"EIRE","OPM":1,"Total_sales_vol":34.34999895095825,"rate_of_return":0.0}
{"window":{"start":"2022-05-07T22:07:00.000Z","end":"2022-05-07T22:08:00.000Z"},"country":"Portugal","OPM":1,"Total_sales_vol":115.07000255584717,"rate_of_return":0.0}
{"window":{"start":"2022-05-10T11:49:00.000Z","end":"2022-05-10T11:50:00.000Z"},"country":"Italy","OPM":1,"Total_sales_vol":30.859999656677246,"rate_of_return":0.0}
{"window":{"start":"2022-05-08T05:33:00.000Z","end":"2022-05-08T05:34:00.000Z"},"country":"RSA","OPM":1,"Total_sales_vol":13.27999997138977,"rate_of_return":0.0}
{"window":{"start":"2022-05-05T16:24:00.000Z","end":"2022-05-05T16:25:00.000Z"},"country":"United Kingdom","OPM":10,"Total_sales_vol":925.7699906826019,"rate_of_return":0.16}
{"window":{"start":"2022-05-07T12:14:00.000Z","end":"2022-05-07T12:15:00.000Z"},"country":"United Kingdom","OPM":2,"Total_sales_vol":122.25999855995178,"rate_of_return":0.0}
{"window":{"start":"2022-05-07T11:49:00.000Z","end":"2022-05-07T11:50:00.000Z"},"country":"United Kingdom","OPM":3,"Total_sales_vol":253.98999953269958,"rate_of_return":0.0}
{"window":{"start":"2022-05-09T07:29:00.000Z","end":"2022-05-09T07:30:00.000Z"},"country":"France","OPM":1,"Total_sales_vol":17.700000762939453,"rate_of_return":0.0}
{"window":{"start":"2022-05-08T20:04:00.000Z","end":"2022-05-08T20:05:00.000Z"},"country":"EIRE","OPM":1,"Total_sales_vol":526.3000030517578,"rate_of_return":0.0}
{"window":{"start":"2022-05-09T20:57:00.000Z","end":"2022-05-09T20:58:00.000Z"},"country":"United Kingdom","OPM":6,"Total_sales_vol":120.68999779224396,"rate_of_return":0.14285714285714285}
{"window":{"start":"2022-05-08T04:09:00.000Z","end":"2022-05-08T04:10:00.000Z"},"country":"Spain","OPM":1,"Total_sales_vol":1.6299999952316284,"rate_of_return":0.0}
{"window":{"start":"2022-05-07T02:46:00.000Z","end":"2022-05-07T02:47:00.000Z"},"country":"United Kingdom","OPM":9,"Total_sales_vol":462.5399976968765,"rate_of_return":0.0}
{"window":{"start":"2022-05-09T00:36:00.000Z","end":"2022-05-09T00:37:00.000Z"},"country":"United Kingdom","OPM":13,"Total_sales_vol":855.5600118637085,"rate_of_return":0.06060606060606061}
{"window":{"start":"2022-05-08T17:12:00.000Z","end":"2022-05-08T17:13:00.000Z"},"country":"United Kingdom","OPM":6,"Total_sales_vol":446.70999178290367,"rate_of_return":0.0}
{"window":{"start":"2022-05-09T20:04:00.000Z","end":"2022-05-09T20:05:00.000Z"},"country":"France","OPM":1,"Total_sales_vol":62.13000011444092,"rate_of_return":0.0}
{"window":{"start":"2022-05-09T05:33:00.000Z","end":"2022-05-09T05:34:00.000Z"},"country":"Australia","OPM":1,"Total_sales_vol":14.289999961853027,"rate_of_return":0.0}
{"window":{"start":"2022-05-06T18:20:00.000Z","end":"2022-05-06T18:21:00.000Z"},"country":"Italy","OPM":1,"Total_sales_vol":32.55000019073486,"rate_of_return":0.0}
{"window":{"start":"2022-05-09T16:50:00.000Z","end":"2022-05-09T16:51:00.000Z"},"country":"United Kingdom","OPM":7,"Total_sales_vol":185.0799993276596,"rate_of_return":0.0}
{"window":{"start":"2022-05-07T03:15:00.000Z","end":"2022-05-07T03:16:00.000Z"},"country":"Germany","OPM":1,"Total_sales_vol":9.77999997138977,"rate_of_return":0.0}
{"window":{"start":"2022-05-08T15:00:00.000Z","end":"2022-05-08T15:01:00.000Z"},"country":"France","OPM":1,"Total_sales_vol":-31.770000457763672,"rate_of_return":1.0}
{"window":{"start":"2022-05-10T10:09:00.000Z","end":"2022-05-10T10:10:00.000Z"},"country":"Germany","OPM":1,"Total_sales_vol":83.30000305175781,"rate_of_return":0.0}
{"window":{"start":"2022-05-09T13:37:00.000Z","end":"2022-05-09T13:38:00.000Z"},"country":"United Kingdom","OPM":8,"Total_sales_vol":786.2800048589706,"rate_of_return":0.0}
{"window":{"start":"2022-05-08T06:02:00.000Z","end":"2022-05-08T06:03:00.000Z"},"country":"United Kingdom","OPM":10,"Total_sales_vol":350.9800091087818,"rate_of_return":0.13333333333333333}
{"window":{"start":"2022-05-08T12:57:00.000Z","end":"2022-05-08T12:58:00.000Z"},"country":"United Kingdom","OPM":10,"Total_sales_vol":529.5899942517281,"rate_of_return":0.0}
{"window":{"start":"2022-05-09T02:01:00.000Z","end":"2022-05-09T02:02:00.000Z"},"country":"United Kingdom","OPM":7,"Total_sales_vol":162.26000422239304,"rate_of_return":0.0}
{"window":{"start":"2022-05-05T21:16:00.000Z","end":"2022-05-05T21:17:00.000Z"},"country":"United Kingdom","OPM":11,"Total_sales_vol":302.4599984586239,"rate_of_return":0.1}
{"window":{"start":"2022-05-09T16:23:00.000Z","end":"2022-05-09T16:24:00.000Z"},"country":"United Kingdom","OPM":13,"Total_sales_vol":788.6599901914597,"rate_of_return":0.0}
{"window":{"start":"2022-05-07T10:15:00.000Z","end":"2022-05-07T10:16:00.000Z"},"country":"United Kingdom","OPM":10,"Total_sales_vol":807.6699773669243,"rate_of_return":0.0}
{"window":{"start":"2022-05-09T10:47:00.000Z","end":"2022-05-09T10:48:00.000Z"},"country":"France","OPM":1,"Total_sales_vol":0.75,"rate_of_return":0.0}
{"window":{"start":"2022-05-09T01:15:00.000Z","end":"2022-05-09T01:16:00.000Z"},"country":"United Kingdom","OPM":10,"Total_sales_vol":770.4400046467781,"rate_of_return":0.0}
{"window":{"start":"2022-05-07T14:18:00.000Z","end":"2022-05-07T14:19:00.000Z"},"country":"United Kingdom","OPM":8,"Total_sales_vol":517.5000017881393,"rate_of_return":0.0}
{"window":{"start":"2022-05-07T21:48:00.000Z","end":"2022-05-07T21:49:00.000Z"},"country":"United Kingdom","OPM":7,"Total_sales_vol":282.3400057256222,"rate_of_return":0.0}
{"window":{"start":"2022-05-08T16:36:00.000Z","end":"2022-05-08T16:37:00.000Z"},"country":"Spain","OPM":1,"Total_sales_vol":23.109999656677246,"rate_of_return":0.0}
{"window":{"start":"2022-05-07T12:03:00.000Z","end":"2022-05-07T12:04:00.000Z"},"country":"Switzerland","OPM":1,"Total_sales_vol":-10.460000038146973,"rate_of_return":1.0}
{"window":{"start":"2022-05-09T20:08:00.000Z","end":"2022-05-09T20:09:00.000Z"},"country":"United Kingdom","OPM":17,"Total_sales_vol":623.999996483326,"rate_of_return":0.0}
{"window":{"start":"2022-05-09T19:10:00.000Z","end":"2022-05-09T19:11:00.000Z"},"country":"France","OPM":1,"Total_sales_vol":127.64999973773956,"rate_of_return":0.0}
{"window":{"start":"2022-05-10T04:53:00.000Z","end":"2022-05-10T04:54:00.000Z"},"country":"United Kingdom","OPM":3,"Total_sales_vol":186.2899980545044,"rate_of_return":0.0}
{"window":{"start":"2022-05-10T03:58:00.000Z","end":"2022-05-10T03:59:00.000Z"},"country":"Netherlands","OPM":1,"Total_sales_vol":10.239999771118164,"rate_of_return":0.0}
{"window":{"start":"2022-05-06T16:26:00.000Z","end":"2022-05-06T16:27:00.000Z"},"country":"Germany","OPM":1,"Total_sales_vol":77.3999981880188,"rate_of_return":0.0}
{"window":{"start":"2022-05-08T19:25:00.000Z","end":"2022-05-08T19:26:00.000Z"},"country":"EIRE","OPM":1,"Total_sales_vol":-86.65999913215637,"rate_of_return":1.0}
{"window":{"start":"2022-05-06T08:11:00.000Z","end":"2022-05-06T08:12:00.000Z"},"country":"Denmark","OPM":1,"Total_sales_vol":29.379999697208405,"rate_of_return":0.0}
{"window":{"start":"2022-05-10T09:55:00.000Z","end":"2022-05-10T09:56:00.000Z"},"country":"United Kingdom","OPM":11,"Total_sales_vol":478.3299975991249,"rate_of_return":0.21621621621621623}
