{"window":{"start":"2022-05-05T17:50:00.000Z","end":"2022-05-05T17:51:00.000Z"},"country":"United Kingdom","OPM":4,"Total_sales_vol":1520.9599981307983,"rate_of_return":0.0}
{"window":{"start":"2022-05-06T04:06:00.000Z","end":"2022-05-06T04:07:00.000Z"},"country":"United Kingdom","OPM":13,"Total_sales_vol":522.459992557764,"rate_of_return":0.0}
{"window":{"start":"2022-05-09T00:04:00.000Z","end":"2022-05-09T00:05:00.000Z"},"country":"United Kingdom","OPM":7,"Total_sales_vol":146.6800013780594,"rate_of_return":0.0}
{"window":{"start":"2022-05-06T08:11:00.000Z","end":"2022-05-06T08:12:00.000Z"},"country":"United Kingdom","OPM":7,"Total_sales_vol":630.9100151062012,"rate_of_return":0.0}
{"window":{"start":"2022-05-07T16:52:00.000Z","end":"2022-05-07T16:53:00.000Z"},"country":"United Kingdom","OPM":5,"Total_sales_vol":258.30999660491943,"rate_of_return":0.0}
{"window":{"start":"2022-05-08T23:32:00.000Z","end":"2022-05-08T23:33:00.000Z"},"country":"United Kingdom","OPM":13,"Total_sales_vol":1430.4499831199646,"rate_of_return":0.16666666666666666}
{"window":{"start":"2022-05-08T21:37:00.000Z","end":"2022-05-08T21:38:00.000Z"},"country":"Australia","OPM":1,"Total_sales_vol":8.260000228881836,"rate_of_return":0.0}
{"window":{"start":"2022-05-07T07:08:00.000Z","end":"2022-05-07T07:09:00.000Z"},"country":"United Kingdom","OPM":14,"Total_sales_vol":495.589998960495,"rate_of_return":0.16216216216216217}
{"window":{"start":"2022-05-07T11:06:00.000Z","end":"2022-05-07T11:07:00.000Z"},"country":"Switzerland","OPM":1,"Total_sales_vol":19.819999933242798,"rate_of_return":0.0}
{"window":{"start":"2022-05-08T07:24:00.000Z","end":"2022-05-08T07:25:00.000Z"},"country":"United Kingdom","OPM":10,"Total_sales_vol":847.7899807095528,"rate_of_return":0.0}
{"window":{"start":"2022-05-08T03:52:00.000Z","end":"2022-05-08T03:53:00.000Z"},"country":"Norway","OPM":1,"Total_sales_vol":145.90000307559967,"rate_of_return":0.0}
{"window":{"start":"2022-05-08T00:10:00.000Z","end":"2022-05-08T00:11:00.000Z"},"country":"USA","OPM":1,"Total_sales_vol":608.75,"rate_of_return":0.0}
{"window":{"start":"2022-05-06T07:06:00.000Z","end":"2022-05-06T07:07:00.000Z"},"country":"United Kingdom","OPM":5,"Total_sales_vol":301.9900052547455,"rate_of_return":0.0}
{"window":{"start":"2022-05-08T09:53:00.000Z","end":"2022-05-08T09:54:00.000Z"},"country":"United Kingdom","OPM":13,"Total_sales_vol":596.3299970626831,"rate_of_return":0.0}
{"window":{"start":"2022-05-07T16:51:00.000Z","end":"2022-05-07T16:52:00.000Z"},"country":"United Kingdom","OPM":12,"Total_sales_vol":2010.0699854791164,"rate_of_return":0.0}
{"window":{"start":"2022-05-10T10:51:00.000Z","end":"2022-05-10T10:52:00.000Z"},"country":"United Kingdom","OPM":10,"Total_sales_vol":625.3199917376041,"rate_of_return":0.03225806451612903}
{"window":{"start":"2022-05-07T00:42:00.000Z","end":"2022-05-07T00:43:00.000Z"},"country":"Germany","OPM":1,"Total_sales_vol":125.87999725341797,"rate_of_return":0.0}
{"window":{"start":"2022-05-06T16:43:00.000Z","end":"2022-05-06T16:44:00.000Z"},"country":"United Kingdom","OPM":11,"Total_sales_vol":566.6900026202202,"rate_of_return":0.0}
{"window":{"start":"2022-05-06T13:30:00.000Z","end":"2022-05-06T13:31:00.000Z"},"country":"United Kingdom","OPM":9,"Total_sales_vol":613.9799882173538,"rate_of_return":0.0}
{"window":{"start":"2022-05-07T23:31:00.000Z","end":"2022-05-07T23:32:00.000Z"},"country":"United Kingdom","OPM":4,"Total_sales_vol":218.68999826908112,"rate_of_return":0.0}
{"window":{"start":"2022-05-08T16:28:00.000Z","end":"2022-05-08T16:29:00.000Z"},"country":"Italy","OPM":1,"Total_sales_vol":89.15999984741211,"rate_of_return":0.0}
{"window":{"start":"2022-05-09T18:45:00.000Z","end":"2022-05-09T18:46:00.000Z"},"country":"Germany","OPM":1,"Total_sales_vol":52.220001459121704,"rate_of_return":0.0}
{"window":{"start":"2022-05-08T16:02:00.000Z","end":"2022-05-08T16:03:00.000Z"},"country":"Netherlands","OPM":1,"Total_sales_vol":29.959999084472656,"rate_of_return":0.0}
{"window":{"start":"2022-05-05T21:03:00.000Z","end":"2022-05-05T21:04:00.000Z"},"country":"EIRE","OPM":1,"Total_sales_vol":37.079999923706055,"rate_of_return":0.0}
{"window":{"start":"2022-05-08T20:10:00.000Z","end":"2022-05-08T20:11:00.000Z"},"country":"United Kingdom","OPM":13,"Total_sales_vol":1234.8299874663353,"rate_of_return":0.03125}
{"window":{"start":"2022-05-10T02:15:00.000Z","end":"2022-05-10T02:16:00.000Z"},"country":"Finland","OPM":1,"Total_sales_vol":236.59999334812164,"rate_of_return":0.0}
{"window":{"start":"2022-05-10T13:12:00.000Z","end":"2022-05-10T13:13:00.000Z"},"country":"France","OPM":1,"Total_sales_vol":15.0,"rate_of_return":0.0}
{"window":{"start":"2022-05-08T13:34:00.000Z","end":"2022-05-08T13:35:00.000Z"},"country":"United Kingdom","OPM":10,"Total_sales_vol":278.13999977707863,"rate_of_return":0.0}
{"window":{"start":"2022-05-08T20:41:00.000Z","end":"2022-05-08T20:42:00.000Z"},"country":"Spain","OPM":1,"Total_sales_vol":57.85000133514404,"rate_of_return":0.0}
{"window":{"start":"2022-05-07T21:37:00.000Z","end":"2022-05-07T21:38:00.000Z"},"country":"Channel Islands","OPM":1,"Total_sales_vol":5.400000095367432,"rate_of_return":0.0}
{"window":{"start":"2022-05-07T16:37:00.000Z","end":"2022-05-07T16:38:00.000Z"},"country":"Germany","OPM":1,"Total_sales_vol":37.95999836921692,"rate_of_return":0.0}
{"window":{"start":"2022-05-06T12:20:00.000Z","end":"2022-05-06T12:21:00.000Z"},"country":"France","OPM":1,"Total_sales_vol":17.0,"rate_of_return":0.0}
{"window":{"start":"2022-05-06T02:41:00.000Z","end":"2022-05-06T02:42:00.000Z"},"country":"Germany","OPM":1,"Total_sales_vol":20.729999542236328,"rate_of_return":0.0}
{"window":{"start":"2022-05-07T12:47:00.000Z","end":"2022-05-07T12:48:00.000Z"},"country":"United Kingdom","OPM":5,"Total_sales_vol":352.0199996829033,"rate_of_return":0.0}
{"window":{"start":"2022-05-08T13:21:00.000Z","end":"2022-05-08T13:22:00.000Z"},"country":"United Kingdom","OPM":4,"Total_sales_vol":502.4499994814396,"rate_of_return":0.0}
{"window":{"start":"2022-05-08T00:31:00.000Z","end":"2022-05-08T00:32:00.000Z"},"country":"Germany","OPM":1,"Total_sales_vol":13.300000190734863,"rate_of_return":0.0}
{"window":{"start":"2022-05-08T03:06:00.000Z","end":"2022-05-08T03:07:00.000Z"},"country":"Germany","OPM":1,"Total_sales_vol":27.44999933242798,"rate_of_return":0.0}
{"window":{"start":"2022-05-07T08:29:00.000Z","end":"2022-05-07T08:30:00.000Z"},"country":"France","OPM":1,"Total_sales_vol":5.039999961853027,"rate_of_return":0.0}
{"window":{"start":"2022-05-06T00:07:00.000Z","end":"2022-05-06T00:08:00.000Z"},"country":"France","OPM":2,"Total_sales_vol":50.34000015258789,"rate_of_return":0.0}
{"window":{"start":"2022-05-10T07:51:00.000Z","end":"2022-05-10T07:52:00.000Z"},"country":"United Kingdom","OPM":7,"Total_sales_vol":65.34000116586685,"rate_of_return":0.2631578947368421}
{"window":{"start":"2022-05-06T11:28:00.000Z","end":"2022-05-06T11:29:00.000Z"},"country":"Netherlands","OPM":1,"Total_sales_vol":2.7399998903274536,"rate_of_return":0.0}
{"window":{"start":"2022-05-09T10:05:00.000Z","end":"2022-05-09T10:06:00.000Z"},"country":"United Kingdom","OPM":11,"Total_sales_vol":685.3500098288059,"rate_of_return":0.0}
{"window":{"start":"2022-05-06T16:34:00.000Z","end":"2022-05-06T16:35:00.000Z"},"country":"Canada","OPM":1,"Total_sales_vol":20.0,"rate_of_return":0.0}
{"window":{"start":"2022-05-10T07:58:00.000Z","end":"2022-05-10T07:59:00.000Z"},"country":"Germany","OPM":1,"Total_sales_vol":7.989999890327454,"rate_of_return":0.0}
{"window":{"start":"2022-05-08T06:01:00.000Z","end":"2022-05-08T06:02:00.000Z"},"country":"United Kingdom","OPM":8,"Total_sales_vol":7.460002064704895,"rate_of_return":0.3333333333333333}
{"window":{"start":"2022-05-09T14:51:00.000Z","end":"2022-05-09T14:52:00.000Z"},"country":"Norway","OPM":1,"Total_sales_vol":12.579999923706055,"rate_of_return":0.0}
{"window":{"start":"2022-05-10T12:01:00.000Z","end":"2022-05-10T12:02:00.000Z"},"country":"Spain","OPM":1,"Total_sales_vol":35.859999656677246,"rate_of_return":0.0}
{"window":{"start":"2022-05-07T22:09:00.000Z","end":"2022-05-07T22:10:00.000Z"},"country":"United Kingdom","OPM":11,"Total_sales_vol":535.0199941396713,"rate_of_return":0.0}
{"window":{"start":"2022-05-10T09:10:00.000Z","end":"2022-05-10T09:11:00.000Z"},"country":"United Kingdom","OPM":15,"Total_sales_vol":961.3399917185307,"rate_of_return":0.0}
{"window":{"start":"2022-05-05T18:19:00.000Z","end":"2022-05-05T18:20:00.000Z"},"country":"United Kingdom","OPM":15,"Total_sales_vol":643.4600020647049,"rate_of_return":0.023809523809523808}
{"window":{"start":"2022-05-10T02:57:00.000Z","end":"2022-05-10T02:58:00.000Z"},"country":"EIRE","OPM":1,"Total_sales_vol":29.300000190734863,"rate_of_return":0.0}
{"window":{"start":"2022-05-06T00:20:00.000Z","end":"2022-05-06T00:21:00.000Z"},"country":"Portugal","OPM":1,"Total_sales_vol":14.84999942779541,"rate_of_return":0.0}
{"window":{"start":"2022-05-06T11:30:00.000Z","end":"2022-05-06T11:31:00.000Z"},"country":"France","OPM":1,"Total_sales_vol":328.7699999809265,"rate_of_return":0.0}
{"window":{"start":"2022-05-05T19:41:00.000Z","end":"2022-05-05T19:42:00.000Z"},"country":"United Kingdom","OPM":9,"Total_sales_vol":11949.68000125885,"rate_of_return":0.0}
{"window":{"start":"2022-05-07T03:18:00.000Z","end":"2022-05-07T03:19:00.000Z"},"country":"Channel Islands","OPM":1,"Total_sales_vol":345.4700105190277,"rate_of_return":0.0}
{"window":{"start":"2022-05-09T21:27:00.000Z","end":"2022-05-09T21:28:00.000Z"},"country":"United Kingdom","OPM":7,"Total_sales_vol":241.49999749660492,"rate_of_return":0.0}
{"window":{"start":"2022-05-08T04:00:00.000Z","end":"2022-05-08T04:01:00.000Z"},"country":"Spain","OPM":1,"Total_sales_vol":32.369998931884766,"rate_of_return":0.0}
{"window":{"start":"2022-05-07T22:02:00.000Z","end":"2022-05-07T22:03:00.000Z"},"country":"Cyprus","OPM":1,"Total_sales_vol":2.0999999046325684,"rate_of_return":0.0}
{"window":{"start":"2022-05-05T19:22:00.000Z","end":"2022-05-05T19:23:00.000Z"},"country":"EIRE","OPM":1,"Total_sales_vol":219.63999795913696,"rate_of_return":0.0}
{"window":{"start":"2022-05-06T10:56:00.000Z","end":"2022-05-06T10:57:00.000Z"},"country":"United Kingdom","OPM":4,"Total_sales_vol":124.70999884605408,"rate_of_return":0.0}
{"window":{"start":"2022-05-09T08:51:00.000Z","end":"2022-05-09T08:52:00.000Z"},"country":"United Kingdom","OPM":4,"Total_sales_vol":76.8099998831749,"rate_of_return":0.0}
{"window":{"start":"2022-05-08T19:03:00.000Z","end":"2022-05-08T19:04:00.000Z"},"country":"United Kingdom","OPM":11,"Total_sales_vol":1275.3999690115452,"rate_of_return":0.0}
{"window":{"start":"2022-05-10T09:51:00.000Z","end":"2022-05-10T09:52:00.000Z"},"country":"EIRE","OPM":1,"Total_sales_vol":7.5,"rate_of_return":0.0}
{"window":{"start":"2022-05-06T19:48:00.000Z","end":"2022-05-06T19:49:00.000Z"},"country":"United Kingdom","OPM":9,"Total_sales_vol":3797.5901500582695,"rate_of_return":0.0}
{"window":{"start":"2022-05-09T22:17:00.000Z","end":"2022-05-09T22:18:00.000Z"},"country":"France","OPM":1,"Total_sales_vol":235.71000003814697,"rate_of_return":0.0}
{"window":{"start":"2022-05-06T15:00:00.000Z","end":"2022-05-06T15:01:00.000Z"},"country":"Spain","OPM":1,"Total_sales_vol":24.149999737739563,"rate_of_return":0.0}
{"window":{"start":"2022-05-06T16:44:00.000Z","end":"2022-05-06T16:45:00.000Z"},"country":"United Kingdom","OPM":7,"Total_sales_vol":-55.719995737075806,"rate_of_return":0.2857142857142857}
{"window":{"start":"2022-05-10T12:15:00.000Z","end":"2022-05-10T12:16:00.000Z"},"country":"United Kingdom","OPM":15,"Total_sales_vol":647.620001912117,"rate_of_return":0.2553191489361702}
