{"window":{"start":"2022-05-07T10:41:00.000Z","end":"2022-05-07T10:42:00.000Z"},"country":"United Kingdom","OPM":10,"Total_sales_vol":460.57000410556793,"rate_of_return":0.0}
{"window":{"start":"2022-05-09T20:45:00.000Z","end":"2022-05-09T20:46:00.000Z"},"country":"United Kingdom","OPM":6,"Total_sales_vol":252.54999661445618,"rate_of_return":0.08}
{"window":{"start":"2022-05-10T05:50:00.000Z","end":"2022-05-10T05:51:00.000Z"},"country":"EIRE","OPM":1,"Total_sales_vol":12.75,"rate_of_return":0.0}
{"window":{"start":"2022-05-09T10:52:00.000Z","end":"2022-05-09T10:53:00.000Z"},"country":"Germany","OPM":1,"Total_sales_vol":100.96000301837921,"rate_of_return":0.0}
{"window":{"start":"2022-05-08T06:08:00.000Z","end":"2022-05-08T06:09:00.000Z"},"country":"United Kingdom","OPM":9,"Total_sales_vol":424.19999715685844,"rate_of_return":0.0}
{"window":{"start":"2022-05-10T02:12:00.000Z","end":"2022-05-10T02:13:00.000Z"},"country":"United Kingdom","OPM":10,"Total_sales_vol":734.830006301403,"rate_of_return":0.11764705882352941}
{"window":{"start":"2022-05-06T12:19:00.000Z","end":"2022-05-06T12:20:00.000Z"},"country":"United Kingdom","OPM":8,"Total_sales_vol":339.39000475406647,"rate_of_return":0.0}
{"window":{"start":"2022-05-06T22:23:00.000Z","end":"2022-05-06T22:24:00.000Z"},"country":"United Kingdom","OPM":6,"Total_sales_vol":289.68999671936035,"rate_of_return":0.0}
{"window":{"start":"2022-05-05T22:00:00.000Z","end":"2022-05-05T22:01:00.000Z"},"country":"EIRE","OPM":1,"Total_sales_vol":26.579999923706055,"rate_of_return":0.0}
{"window":{"start":"2022-05-08T07:14:00.000Z","end":"2022-05-08T07:15:00.000Z"},"country":"Switzerland","OPM":1,"Total_sales_vol":0.8299999833106995,"rate_of_return":0.0}
{"window":{"start":"2022-05-06T15:17:00.000Z","end":"2022-05-06T15:18:00.000Z"},"country":"Germany","OPM":1,"Total_sales_vol":18.250001549720764,"rate_of_return":0.0}
{"window":{"start":"2022-05-08T12:29:00.000Z","end":"2022-05-08T12:30:00.000Z"},"country":"United Kingdom","OPM":9,"Total_sales_vol":403.23000133037567,"rate_of_return":0.5}
{"window":{"start":"2022-05-09T12:56:00.000Z","end":"2022-05-09T12:57:00.000Z"},"country":"Germany","OPM":1,"Total_sales_vol":-64.5,"rate_of_return":1.0}
{"window":{"start":"2022-05-09T12:12:00.000Z","end":"2022-05-09T12:13:00.000Z"},"country":"United Kingdom","OPM":11,"Total_sales_vol":530.3200046718121,"rate_of_return":0.0}
{"window":{"start":"2022-05-07T09:58:00.000Z","end":"2022-05-07T09:59:00.000Z"},"country":"United Kingdom","OPM":11,"Total_sales_vol":414.5299928486347,"rate_of_return":0.0}
{"window":{"start":"2022-05-09T23:46:00.000Z","end":"2022-05-09T23:47:00.000Z"},"country":"USA","OPM":1,"Total_sales_vol":85.12000179290771,"rate_of_return":0.0}
{"window":{"start":"2022-05-06T18:11:00.000Z","end":"2022-05-06T18:12:00.000Z"},"country":"Australia","OPM":1,"Total_sales_vol":0.8399999737739563,"rate_of_return":0.0}
{"window":{"start":"2022-05-07T04:36:00.000Z","end":"2022-05-07T04:37:00.000Z"},"country":"Germany","OPM":1,"Total_sales_vol":6.210000097751617,"rate_of_return":0.0}
{"window":{"start":"2022-05-08T20:26:00.000Z","end":"2022-05-08T20:27:00.000Z"},"country":"United Kingdom","OPM":3,"Total_sales_vol":59.680002987384796,"rate_of_return":0.0}
{"window":{"start":"2022-05-07T12:31:00.000Z","end":"2022-05-07T12:32:00.000Z"},"country":"United Kingdom","OPM":9,"Total_sales_vol":462.4799958765507,"rate_of_return":0.0}
{"window":{"start":"2022-05-06T07:18:00.000Z","end":"2022-05-06T07:19:00.000Z"},"country":"United Kingdom","OPM":12,"Total_sales_vol":784.1899964809418,"rate_of_return":0.022727272727272728}
{"window":{"start":"2022-05-09T11:12:00.000Z","end":"2022-05-09T11:13:00.000Z"},"country":"United Kingdom","OPM":13,"Total_sales_vol":975.4200064539909,"rate_of_return":0.0}
{"window":{"start":"2022-05-09T13:59:00.000Z","end":"2022-05-09T14:00:00.000Z"},"country":"Spain","OPM":1,"Total_sales_vol":21.170000553131104,"rate_of_return":0.0}
{"window":{"start":"2022-05-06T00:40:00.000Z","end":"2022-05-06T00:41:00.000Z"},"country":"United Kingdom","OPM":10,"Total_sales_vol":550.4999900460243,"rate_of_return":0.13513513513513514}
{"window":{"start":"2022-05-07T17:30:00.000Z","end":"2022-05-07T17:31:00.000Z"},"country":"United Kingdom","OPM":10,"Total_sales_vol":689.0700005292892,"rate_of_return":0.0}
{"window":{"start":"2022-05-08T13:13:00.000Z","end":"2022-05-08T13:14:00.000Z"},"country":"United Kingdom","OPM":11,"Total_sales_vol":298.98999696969986,"rate_of_return":0.1111111111111111}
{"window":{"start":"2022-05-10T02:27:00.000Z","end":"2022-05-10T02:28:00.000Z"},"country":"Spain","OPM":1,"Total_sales_vol":205.75000190734863,"rate_of_return":0.0}
{"window":{"start":"2022-05-08T21:03:00.000Z","end":"2022-05-08T21:04:00.000Z"},"country":"France","OPM":1,"Total_sales_vol":147.22999906539917,"rate_of_return":0.0}
{"window":{"start":"2022-05-08T08:28:00.000Z","end":"2022-05-08T08:29:00.000Z"},"country":"Germany","OPM":2,"Total_sales_vol":71.85000288486481,"rate_of_return":0.0}
{"window":{"start":"2022-05-10T01:05:00.000Z","end":"2022-05-10T01:06:00.000Z"},"country":"United Kingdom","OPM":8,"Total_sales_vol":352.6699977517128,"rate_of_return":0.0}
{"window":{"start":"2022-05-09T19:28:00.000Z","end":"2022-05-09T19:29:00.000Z"},"country":"EIRE","OPM":1,"Total_sales_vol":15.460000038146973,"rate_of_return":0.0}
{"window":{"start":"2022-05-07T21:49:00.000Z","end":"2022-05-07T21:50:00.000Z"},"country":"United Kingdom","OPM":9,"Total_sales_vol":708.1699990034103,"rate_of_return":0.0}
{"window":{"start":"2022-05-08T19:12:00.000Z","end":"2022-05-08T19:13:00.000Z"},"country":"United Kingdom","OPM":11,"Total_sales_vol":1100.8399998247623,"rate_of_return":0.0}
{"window":{"start":"2022-05-10T06:24:00.000Z","end":"2022-05-10T06:25:00.000Z"},"country":"United Kingdom","OPM":12,"Total_sales_vol":430.97998708486557,"rate_of_return":0.05555555555555555}
{"window":{"start":"2022-05-10T01:28:00.000Z","end":"2022-05-10T01:29:00.000Z"},"country":"EIRE","OPM":1,"Total_sales_vol":1.1699999570846558,"rate_of_return":0.0}
{"window":{"start":"2022-05-07T20:19:00.000Z","end":"2022-05-07T20:20:00.000Z"},"country":"United Kingdom","OPM":5,"Total_sales_vol":293.26999720931053,"rate_of_return":0.23684210526315788}
{"window":{"start":"2022-05-06T01:31:00.000Z","end":"2022-05-06T01:32:00.000Z"},"country":"Germany","OPM":1,"Total_sales_vol":3.259999990463257,"rate_of_return":0.0}
{"window":{"start":"2022-05-09T04:13:00.000Z","end":"2022-05-09T04:14:00.000Z"},"country":"United Kingdom","OPM":8,"Total_sales_vol":126.0499997138977,"rate_of_return":0.0}
{"window":{"start":"2022-05-06T20:34:00.000Z","end":"2022-05-06T20:35:00.000Z"},"country":"United Kingdom","OPM":12,"Total_sales_vol":636.6999908983707,"rate_of_return":0.0}
{"window":{"start":"2022-05-06T03:11:00.000Z","end":"2022-05-06T03:12:00.000Z"},"country":"United Kingdom","OPM":10,"Total_sales_vol":441.2900048792362,"rate_of_return":0.06896551724137931}
{"window":{"start":"2022-05-10T02:31:00.000Z","end":"2022-05-10T02:32:00.000Z"},"country":"France","OPM":1,"Total_sales_vol":4.600000023841858,"rate_of_return":0.0}
{"window":{"start":"2022-05-07T10:27:00.000Z","end":"2022-05-07T10:28:00.000Z"},"country":"Italy","OPM":1,"Total_sales_vol":4.159999847412109,"rate_of_return":0.0}
{"window":{"start":"2022-05-05T21:48:00.000Z","end":"2022-05-05T21:49:00.000Z"},"country":"United Kingdom","OPM":11,"Total_sales_vol":39.34000578522682,"rate_of_return":0.36666666666666664}
{"window":{"start":"2022-05-06T18:31:00.000Z","end":"2022-05-06T18:32:00.000Z"},"country":"EIRE","OPM":1,"Total_sales_vol":10.079999923706055,"rate_of_return":0.0}
{"window":{"start":"2022-05-06T22:16:00.000Z","end":"2022-05-06T22:17:00.000Z"},"country":"Germany","OPM":1,"Total_sales_vol":21.850000381469727,"rate_of_return":0.0}
{"window":{"start":"2022-05-10T04:39:00.000Z","end":"2022-05-10T04:40:00.000Z"},"country":"United Kingdom","OPM":14,"Total_sales_vol":855.429996907711,"rate_of_return":0.0}
{"window":{"start":"2022-05-08T04:55:00.000Z","end":"2022-05-08T04:56:00.000Z"},"country":"United Kingdom","OPM":10,"Total_sales_vol":494.99999046325684,"rate_of_return":0.04}
{"window":{"start":"2022-05-06T07:43:00.000Z","end":"2022-05-06T07:44:00.000Z"},"country":"Austria","OPM":1,"Total_sales_vol":35.21000003814697,"rate_of_return":0.0}
{"window":{"start":"2022-05-08T13:51:00.000Z","end":"2022-05-08T13:52:00.000Z"},"country":"Netherlands","OPM":1,"Total_sales_vol":85.32999920845032,"rate_of_return":0.0}
{"window":{"start":"2022-05-09T17:26:00.000Z","end":"2022-05-09T17:27:00.000Z"},"country":"United Kingdom","OPM":9,"Total_sales_vol":367.1399983763695,"rate_of_return":0.05714285714285714}
{"window":{"start":"2022-05-06T13:13:00.000Z","end":"2022-05-06T13:14:00.000Z"},"country":"Austria","OPM":1,"Total_sales_vol":1.7000000476837158,"rate_of_return":0.0}
{"window":{"start":"2022-05-05T16:38:00.000Z","end":"2022-05-05T16:39:00.000Z"},"country":"United Kingdom","OPM":16,"Total_sales_vol":1111.5899831056595,"rate_of_return":0.08955223880597014}
{"window":{"start":"2022-05-08T03:56:00.000Z","end":"2022-05-08T03:57:00.000Z"},"country":"Hong Kong","OPM":1,"Total_sales_vol":34.11000072956085,"rate_of_return":0.0}
{"window":{"start":"2022-05-06T11:01:00.000Z","end":"2022-05-06T11:02:00.000Z"},"country":"EIRE","OPM":1,"Total_sales_vol":0.8299999833106995,"rate_of_return":0.0}
{"window":{"start":"2022-05-08T16:29:00.000Z","end":"2022-05-08T16:30:00.000Z"},"country":"EIRE","OPM":1,"Total_sales_vol":33.72000104188919,"rate_of_return":0.0}
{"window":{"start":"2022-05-05T17:31:00.000Z","end":"2022-05-05T17:32:00.000Z"},"country":"United Kingdom","OPM":5,"Total_sales_vol":100.86999893188477,"rate_of_return":0.5217391304347826}
{"window":{"start":"2022-05-07T13:58:00.000Z","end":"2022-05-07T13:59:00.000Z"},"country":"United Kingdom","OPM":11,"Total_sales_vol":478.779996573925,"rate_of_return":0.08571428571428572}
