{"window":{"start":"2022-05-09T20:31:00.000Z","end":"2022-05-09T20:32:00.000Z"},"country":"United Kingdom","OPM":6,"Total_sales_vol":107.30999839305878,"rate_of_return":0.25}
{"window":{"start":"2022-05-07T00:01:00.000Z","end":"2022-05-07T00:02:00.000Z"},"country":"Canada","OPM":1,"Total_sales_vol":7.0699997544288635,"rate_of_return":0.0}
{"window":{"start":"2022-05-10T04:23:00.000Z","end":"2022-05-10T04:24:00.000Z"},"country":"United Kingdom","OPM":5,"Total_sales_vol":71.50000020861626,"rate_of_return":0.3333333333333333}
{"window":{"start":"2022-05-08T12:20:00.000Z","end":"2022-05-08T12:21:00.000Z"},"country":"EIRE","OPM":1,"Total_sales_vol":186.3600001335144,"rate_of_return":0.0}
{"window":{"start":"2022-05-06T20:23:00.000Z","end":"2022-05-06T20:24:00.000Z"},"country":"Spain","OPM":1,"Total_sales_vol":12.749999523162842,"rate_of_return":0.0}
{"window":{"start":"2022-05-10T10:31:00.000Z","end":"2022-05-10T10:32:00.000Z"},"country":"Germany","OPM":1,"Total_sales_vol":68.15999794006348,"rate_of_return":0.0}
{"window":{"start":"2022-05-09T07:08:00.000Z","end":"2022-05-09T07:09:00.000Z"},"country":"United Kingdom","OPM":10,"Total_sales_vol":335.49000015854836,"rate_of_return":0.0}
{"window":{"start":"2022-05-09T06:24:00.000Z","end":"2022-05-09T06:25:00.000Z"},"country":"United Kingdom","OPM":6,"Total_sales_vol":180.45000249147415,"rate_of_return":0.0}
{"window":{"start":"2022-05-07T09:01:00.000Z","end":"2022-05-07T09:02:00.000Z"},"country":"Germany","OPM":2,"Total_sales_vol":93.37999895215034,"rate_of_return":0.0}
{"window":{"start":"2022-05-09T00:34:00.000Z","end":"2022-05-09T00:35:00.000Z"},"country":"Germany","OPM":1,"Total_sales_vol":6.75,"rate_of_return":0.0}
{"window":{"start":"2022-05-08T14:01:00.000Z","end":"2022-05-08T14:02:00.000Z"},"country":"United Kingdom","OPM":6,"Total_sales_vol":-84.4299989938736,"rate_of_return":0.16666666666666666}
{"window":{"start":"2022-05-08T21:02:00.000Z","end":"2022-05-08T21:03:00.000Z"},"country":"EIRE","OPM":1,"Total_sales_vol":73.80000305175781,"rate_of_return":0.0}
{"window":{"start":"2022-05-05T23:17:00.000Z","end":"2022-05-05T23:18:00.000Z"},"country":"United Kingdom","OPM":10,"Total_sales_vol":692.8099958896637,"rate_of_return":0.0}
{"window":{"start":"2022-05-06T13:11:00.000Z","end":"2022-05-06T13:12:00.000Z"},"country":"Germany","OPM":1,"Total_sales_vol":68.61999970674515,"rate_of_return":0.0}
{"window":{"start":"2022-05-09T04:09:00.000Z","end":"2022-05-09T04:10:00.000Z"},"country":"France","OPM":1,"Total_sales_vol":89.76999855041504,"rate_of_return":0.0}
{"window":{"start":"2022-05-08T11:08:00.000Z","end":"2022-05-08T11:09:00.000Z"},"country":"United Kingdom","OPM":7,"Total_sales_vol":310.2300001978874,"rate_of_return":0.0}
{"window":{"start":"2022-05-06T19:54:00.000Z","end":"2022-05-06T19:55:00.000Z"},"country":"United Kingdom","OPM":9,"Total_sales_vol":-157.80000299215317,"rate_of_return":0.047619047619047616}
{"window":{"start":"2022-05-06T11:02:00.000Z","end":"2022-05-06T11:03:00.000Z"},"country":"United Kingdom","OPM":14,"Total_sales_vol":788.4099949598312,"rate_of_return":0.0}
{"window":{"start":"2022-05-06T03:40:00.000Z","end":"2022-05-06T03:41:00.000Z"},"country":"Germany","OPM":1,"Total_sales_vol":-51.53000086545944,"rate_of_return":1.0}
{"window":{"start":"2022-05-09T05:32:00.000Z","end":"2022-05-09T05:33:00.000Z"},"country":"United Kingdom","OPM":9,"Total_sales_vol":364.7600062042475,"rate_of_return":0.0}
{"window":{"start":"2022-05-07T19:03:00.000Z","end":"2022-05-07T19:04:00.000Z"},"country":"United Kingdom","OPM":12,"Total_sales_vol":770.799995213747,"rate_of_return":0.0975609756097561}
{"window":{"start":"2022-05-08T00:10:00.000Z","end":"2022-05-08T00:11:00.000Z"},"country":"Cyprus","OPM":1,"Total_sales_vol":53.70000076293945,"rate_of_return":0.0}
{"window":{"start":"2022-05-06T09:27:00.000Z","end":"2022-05-06T09:28:00.000Z"},"country":"Germany","OPM":1,"Total_sales_vol":-15.299999237060547,"rate_of_return":1.0}
{"window":{"start":"2022-05-08T20:07:00.000Z","end":"2022-05-08T20:08:00.000Z"},"country":"United Kingdom","OPM":6,"Total_sales_vol":1147.8799967467785,"rate_of_return":0.0}
{"window":{"start":"2022-05-06T17:09:00.000Z","end":"2022-05-06T17:10:00.000Z"},"country":"United Kingdom","OPM":16,"Total_sales_vol":3251.0900115966797,"rate_of_return":0.0}
{"window":{"start":"2022-05-06T17:18:00.000Z","end":"2022-05-06T17:19:00.000Z"},"country":"United Kingdom","OPM":13,"Total_sales_vol":714.7000013589859,"rate_of_return":0.0}
{"window":{"start":"2022-05-07T03:38:00.000Z","end":"2022-05-07T03:39:00.000Z"},"country":"EIRE","OPM":1,"Total_sales_vol":109.90000534057617,"rate_of_return":0.0}
{"window":{"start":"2022-05-07T12:45:00.000Z","end":"2022-05-07T12:46:00.000Z"},"country":"United Kingdom","OPM":8,"Total_sales_vol":287.2599995136261,"rate_of_return":0.0}
{"window":{"start":"2022-05-09T02:36:00.000Z","end":"2022-05-09T02:37:00.000Z"},"country":"United Kingdom","OPM":16,"Total_sales_vol":1521.8500218689442,"rate_of_return":0.01639344262295082}
{"window":{"start":"2022-05-07T05:17:00.000Z","end":"2022-05-07T05:18:00.000Z"},"country":"United Kingdom","OPM":21,"Total_sales_vol":2375.160034298897,"rate_of_return":0.0}
{"window":{"start":"2022-05-09T00:36:00.000Z","end":"2022-05-09T00:37:00.000Z"},"country":"Portugal","OPM":1,"Total_sales_vol":4.139999985694885,"rate_of_return":0.0}
{"window":{"start":"2022-05-08T10:09:00.000Z","end":"2022-05-08T10:10:00.000Z"},"country":"Netherlands","OPM":1,"Total_sales_vol":219.0799995660782,"rate_of_return":0.0}
{"window":{"start":"2022-05-06T18:03:00.000Z","end":"2022-05-06T18:04:00.000Z"},"country":"EIRE","OPM":1,"Total_sales_vol":-58.129999220371246,"rate_of_return":1.0}
{"window":{"start":"2022-05-10T01:46:00.000Z","end":"2022-05-10T01:47:00.000Z"},"country":"Portugal","OPM":1,"Total_sales_vol":25.240000247955322,"rate_of_return":0.0}
{"window":{"start":"2022-05-05T16:59:00.000Z","end":"2022-05-05T17:00:00.000Z"},"country":"United Kingdom","OPM":11,"Total_sales_vol":696.680004119873,"rate_of_return":0.0}
{"window":{"start":"2022-05-06T22:32:00.000Z","end":"2022-05-06T22:33:00.000Z"},"country":"United Kingdom","OPM":7,"Total_sales_vol":442.82000583410263,"rate_of_return":0.1111111111111111}
{"window":{"start":"2022-05-10T08:14:00.000Z","end":"2022-05-10T08:15:00.000Z"},"country":"Malta","OPM":1,"Total_sales_vol":17.880000591278076,"rate_of_return":0.0}
{"window":{"start":"2022-05-09T16:27:00.000Z","end":"2022-05-09T16:28:00.000Z"},"country":"United Kingdom","OPM":7,"Total_sales_vol":405.7000106573105,"rate_of_return":0.0}
{"window":{"start":"2022-05-10T02:11:00.000Z","end":"2022-05-10T02:12:00.000Z"},"country":"Poland","OPM":1,"Total_sales_vol":52.55999958515167,"rate_of_return":0.0}
{"window":{"start":"2022-05-05T23:05:00.000Z","end":"2022-05-05T23:06:00.000Z"},"country":"EIRE","OPM":1,"Total_sales_vol":33.690000772476196,"rate_of_return":0.0}
{"window":{"start":"2022-05-09T20:21:00.000Z","end":"2022-05-09T20:22:00.000Z"},"country":"United Kingdom","OPM":15,"Total_sales_vol":433.3599986284971,"rate_of_return":0.0}
{"window":{"start":"2022-05-07T20:54:00.000Z","end":"2022-05-07T20:55:00.000Z"},"country":"United Kingdom","OPM":9,"Total_sales_vol":338.7099988460541,"rate_of_return":0.0}
{"window":{"start":"2022-05-09T06:27:00.000Z","end":"2022-05-09T06:28:00.000Z"},"country":"United Kingdom","OPM":3,"Total_sales_vol":110.13000118732452,"rate_of_return":0.0}
{"window":{"start":"2022-05-08T08:50:00.000Z","end":"2022-05-08T08:51:00.000Z"},"country":"France","OPM":1,"Total_sales_vol":166.7299975156784,"rate_of_return":0.0}
{"window":{"start":"2022-05-09T16:26:00.000Z","end":"2022-05-09T16:27:00.000Z"},"country":"United Kingdom","OPM":12,"Total_sales_vol":1042.3699991106987,"rate_of_return":0.08695652173913043}
{"window":{"start":"2022-05-08T06:13:00.000Z","end":"2022-05-08T06:14:00.000Z"},"country":"EIRE","OPM":2,"Total_sales_vol":40.34999942779541,"rate_of_return":0.0}
{"window":{"start":"2022-05-08T13:14:00.000Z","end":"2022-05-08T13:15:00.000Z"},"country":"United Kingdom","OPM":4,"Total_sales_vol":315.07000148296356,"rate_of_return":0.0}
{"window":{"start":"2022-05-06T15:56:00.000Z","end":"2022-05-06T15:57:00.000Z"},"country":"EIRE","OPM":2,"Total_sales_vol":272.3199964761734,"rate_of_return":0.0}
{"window":{"start":"2022-05-07T16:45:00.000Z","end":"2022-05-07T16:46:00.000Z"},"country":"Germany","OPM":1,"Total_sales_vol":40.19999980926514,"rate_of_return":0.0}
{"window":{"start":"2022-05-09T22:52:00.000Z","end":"2022-05-09T22:53:00.000Z"},"country":"United Kingdom","OPM":16,"Total_sales_vol":1033.8300172649324,"rate_of_return":0.0}
{"window":{"start":"2022-05-09T15:41:00.000Z","end":"2022-05-09T15:42:00.000Z"},"country":"United Kingdom","OPM":9,"Total_sales_vol":413.38999807834625,"rate_of_return":0.0}
{"window":{"start":"2022-05-08T10:01:00.000Z","end":"2022-05-08T10:02:00.000Z"},"country":"United Kingdom","OPM":9,"Total_sales_vol":5512.110017776489,"rate_of_return":0.0}
{"window":{"start":"2022-05-10T00:25:00.000Z","end":"2022-05-10T00:26:00.000Z"},"country":"United Kingdom","OPM":5,"Total_sales_vol":205.51000300049782,"rate_of_return":0.0}
{"window":{"start":"2022-05-10T03:46:00.000Z","end":"2022-05-10T03:47:00.000Z"},"country":"United Kingdom","OPM":8,"Total_sales_vol":217.82000529766083,"rate_of_return":0.0}
{"window":{"start":"2022-05-06T22:04:00.000Z","end":"2022-05-06T22:05:00.000Z"},"country":"Belgium","OPM":1,"Total_sales_vol":30.26999920606613,"rate_of_return":0.0}
{"window":{"start":"2022-05-09T17:47:00.000Z","end":"2022-05-09T17:48:00.000Z"},"country":"United Kingdom","OPM":6,"Total_sales_vol":512.039999961853,"rate_of_return":0.0}
{"window":{"start":"2022-05-08T11:09:00.000Z","end":"2022-05-08T11:10:00.000Z"},"country":"United Kingdom","OPM":9,"Total_sales_vol":1899.4699021875858,"rate_of_return":0.07142857142857142}
{"window":{"start":"2022-05-07T08:56:00.000Z","end":"2022-05-07T08:57:00.000Z"},"country":"France","OPM":1,"Total_sales_vol":68.13999891281128,"rate_of_return":0.0}
{"window":{"start":"2022-05-09T05:45:00.000Z","end":"2022-05-09T05:46:00.000Z"},"country":"United Kingdom","OPM":11,"Total_sales_vol":536.0699953138828,"rate_of_return":0.0}
{"window":{"start":"2022-05-07T17:18:00.000Z","end":"2022-05-07T17:19:00.000Z"},"country":"Hong Kong","OPM":1,"Total_sales_vol":39.47999954223633,"rate_of_return":0.0}
{"window":{"start":"2022-05-08T16:35:00.000Z","end":"2022-05-08T16:36:00.000Z"},"country":"Germany","OPM":1,"Total_sales_vol":455.2299976348877,"rate_of_return":0.0}
{"window":{"start":"2022-05-08T19:02:00.000Z","end":"2022-05-08T19:03:00.000Z"},"country":"United Kingdom","OPM":11,"Total_sales_vol":912.0799942016602,"rate_of_return":0.0}
