{"window":{"start":"2022-05-09T06:14:00.000Z","end":"2022-05-09T06:15:00.000Z"},"country":"Norway","OPM":1,"Total_sales_vol":55.08000183105469,"rate_of_return":0.0}
{"window":{"start":"2022-05-09T12:13:00.000Z","end":"2022-05-09T12:14:00.000Z"},"country":"EIRE","OPM":1,"Total_sales_vol":126.69999808073044,"rate_of_return":0.0}
{"window":{"start":"2022-05-09T16:03:00.000Z","end":"2022-05-09T16:04:00.000Z"},"country":"United Kingdom","OPM":14,"Total_sales_vol":325.0699990093708,"rate_of_return":0.05128205128205128}
{"window":{"start":"2022-05-06T13:47:00.000Z","end":"2022-05-06T13:48:00.000Z"},"country":"France","OPM":1,"Total_sales_vol":30.0,"rate_of_return":0.0}
{"window":{"start":"2022-05-07T13:05:00.000Z","end":"2022-05-07T13:06:00.000Z"},"country":"United Kingdom","OPM":8,"Total_sales_vol":278.5600028038025,"rate_of_return":0.21739130434782608}
{"window":{"start":"2022-05-07T23:42:00.000Z","end":"2022-05-07T23:43:00.000Z"},"country":"United Kingdom","OPM":14,"Total_sales_vol":710.830003619194,"rate_of_return":0.0}
{"window":{"start":"2022-05-07T19:56:00.000Z","end":"2022-05-07T19:57:00.000Z"},"country":"United Kingdom","OPM":10,"Total_sales_vol":355.35000520944595,"rate_of_return":0.07317073170731707}
{"window":{"start":"2022-05-08T12:55:00.000Z","end":"2022-05-08T12:56:00.000Z"},"country":"United Kingdom","OPM":8,"Total_sales_vol":580.8000029921532,"rate_of_return":0.0}
{"window":{"start":"2022-05-07T14:20:00.000Z","end":"2022-05-07T14:21:00.000Z"},"country":"United Kingdom","OPM":12,"Total_sales_vol":590.5499958395958,"rate_of_return":0.058823529411764705}
{"window":{"start":"2022-05-10T03:29:00.000Z","end":"2022-05-10T03:30:00.000Z"},"country":"United Kingdom","OPM":6,"Total_sales_vol":780.6099934577942,"rate_of_return":0.0}
{"window":{"start":"2022-05-08T06:10:00.000Z","end":"2022-05-08T06:11:00.000Z"},"country":"United Kingdom","OPM":8,"Total_sales_vol":571.470002323389,"rate_of_return":0.0}
{"window":{"start":"2022-05-09T17:23:00.000Z","end":"2022-05-09T17:24:00.000Z"},"country":"France","OPM":1,"Total_sales_vol":14.059999942779541,"rate_of_return":0.0}
{"window":{"start":"2022-05-07T23:59:00.000Z","end":"2022-05-08T00:00:00.000Z"},"country":"Channel Islands","OPM":1,"Total_sales_vol":124.16000199317932,"rate_of_return":0.0}
{"window":{"start":"2022-05-08T11:37:00.000Z","end":"2022-05-08T11:38:00.000Z"},"country":"United Kingdom","OPM":7,"Total_sales_vol":370.2799905240536,"rate_of_return":0.0}
{"window":{"start":"2022-05-09T08:08:00.000Z","end":"2022-05-09T08:09:00.000Z"},"country":"United Kingdom","OPM":8,"Total_sales_vol":331.30999743938446,"rate_of_return":0.0}
{"window":{"start":"2022-05-09T15:04:00.000Z","end":"2022-05-09T15:05:00.000Z"},"country":"United Kingdom","OPM":12,"Total_sales_vol":584.4699987471104,"rate_of_return":0.0}
{"window":{"start":"2022-05-06T07:34:00.000Z","end":"2022-05-06T07:35:00.000Z"},"country":"United Kingdom","OPM":5,"Total_sales_vol":574.6499936580658,"rate_of_return":0.11764705882352941}
{"window":{"start":"2022-05-08T00:11:00.000Z","end":"2022-05-08T00:12:00.000Z"},"country":"United Kingdom","OPM":9,"Total_sales_vol":614.6400038003922,"rate_of_return":0.09433962264150944}
{"window":{"start":"2022-05-05T20:02:00.000Z","end":"2022-05-05T20:03:00.000Z"},"country":"United Kingdom","OPM":8,"Total_sales_vol":693.4099942445755,"rate_of_return":0.0}
{"window":{"start":"2022-05-06T12:40:00.000Z","end":"2022-05-06T12:41:00.000Z"},"country":"Norway","OPM":1,"Total_sales_vol":106.36999899148941,"rate_of_return":0.0}
{"window":{"start":"2022-05-08T09:12:00.000Z","end":"2022-05-08T09:13:00.000Z"},"country":"France","OPM":2,"Total_sales_vol":87.09999465942383,"rate_of_return":0.0}
{"window":{"start":"2022-05-10T05:24:00.000Z","end":"2022-05-10T05:25:00.000Z"},"country":"United Kingdom","OPM":3,"Total_sales_vol":27.859999895095825,"rate_of_return":0.4444444444444444}
{"window":{"start":"2022-05-10T07:50:00.000Z","end":"2022-05-10T07:51:00.000Z"},"country":"France","OPM":1,"Total_sales_vol":74.91000270843506,"rate_of_return":0.0}
{"window":{"start":"2022-05-08T09:48:00.000Z","end":"2022-05-08T09:49:00.000Z"},"country":"United Kingdom","OPM":12,"Total_sales_vol":1164.6900015473366,"rate_of_return":0.0}
{"window":{"start":"2022-05-09T09:24:00.000Z","end":"2022-05-09T09:25:00.000Z"},"country":"United Kingdom","OPM":11,"Total_sales_vol":876.310005068779,"rate_of_return":0.0}
{"window":{"start":"2022-05-05T18:47:00.000Z","end":"2022-05-05T18:48:00.000Z"},"country":"Switzerland","OPM":1,"Total_sales_vol":407.59999334812164,"rate_of_return":0.0}
{"window":{"start":"2022-05-07T00:31:00.000Z","end":"2022-05-07T00:32:00.000Z"},"country":"United Kingdom","OPM":9,"Total_sales_vol":166.81000065803528,"rate_of_return":0.1891891891891892}
{"window":{"start":"2022-05-08T14:32:00.000Z","end":"2022-05-08T14:33:00.000Z"},"country":"United Kingdom","OPM":5,"Total_sales_vol":166.7799985408783,"rate_of_return":0.047619047619047616}
{"window":{"start":"2022-05-08T04:42:00.000Z","end":"2022-05-08T04:43:00.000Z"},"country":"Netherlands","OPM":1,"Total_sales_vol":34.81999969482422,"rate_of_return":0.0}
{"window":{"start":"2022-05-06T04:38:00.000Z","end":"2022-05-06T04:39:00.000Z"},"country":"United Kingdom","OPM":3,"Total_sales_vol":276.70000237226486,"rate_of_return":0.0}
{"window":{"start":"2022-05-08T06:46:00.000Z","end":"2022-05-08T06:47:00.000Z"},"country":"United Kingdom","OPM":5,"Total_sales_vol":139.76000261306763,"rate_of_return":0.0}
{"window":{"start":"2022-05-09T17:04:00.000Z","end":"2022-05-09T17:05:00.000Z"},"country":"United Kingdom","OPM":7,"Total_sales_vol":828.1200105845928,"rate_of_return":0.0}
{"window":{"start":"2022-05-06T09:44:00.000Z","end":"2022-05-06T09:45:00.000Z"},"country":"Portugal","OPM":1,"Total_sales_vol":-96.4299984574318,"rate_of_return":1.0}
{"window":{"start":"2022-05-05T23:38:00.000Z","end":"2022-05-05T23:39:00.000Z"},"country":"United Kingdom","OPM":3,"Total_sales_vol":595.8400253653526,"rate_of_return":0.0}
{"window":{"start":"2022-05-08T15:00:00.000Z","end":"2022-05-08T15:01:00.000Z"},"country":"United Kingdom","OPM":6,"Total_sales_vol":202.92000576853752,"rate_of_return":0.10526315789473684}
{"window":{"start":"2022-05-07T06:49:00.000Z","end":"2022-05-07T06:50:00.000Z"},"country":"EIRE","OPM":1,"Total_sales_vol":17.75,"rate_of_return":0.0}
{"window":{"start":"2022-05-07T20:29:00.000Z","end":"2022-05-07T20:30:00.000Z"},"country":"EIRE","OPM":1,"Total_sales_vol":170.87998867034912,"rate_of_return":0.0}
{"window":{"start":"2022-05-09T00:45:00.000Z","end":"2022-05-09T00:46:00.000Z"},"country":"Germany","OPM":1,"Total_sales_vol":26.25,"rate_of_return":0.0}
{"window":{"start":"2022-05-07T14:41:00.000Z","end":"2022-05-07T14:42:00.000Z"},"country":"United Kingdom","OPM":9,"Total_sales_vol":759.9699946939945,"rate_of_return":0.0}
{"window":{"start":"2022-05-08T09:32:00.000Z","end":"2022-05-08T09:33:00.000Z"},"country":"EIRE","OPM":1,"Total_sales_vol":17.700000762939453,"rate_of_return":0.0}
{"window":{"start":"2022-05-08T21:43:00.000Z","end":"2022-05-08T21:44:00.000Z"},"country":"United Kingdom","OPM":15,"Total_sales_vol":451.6400055885315,"rate_of_return":0.1702127659574468}
{"window":{"start":"2022-05-09T00:19:00.000Z","end":"2022-05-09T00:20:00.000Z"},"country":"United Kingdom","OPM":7,"Total_sales_vol":74.49999928474426,"rate_of_return":0.07142857142857142}
{"window":{"start":"2022-05-09T18:10:00.000Z","end":"2022-05-09T18:11:00.000Z"},"country":"Norway","OPM":1,"Total_sales_vol":2.5,"rate_of_return":0.0}
{"window":{"start":"2022-05-08T12:04:00.000Z","end":"2022-05-08T12:05:00.000Z"},"country":"Portugal","OPM":1,"Total_sales_vol":138.1599998474121,"rate_of_return":0.0}
{"window":{"start":"2022-05-06T06:02:00.000Z","end":"2022-05-06T06:03:00.000Z"},"country":"United Kingdom","OPM":7,"Total_sales_vol":101.90999791026115,"rate_of_return":0.0}
{"window":{"start":"2022-05-07T11:50:00.000Z","end":"2022-05-07T11:51:00.000Z"},"country":"Portugal","OPM":1,"Total_sales_vol":33.16999912261963,"rate_of_return":0.0}
{"window":{"start":"2022-05-06T20:43:00.000Z","end":"2022-05-06T20:44:00.000Z"},"country":"United Kingdom","OPM":14,"Total_sales_vol":1893.300014346838,"rate_of_return":0.0784313725490196}
{"window":{"start":"2022-05-07T11:34:00.000Z","end":"2022-05-07T11:35:00.000Z"},"country":"United Kingdom","OPM":5,"Total_sales_vol":390.5499902665615,"rate_of_return":0.0}
{"window":{"start":"2022-05-05T19:44:00.000Z","end":"2022-05-05T19:45:00.000Z"},"country":"United Kingdom","OPM":11,"Total_sales_vol":1487.3699955940247,"rate_of_return":0.0}
{"window":{"start":"2022-05-10T06:57:00.000Z","end":"2022-05-10T06:58:00.000Z"},"country":"United Kingdom","OPM":15,"Total_sales_vol":1174.2599970698357,"rate_of_return":0.03508771929824561}
{"window":{"start":"2022-05-06T20:14:00.000Z","end":"2022-05-06T20:15:00.000Z"},"country":"United Kingdom","OPM":8,"Total_sales_vol":533.3600038290024,"rate_of_return":0.16666666666666666}
{"window":{"start":"2022-05-08T01:15:00.000Z","end":"2022-05-08T01:16:00.000Z"},"country":"United Kingdom","OPM":7,"Total_sales_vol":409.38000559806824,"rate_of_return":0.0}
{"window":{"start":"2022-05-09T16:33:00.000Z","end":"2022-05-09T16:34:00.000Z"},"country":"United Kingdom","OPM":14,"Total_sales_vol":1169.2500002384186,"rate_of_return":0.0}
{"window":{"start":"2022-05-08T15:48:00.000Z","end":"2022-05-08T15:49:00.000Z"},"country":"United Kingdom","OPM":13,"Total_sales_vol":-1085.420000642538,"rate_of_return":0.07142857142857142}
{"window":{"start":"2022-05-08T04:06:00.000Z","end":"2022-05-08T04:07:00.000Z"},"country":"Netherlands","OPM":1,"Total_sales_vol":62.619998931884766,"rate_of_return":0.0}
{"window":{"start":"2022-05-09T19:25:00.000Z","end":"2022-05-09T19:26:00.000Z"},"country":"United Kingdom","OPM":11,"Total_sales_vol":395.9200027883053,"rate_of_return":0.0}
{"window":{"start":"2022-05-06T00:59:00.000Z","end":"2022-05-06T01:00:00.000Z"},"country":"United Kingdom","OPM":6,"Total_sales_vol":249.37999355793,"rate_of_return":0.04}
