{"window":{"start":"2022-05-06T00:45:00.000Z","end":"2022-05-06T00:46:00.000Z"},"country":"United Kingdom","OPM":4,"Total_sales_vol":368.83000975847244,"rate_of_return":0.0}
{"window":{"start":"2022-05-10T03:42:00.000Z","end":"2022-05-10T03:43:00.000Z"},"country":"United Kingdom","OPM":5,"Total_sales_vol":332.6799989938736,"rate_of_return":0.0}
{"window":{"start":"2022-05-08T08:21:00.000Z","end":"2022-05-08T08:22:00.000Z"},"country":"Finland","OPM":1,"Total_sales_vol":325.1599998474121,"rate_of_return":0.0}
{"window":{"start":"2022-05-08T14:25:00.000Z","end":"2022-05-08T14:26:00.000Z"},"country":"Unspecified","OPM":1,"Total_sales_vol":147.20000553131104,"rate_of_return":0.0}
{"window":{"start":"2022-05-09T03:17:00.000Z","end":"2022-05-09T03:18:00.000Z"},"country":"France","OPM":1,"Total_sales_vol":147.42999696731567,"rate_of_return":0.0}
{"window":{"start":"2022-05-07T08:27:00.000Z","end":"2022-05-07T08:28:00.000Z"},"country":"United Kingdom","OPM":8,"Total_sales_vol":301.0800007879734,"rate_of_return":0.0}
{"window":{"start":"2022-05-10T08:22:00.000Z","end":"2022-05-10T08:23:00.000Z"},"country":"EIRE","OPM":1,"Total_sales_vol":0.8299999833106995,"rate_of_return":0.0}
{"window":{"start":"2022-05-08T06:42:00.000Z","end":"2022-05-08T06:43:00.000Z"},"country":"United Kingdom","OPM":5,"Total_sales_vol":146.17000553011894,"rate_of_return":0.07692307692307693}
{"window":{"start":"2022-05-07T03:01:00.000Z","end":"2022-05-07T03:02:00.000Z"},"country":"United Kingdom","OPM":11,"Total_sales_vol":387.31000016629696,"rate_of_return":0.15789473684210525}
{"window":{"start":"2022-05-10T04:48:00.000Z","end":"2022-05-10T04:49:00.000Z"},"country":"United Kingdom","OPM":4,"Total_sales_vol":144.59999696165323,"rate_of_return":0.0}
{"window":{"start":"2022-05-08T05:12:00.000Z","end":"2022-05-08T05:13:00.000Z"},"country":"France","OPM":1,"Total_sales_vol":236.5299997329712,"rate_of_return":0.0}
{"window":{"start":"2022-05-06T18:12:00.000Z","end":"2022-05-06T18:13:00.000Z"},"country":"United Kingdom","OPM":13,"Total_sales_vol":5387.77000194788,"rate_of_return":0.11904761904761904}
{"window":{"start":"2022-05-09T01:23:00.000Z","end":"2022-05-09T01:24:00.000Z"},"country":"United Kingdom","OPM":7,"Total_sales_vol":165.21999597549438,"rate_of_return":0.16666666666666666}
{"window":{"start":"2022-05-10T09:39:00.000Z","end":"2022-05-10T09:40:00.000Z"},"country":"Finland","OPM":1,"Total_sales_vol":26.380000114440918,"rate_of_return":0.0}
{"window":{"start":"2022-05-09T14:34:00.000Z","end":"2022-05-09T14:35:00.000Z"},"country":"Spain","OPM":1,"Total_sales_vol":16.25,"rate_of_return":0.0}
{"window":{"start":"2022-05-08T06:16:00.000Z","end":"2022-05-08T06:17:00.000Z"},"country":"United Kingdom","OPM":5,"Total_sales_vol":208.1000006198883,"rate_of_return":0.1111111111111111}
{"window":{"start":"2022-05-05T23:05:00.000Z","end":"2022-05-05T23:06:00.000Z"},"country":"United Kingdom","OPM":9,"Total_sales_vol":703.3200009465218,"rate_of_return":0.1}
{"window":{"start":"2022-05-10T09:28:00.000Z","end":"2022-05-10T09:29:00.000Z"},"country":"United Kingdom","OPM":10,"Total_sales_vol":648.1099914908409,"rate_of_return":0.125}
{"window":{"start":"2022-05-05T23:15:00.000Z","end":"2022-05-05T23:16:00.000Z"},"country":"United Kingdom","OPM":7,"Total_sales_vol":429.99999487400055,"rate_of_return":0.0}
{"window":{"start":"2022-05-07T16:14:00.000Z","end":"2022-05-07T16:15:00.000Z"},"country":"United Kingdom","OPM":5,"Total_sales_vol":331.96000185608864,"rate_of_return":0.0}
{"window":{"start":"2022-05-10T05:27:00.000Z","end":"2022-05-10T05:28:00.000Z"},"country":"Germany","OPM":1,"Total_sales_vol":12.450000286102295,"rate_of_return":0.0}
{"window":{"start":"2022-05-06T00:13:00.000Z","end":"2022-05-06T00:14:00.000Z"},"country":"United Kingdom","OPM":6,"Total_sales_vol":440.77999663352966,"rate_of_return":0.0}
{"window":{"start":"2022-05-08T05:53:00.000Z","end":"2022-05-08T05:54:00.000Z"},"country":"United Kingdom","OPM":6,"Total_sales_vol":922.4299994111061,"rate_of_return":0.0}
{"window":{"start":"2022-05-07T12:01:00.000Z","end":"2022-05-07T12:02:00.000Z"},"country":"United Kingdom","OPM":13,"Total_sales_vol":481.4599994421005,"rate_of_return":0.0}
{"window":{"start":"2022-05-08T12:11:00.000Z","end":"2022-05-08T12:12:00.000Z"},"country":"United Kingdom","OPM":7,"Total_sales_vol":195.77000278234482,"rate_of_return":0.0}
{"window":{"start":"2022-05-08T15:29:00.000Z","end":"2022-05-08T15:30:00.000Z"},"country":"United Kingdom","OPM":4,"Total_sales_vol":158.39000010490417,"rate_of_return":0.0}
{"window":{"start":"2022-05-08T00:32:00.000Z","end":"2022-05-08T00:33:00.000Z"},"country":"United Kingdom","OPM":13,"Total_sales_vol":635.8700008392334,"rate_of_return":0.0}
{"window":{"start":"2022-05-05T22:16:00.000Z","end":"2022-05-05T22:17:00.000Z"},"country":"United Kingdom","OPM":5,"Total_sales_vol":282.2500033378601,"rate_of_return":0.0}
{"window":{"start":"2022-05-05T17:36:00.000Z","end":"2022-05-05T17:37:00.000Z"},"country":"United Kingdom","OPM":8,"Total_sales_vol":297.6099995970726,"rate_of_return":0.08}
{"window":{"start":"2022-05-10T08:25:00.000Z","end":"2022-05-10T08:26:00.000Z"},"country":"United Kingdom","OPM":5,"Total_sales_vol":146.16000005602837,"rate_of_return":0.0}
{"window":{"start":"2022-05-06T05:50:00.000Z","end":"2022-05-06T05:51:00.000Z"},"country":"United Kingdom","OPM":11,"Total_sales_vol":502.7600041627884,"rate_of_return":0.16279069767441862}
{"window":{"start":"2022-05-07T19:46:00.000Z","end":"2022-05-07T19:47:00.000Z"},"country":"Portugal","OPM":1,"Total_sales_vol":1.7000000476837158,"rate_of_return":0.0}
{"window":{"start":"2022-05-08T07:36:00.000Z","end":"2022-05-08T07:37:00.000Z"},"country":"United Kingdom","OPM":7,"Total_sales_vol":188.39999902248383,"rate_of_return":0.1111111111111111}
{"window":{"start":"2022-05-08T19:08:00.000Z","end":"2022-05-08T19:09:00.000Z"},"country":"Greece","OPM":1,"Total_sales_vol":205.4899983406067,"rate_of_return":0.0}
{"window":{"start":"2022-05-10T05:50:00.000Z","end":"2022-05-10T05:51:00.000Z"},"country":"Finland","OPM":1,"Total_sales_vol":123.97999957203865,"rate_of_return":0.0}
{"window":{"start":"2022-05-08T11:09:00.000Z","end":"2022-05-08T11:10:00.000Z"},"country":"France","OPM":1,"Total_sales_vol":70.45000123977661,"rate_of_return":0.0}
{"window":{"start":"2022-05-10T00:13:00.000Z","end":"2022-05-10T00:14:00.000Z"},"country":"United Kingdom","OPM":16,"Total_sales_vol":806.2200067043304,"rate_of_return":0.0}
{"window":{"start":"2022-05-06T07:28:00.000Z","end":"2022-05-06T07:29:00.000Z"},"country":"United Kingdom","OPM":13,"Total_sales_vol":1879.5999977886677,"rate_of_return":0.0}
{"window":{"start":"2022-05-10T01:32:00.000Z","end":"2022-05-10T01:33:00.000Z"},"country":"United Kingdom","OPM":6,"Total_sales_vol":357.959999024868,"rate_of_return":0.0}
{"window":{"start":"2022-05-10T06:20:00.000Z","end":"2022-05-10T06:21:00.000Z"},"country":"United Kingdom","OPM":6,"Total_sales_vol":342.3099980354309,"rate_of_return":0.0}
{"window":{"start":"2022-05-07T01:08:00.000Z","end":"2022-05-07T01:09:00.000Z"},"country":"United Kingdom","OPM":10,"Total_sales_vol":1452.6599828600883,"rate_of_return":0.05714285714285714}
{"window":{"start":"2022-05-05T20:17:00.000Z","end":"2022-05-05T20:18:00.000Z"},"country":"EIRE","OPM":1,"Total_sales_vol":1.6299999952316284,"rate_of_return":0.0}
{"window":{"start":"2022-05-08T10:22:00.000Z","end":"2022-05-08T10:23:00.000Z"},"country":"Germany","OPM":1,"Total_sales_vol":173.56000554561615,"rate_of_return":0.0}
{"window":{"start":"2022-05-08T02:46:00.000Z","end":"2022-05-08T02:47:00.000Z"},"country":"Norway","OPM":1,"Total_sales_vol":166.5599980354309,"rate_of_return":0.0}
{"window":{"start":"2022-05-07T10:34:00.000Z","end":"2022-05-07T10:35:00.000Z"},"country":"United Kingdom","OPM":13,"Total_sales_vol":995.850008636713,"rate_of_return":0.0}
{"window":{"start":"2022-05-09T04:27:00.000Z","end":"2022-05-09T04:28:00.000Z"},"country":"United Kingdom","OPM":7,"Total_sales_vol":468.96999874711037,"rate_of_return":0.0}
{"window":{"start":"2022-05-07T16:05:00.000Z","end":"2022-05-07T16:06:00.000Z"},"country":"United Kingdom","OPM":8,"Total_sales_vol":350.1899933218956,"rate_of_return":0.13043478260869565}
{"window":{"start":"2022-05-07T22:24:00.000Z","end":"2022-05-07T22:25:00.000Z"},"country":"Netherlands","OPM":1,"Total_sales_vol":82.9000015258789,"rate_of_return":0.0}
{"window":{"start":"2022-05-08T03:13:00.000Z","end":"2022-05-08T03:14:00.000Z"},"country":"France","OPM":1,"Total_sales_vol":6.5899999141693115,"rate_of_return":0.0}
{"window":{"start":"2022-05-05T17:05:00.000Z","end":"2022-05-05T17:06:00.000Z"},"country":"United Kingdom","OPM":7,"Total_sales_vol":688.8300024271011,"rate_of_return":0.05263157894736842}
{"window":{"start":"2022-05-09T20:24:00.000Z","end":"2022-05-09T20:25:00.000Z"},"country":"United Kingdom","OPM":4,"Total_sales_vol":471.3399991989136,"rate_of_return":0.0}
{"window":{"start":"2022-05-07T18:04:00.000Z","end":"2022-05-07T18:05:00.000Z"},"country":"Germany","OPM":1,"Total_sales_vol":733.6499989032745,"rate_of_return":0.0}
{"window":{"start":"2022-05-07T20:32:00.000Z","end":"2022-05-07T20:33:00.000Z"},"country":"EIRE","OPM":1,"Total_sales_vol":14.039999961853027,"rate_of_return":0.0}
{"window":{"start":"2022-05-07T01:34:00.000Z","end":"2022-05-07T01:35:00.000Z"},"country":"United Kingdom","OPM":9,"Total_sales_vol":582.7800009250641,"rate_of_return":0.0}
{"window":{"start":"2022-05-09T04:59:00.000Z","end":"2022-05-09T05:00:00.000Z"},"country":"United Kingdom","OPM":6,"Total_sales_vol":904.6400125026703,"rate_of_return":0.0}
{"window":{"start":"2022-05-06T17:44:00.000Z","end":"2022-05-06T17:45:00.000Z"},"country":"United Kingdom","OPM":12,"Total_sales_vol":235.14000099897385,"rate_of_return":0.10869565217391304}
{"window":{"start":"2022-05-07T16:21:00.000Z","end":"2022-05-07T16:22:00.000Z"},"country":"United Kingdom","OPM":8,"Total_sales_vol":695.3300013542175,"rate_of_return":0.0}
{"window":{"start":"2022-05-09T07:36:00.000Z","end":"2022-05-09T07:37:00.000Z"},"country":"Switzerland","OPM":1,"Total_sales_vol":48.99999952316284,"rate_of_return":0.0}
{"window":{"start":"2022-05-07T03:51:00.000Z","end":"2022-05-07T03:52:00.000Z"},"country":"United Kingdom","OPM":3,"Total_sales_vol":586.2000076770782,"rate_of_return":0.0}
{"window":{"start":"2022-05-07T02:24:00.000Z","end":"2022-05-07T02:25:00.000Z"},"country":"EIRE","OPM":1,"Total_sales_vol":110.75999799370766,"rate_of_return":0.0}
{"window":{"start":"2022-05-09T18:45:00.000Z","end":"2022-05-09T18:46:00.000Z"},"country":"United Kingdom","OPM":8,"Total_sales_vol":686.0599998533726,"rate_of_return":0.0}
{"window":{"start":"2022-05-06T19:16:00.000Z","end":"2022-05-06T19:17:00.000Z"},"country":"United Kingdom","OPM":12,"Total_sales_vol":773.5000058412552,"rate_of_return":0.0}
{"window":{"start":"2022-05-08T06:02:00.000Z","end":"2022-05-08T06:03:00.000Z"},"country":"France","OPM":2,"Total_sales_vol":25.45999985933304,"rate_of_return":0.0}
{"window":{"start":"2022-05-06T21:52:00.000Z","end":"2022-05-06T21:53:00.000Z"},"country":"United Kingdom","OPM":14,"Total_sales_vol":819.5799946188927,"rate_of_return":0.0}
{"window":{"start":"2022-05-06T12:10:00.000Z","end":"2022-05-06T12:11:00.000Z"},"country":"Switzerland","OPM":1,"Total_sales_vol":3.3299999833106995,"rate_of_return":0.0}
{"window":{"start":"2022-05-06T00:11:00.000Z","end":"2022-05-06T00:12:00.000Z"},"country":"United Kingdom","OPM":14,"Total_sales_vol":1353.450027704239,"rate_of_return":0.06521739130434782}
{"window":{"start":"2022-05-06T01:35:00.000Z","end":"2022-05-06T01:36:00.000Z"},"country":"United Kingdom","OPM":11,"Total_sales_vol":687.9899990558624,"rate_of_return":0.0}
{"window":{"start":"2022-05-10T09:40:00.000Z","end":"2022-05-10T09:41:00.000Z"},"country":"United Kingdom","OPM":5,"Total_sales_vol":243.75999808311462,"rate_of_return":0.0}
{"window":{"start":"2022-05-08T01:28:00.000Z","end":"2022-05-08T01:29:00.000Z"},"country":"United Kingdom","OPM":13,"Total_sales_vol":664.9899944365025,"rate_of_return":0.0}
{"window":{"start":"2022-05-10T08:01:00.000Z","end":"2022-05-10T08:02:00.000Z"},"country":"United Kingdom","OPM":5,"Total_sales_vol":209.10999882221222,"rate_of_return":0.0}
{"window":{"start":"2022-05-06T03:40:00.000Z","end":"2022-05-06T03:41:00.000Z"},"country":"United Kingdom","OPM":13,"Total_sales_vol":716.2899987697601,"rate_of_return":0.0}
{"window":{"start":"2022-05-07T06:30:00.000Z","end":"2022-05-07T06:31:00.000Z"},"country":"United Kingdom","OPM":8,"Total_sales_vol":678.9400123357773,"rate_of_return":0.0}
{"window":{"start":"2022-05-07T08:09:00.000Z","end":"2022-05-07T08:10:00.000Z"},"country":"United Kingdom","OPM":3,"Total_sales_vol":48.789999127388,"rate_of_return":0.2}
{"window":{"start":"2022-05-06T03:20:00.000Z","end":"2022-05-06T03:21:00.000Z"},"country":"United Kingdom","OPM":12,"Total_sales_vol":911.3099952936172,"rate_of_return":0.0}
{"window":{"start":"2022-05-06T19:18:00.000Z","end":"2022-05-06T19:19:00.000Z"},"country":"United Kingdom","OPM":4,"Total_sales_vol":153.8400022983551,"rate_of_return":0.0}
