{"window":{"start":"2022-05-08T11:15:00.000Z","end":"2022-05-08T11:16:00.000Z"},"country":"United Kingdom","OPM":8,"Total_sales_vol":431.0399868488312,"rate_of_return":0.05}
{"window":{"start":"2022-05-07T06:16:00.000Z","end":"2022-05-07T06:17:00.000Z"},"country":"EIRE","OPM":1,"Total_sales_vol":29.900001525878906,"rate_of_return":0.0}
{"window":{"start":"2022-05-08T00:09:00.000Z","end":"2022-05-08T00:10:00.000Z"},"country":"United Kingdom","OPM":15,"Total_sales_vol":561.0399960875511,"rate_of_return":0.0}
{"window":{"start":"2022-05-08T12:05:00.000Z","end":"2022-05-08T12:06:00.000Z"},"country":"United Kingdom","OPM":7,"Total_sales_vol":1336.7699362039566,"rate_of_return":0.13636363636363635}
{"window":{"start":"2022-05-08T17:52:00.000Z","end":"2022-05-08T17:53:00.000Z"},"country":"France","OPM":1,"Total_sales_vol":20.799999237060547,"rate_of_return":0.0}
{"window":{"start":"2022-05-06T12:16:00.000Z","end":"2022-05-06T12:17:00.000Z"},"country":"United Kingdom","OPM":7,"Total_sales_vol":210.37999933958054,"rate_of_return":0.0}
{"window":{"start":"2022-05-09T19:09:00.000Z","end":"2022-05-09T19:10:00.000Z"},"country":"Finland","OPM":1,"Total_sales_vol":124.01000356674194,"rate_of_return":0.0}
{"window":{"start":"2022-05-07T10:03:00.000Z","end":"2022-05-07T10:04:00.000Z"},"country":"United Kingdom","OPM":3,"Total_sales_vol":8.409999132156372,"rate_of_return":0.4}
{"window":{"start":"2022-05-09T05:02:00.000Z","end":"2022-05-09T05:03:00.000Z"},"country":"United Kingdom","OPM":8,"Total_sales_vol":385.7400059700012,"rate_of_return":0.12}
{"window":{"start":"2022-05-06T02:25:00.000Z","end":"2022-05-06T02:26:00.000Z"},"country":"United Kingdom","OPM":10,"Total_sales_vol":695.3099853992462,"rate_of_return":0.10344827586206896}
{"window":{"start":"2022-05-06T21:08:00.000Z","end":"2022-05-06T21:09:00.000Z"},"country":"EIRE","OPM":1,"Total_sales_vol":92.54999685287476,"rate_of_return":0.0}
{"window":{"start":"2022-05-07T16:47:00.000Z","end":"2022-05-07T16:48:00.000Z"},"country":"United Kingdom","OPM":9,"Total_sales_vol":974.8500091731548,"rate_of_return":0.0}
{"window":{"start":"2022-05-09T19:26:00.000Z","end":"2022-05-09T19:27:00.000Z"},"country":"United Kingdom","OPM":4,"Total_sales_vol":298.95998907089233,"rate_of_return":0.0}
{"window":{"start":"2022-05-10T10:18:00.000Z","end":"2022-05-10T10:19:00.000Z"},"country":"Norway","OPM":1,"Total_sales_vol":1.7000000476837158,"rate_of_return":0.0}
{"window":{"start":"2022-05-05T18:42:00.000Z","end":"2022-05-05T18:43:00.000Z"},"country":"United Kingdom","OPM":11,"Total_sales_vol":1070.7099925875664,"rate_of_return":0.0}
{"window":{"start":"2022-05-06T19:13:00.000Z","end":"2022-05-06T19:14:00.000Z"},"country":"Switzerland","OPM":1,"Total_sales_vol":7.5,"rate_of_return":0.0}
{"window":{"start":"2022-05-06T11:58:00.000Z","end":"2022-05-06T11:59:00.000Z"},"country":"United Kingdom","OPM":11,"Total_sales_vol":272.3199947476387,"rate_of_return":0.2222222222222222}
{"window":{"start":"2022-05-07T21:43:00.000Z","end":"2022-05-07T21:44:00.000Z"},"country":"United Kingdom","OPM":6,"Total_sales_vol":477.88000893592834,"rate_of_return":0.0}
{"window":{"start":"2022-05-06T10:25:00.000Z","end":"2022-05-06T10:26:00.000Z"},"country":"France","OPM":1,"Total_sales_vol":32.03000044822693,"rate_of_return":0.0}
{"window":{"start":"2022-05-10T10:35:00.000Z","end":"2022-05-10T10:36:00.000Z"},"country":"United Kingdom","OPM":12,"Total_sales_vol":635.8500045239925,"rate_of_return":0.0}
{"window":{"start":"2022-05-06T13:59:00.000Z","end":"2022-05-06T14:00:00.000Z"},"country":"United Kingdom","OPM":10,"Total_sales_vol":2083.670013844967,"rate_of_return":0.061224489795918366}
{"window":{"start":"2022-05-08T21:33:00.000Z","end":"2022-05-08T21:34:00.000Z"},"country":"United Kingdom","OPM":5,"Total_sales_vol":277.4700049161911,"rate_of_return":0.22727272727272727}
{"window":{"start":"2022-05-06T15:56:00.000Z","end":"2022-05-06T15:57:00.000Z"},"country":"France","OPM":1,"Total_sales_vol":112.48999977111816,"rate_of_return":0.0}
{"window":{"start":"2022-05-06T11:23:00.000Z","end":"2022-05-06T11:24:00.000Z"},"country":"United Kingdom","OPM":9,"Total_sales_vol":162.36000001430511,"rate_of_return":0.0}
{"window":{"start":"2022-05-07T06:17:00.000Z","end":"2022-05-07T06:18:00.000Z"},"country":"United Kingdom","OPM":13,"Total_sales_vol":810.1000052690506,"rate_of_return":0.19298245614035087}
{"window":{"start":"2022-05-08T17:50:00.000Z","end":"2022-05-08T17:51:00.000Z"},"country":"EIRE","OPM":1,"Total_sales_vol":225.16999354958534,"rate_of_return":0.0}
{"window":{"start":"2022-05-10T08:55:00.000Z","end":"2022-05-10T08:56:00.000Z"},"country":"United Kingdom","OPM":10,"Total_sales_vol":562.1799975335598,"rate_of_return":0.0}
{"window":{"start":"2022-05-06T10:26:00.000Z","end":"2022-05-06T10:27:00.000Z"},"country":"United Kingdom","OPM":10,"Total_sales_vol":522.9299939274788,"rate_of_return":0.0}
{"window":{"start":"2022-05-06T20:53:00.000Z","end":"2022-05-06T20:54:00.000Z"},"country":"EIRE","OPM":1,"Total_sales_vol":279.4499999284744,"rate_of_return":0.0}
{"window":{"start":"2022-05-10T02:14:00.000Z","end":"2022-05-10T02:15:00.000Z"},"country":"United Kingdom","OPM":7,"Total_sales_vol":1042.9199997782707,"rate_of_return":0.0}
{"window":{"start":"2022-05-09T14:25:00.000Z","end":"2022-05-09T14:26:00.000Z"},"country":"Germany","OPM":1,"Total_sales_vol":51.899999141693115,"rate_of_return":0.0}
{"window":{"start":"2022-05-06T01:55:00.000Z","end":"2022-05-06T01:56:00.000Z"},"country":"France","OPM":1,"Total_sales_vol":52.41999912261963,"rate_of_return":0.0}
{"window":{"start":"2022-05-06T08:18:00.000Z","end":"2022-05-06T08:19:00.000Z"},"country":"United Kingdom","OPM":12,"Total_sales_vol":589.1999900266528,"rate_of_return":0.15555555555555556}
{"window":{"start":"2022-05-06T10:50:00.000Z","end":"2022-05-06T10:51:00.000Z"},"country":"EIRE","OPM":1,"Total_sales_vol":78.1299991607666,"rate_of_return":0.0}
{"window":{"start":"2022-05-09T02:21:00.000Z","end":"2022-05-09T02:22:00.000Z"},"country":"United Kingdom","OPM":11,"Total_sales_vol":732.8599940538406,"rate_of_return":0.0}
{"window":{"start":"2022-05-08T07:33:00.000Z","end":"2022-05-08T07:34:00.000Z"},"country":"United Kingdom","OPM":7,"Total_sales_vol":528.0499982535839,"rate_of_return":0.0}
{"window":{"start":"2022-05-08T01:21:00.000Z","end":"2022-05-08T01:22:00.000Z"},"country":"United Kingdom","OPM":8,"Total_sales_vol":438.9299984872341,"rate_of_return":0.0}
{"window":{"start":"2022-05-05T23:03:00.000Z","end":"2022-05-05T23:04:00.000Z"},"country":"United Kingdom","OPM":7,"Total_sales_vol":1262.4399968981743,"rate_of_return":0.0}
{"window":{"start":"2022-05-06T04:35:00.000Z","end":"2022-05-06T04:36:00.000Z"},"country":"Germany","OPM":1,"Total_sales_vol":65.39999389648438,"rate_of_return":0.0}
{"window":{"start":"2022-05-06T12:07:00.000Z","end":"2022-05-06T12:08:00.000Z"},"country":"Germany","OPM":1,"Total_sales_vol":135.84999990463257,"rate_of_return":0.0}
{"window":{"start":"2022-05-08T15:34:00.000Z","end":"2022-05-08T15:35:00.000Z"},"country":"United Kingdom","OPM":16,"Total_sales_vol":843.7700020074844,"rate_of_return":0.04838709677419355}
{"window":{"start":"2022-05-06T12:38:00.000Z","end":"2022-05-06T12:39:00.000Z"},"country":"France","OPM":1,"Total_sales_vol":65.0999984741211,"rate_of_return":0.0}
{"window":{"start":"2022-05-06T17:49:00.000Z","end":"2022-05-06T17:50:00.000Z"},"country":"EIRE","OPM":1,"Total_sales_vol":2.5,"rate_of_return":0.0}
{"window":{"start":"2022-05-06T23:25:00.000Z","end":"2022-05-06T23:26:00.000Z"},"country":"EIRE","OPM":1,"Total_sales_vol":4.950000047683716,"rate_of_return":0.0}
{"window":{"start":"2022-05-07T10:36:00.000Z","end":"2022-05-07T10:37:00.000Z"},"country":"United Arab Emirates","OPM":1,"Total_sales_vol":30.519999504089355,"rate_of_return":0.0}
{"window":{"start":"2022-05-06T20:54:00.000Z","end":"2022-05-06T20:55:00.000Z"},"country":"United Kingdom","OPM":14,"Total_sales_vol":1236.1399841308594,"rate_of_return":0.07407407407407407}
{"window":{"start":"2022-05-10T09:49:00.000Z","end":"2022-05-10T09:50:00.000Z"},"country":"United Kingdom","OPM":7,"Total_sales_vol":1098.959988117218,"rate_of_return":0.0}
{"window":{"start":"2022-05-06T09:42:00.000Z","end":"2022-05-06T09:43:00.000Z"},"country":"Denmark","OPM":1,"Total_sales_vol":289.11998748779297,"rate_of_return":0.0}
{"window":{"start":"2022-05-07T16:20:00.000Z","end":"2022-05-07T16:21:00.000Z"},"country":"United Kingdom","OPM":6,"Total_sales_vol":237.34999811649323,"rate_of_return":0.4090909090909091}
{"window":{"start":"2022-05-09T12:42:00.000Z","end":"2022-05-09T12:43:00.000Z"},"country":"United Kingdom","OPM":7,"Total_sales_vol":761.7100046277046,"rate_of_return":0.03333333333333333}
{"window":{"start":"2022-05-05T17:27:00.000Z","end":"2022-05-05T17:28:00.000Z"},"country":"United Kingdom","OPM":15,"Total_sales_vol":420.05999940633774,"rate_of_return":0.14583333333333334}
{"window":{"start":"2022-05-10T08:11:00.000Z","end":"2022-05-10T08:12:00.000Z"},"country":"United Kingdom","OPM":8,"Total_sales_vol":291.43999898433685,"rate_of_return":0.0}
{"window":{"start":"2022-05-08T22:29:00.000Z","end":"2022-05-08T22:30:00.000Z"},"country":"Spain","OPM":1,"Total_sales_vol":74.78000068664551,"rate_of_return":0.0}
{"window":{"start":"2022-05-10T07:31:00.000Z","end":"2022-05-10T07:32:00.000Z"},"country":"United Kingdom","OPM":4,"Total_sales_vol":163.25000059604645,"rate_of_return":0.15384615384615385}
{"window":{"start":"2022-05-06T21:26:00.000Z","end":"2022-05-06T21:27:00.000Z"},"country":"United Kingdom","OPM":10,"Total_sales_vol":488.09999907016754,"rate_of_return":0.0}
{"window":{"start":"2022-05-09T19:29:00.000Z","end":"2022-05-09T19:30:00.000Z"},"country":"France","OPM":1,"Total_sales_vol":2.0799999237060547,"rate_of_return":0.0}
{"window":{"start":"2022-05-09T08:02:00.000Z","end":"2022-05-09T08:03:00.000Z"},"country":"Spain","OPM":1,"Total_sales_vol":27.979999542236328,"rate_of_return":0.0}
{"window":{"start":"2022-05-08T05:00:00.000Z","end":"2022-05-08T05:01:00.000Z"},"country":"Switzerland","OPM":1,"Total_sales_vol":76.23000001907349,"rate_of_return":0.0}
{"window":{"start":"2022-05-10T12:52:00.000Z","end":"2022-05-10T12:53:00.000Z"},"country":"EIRE","OPM":1,"Total_sales_vol":13.5,"rate_of_return":0.0}
{"window":{"start":"2022-05-07T17:25:00.000Z","end":"2022-05-07T17:26:00.000Z"},"country":"Greece","OPM":1,"Total_sales_vol":1.2599999904632568,"rate_of_return":0.0}
{"window":{"start":"2022-05-10T07:32:00.000Z","end":"2022-05-10T07:33:00.000Z"},"country":"United Kingdom","OPM":7,"Total_sales_vol":288.94999799132347,"rate_of_return":0.0}
{"window":{"start":"2022-05-09T04:11:00.000Z","end":"2022-05-09T04:12:00.000Z"},"country":"EIRE","OPM":1,"Total_sales_vol":2.0999999046325684,"rate_of_return":0.0}
{"window":{"start":"2022-05-07T15:54:00.000Z","end":"2022-05-07T15:55:00.000Z"},"country":"United Kingdom","OPM":10,"Total_sales_vol":721.0400166511536,"rate_of_return":0.0}
{"window":{"start":"2022-05-08T11:19:00.000Z","end":"2022-05-08T11:20:00.000Z"},"country":"United Kingdom","OPM":11,"Total_sales_vol":671.3800012171268,"rate_of_return":0.0}
{"window":{"start":"2022-05-08T12:48:00.000Z","end":"2022-05-08T12:49:00.000Z"},"country":"France","OPM":1,"Total_sales_vol":23.360000014305115,"rate_of_return":0.0}
{"window":{"start":"2022-05-08T05:04:00.000Z","end":"2022-05-08T05:05:00.000Z"},"country":"United Kingdom","OPM":10,"Total_sales_vol":345.9900106191635,"rate_of_return":0.2}
{"window":{"start":"2022-05-07T18:19:00.000Z","end":"2022-05-07T18:20:00.000Z"},"country":"Germany","OPM":1,"Total_sales_vol":13.779999852180481,"rate_of_return":0.0}
{"window":{"start":"2022-05-08T08:43:00.000Z","end":"2022-05-08T08:44:00.000Z"},"country":"France","OPM":1,"Total_sales_vol":417.200000166893,"rate_of_return":0.0}
{"window":{"start":"2022-05-07T19:34:00.000Z","end":"2022-05-07T19:35:00.000Z"},"country":"United Kingdom","OPM":12,"Total_sales_vol":416.1999901533127,"rate_of_return":0.17073170731707318}
{"window":{"start":"2022-05-09T12:04:00.000Z","end":"2022-05-09T12:05:00.000Z"},"country":"Portugal","OPM":1,"Total_sales_vol":425.53000950813293,"rate_of_return":0.0}
{"window":{"start":"2022-05-09T11:42:00.000Z","end":"2022-05-09T11:43:00.000Z"},"country":"United Kingdom","OPM":8,"Total_sales_vol":592.8499962687492,"rate_of_return":0.0}
{"window":{"start":"2022-05-10T02:49:00.000Z","end":"2022-05-10T02:50:00.000Z"},"country":"United Kingdom","OPM":9,"Total_sales_vol":916.2299927771091,"rate_of_return":0.0}
{"window":{"start":"2022-05-05T17:18:00.000Z","end":"2022-05-05T17:19:00.000Z"},"country":"United Kingdom","OPM":5,"Total_sales_vol":301.9400032758713,"rate_of_return":0.0}
{"window":{"start":"2022-05-07T16:19:00.000Z","end":"2022-05-07T16:20:00.000Z"},"country":"United Kingdom","OPM":19,"Total_sales_vol":1200.929994955659,"rate_of_return":0.0}
{"window":{"start":"2022-05-09T10:42:00.000Z","end":"2022-05-09T10:43:00.000Z"},"country":"United Kingdom","OPM":9,"Total_sales_vol":568.7500055730343,"rate_of_return":0.0}
{"window":{"start":"2022-05-06T15:02:00.000Z","end":"2022-05-06T15:03:00.000Z"},"country":"Portugal","OPM":1,"Total_sales_vol":93.76000308990479,"rate_of_return":0.0}
