{"window":{"start":"2022-05-07T07:31:00.000Z","end":"2022-05-07T07:32:00.000Z"},"country":"Germany","OPM":1,"Total_sales_vol":24.500000715255737,"rate_of_return":0.0}
{"window":{"start":"2022-05-08T11:59:00.000Z","end":"2022-05-08T12:00:00.000Z"},"country":"United Kingdom","OPM":17,"Total_sales_vol":1113.6400314569473,"rate_of_return":0.2127659574468085}
{"window":{"start":"2022-05-09T08:36:00.000Z","end":"2022-05-09T08:37:00.000Z"},"country":"United Kingdom","OPM":7,"Total_sales_vol":335.1899958848953,"rate_of_return":0.0}
{"window":{"start":"2022-05-10T00:03:00.000Z","end":"2022-05-10T00:04:00.000Z"},"country":"United Kingdom","OPM":3,"Total_sales_vol":27.250000476837158,"rate_of_return":0.0}
{"window":{"start":"2022-05-07T04:50:00.000Z","end":"2022-05-07T04:51:00.000Z"},"country":"United Kingdom","OPM":12,"Total_sales_vol":1009.1600013375282,"rate_of_return":0.0}
{"window":{"start":"2022-05-05T22:49:00.000Z","end":"2022-05-05T22:50:00.000Z"},"country":"United Kingdom","OPM":8,"Total_sales_vol":1336.6799874901772,"rate_of_return":0.0}
{"window":{"start":"2022-05-06T18:56:00.000Z","end":"2022-05-06T18:57:00.000Z"},"country":"United Kingdom","OPM":5,"Total_sales_vol":273.0499972105026,"rate_of_return":0.0}
{"window":{"start":"2022-05-08T09:44:00.000Z","end":"2022-05-08T09:45:00.000Z"},"country":"United Kingdom","OPM":9,"Total_sales_vol":691.2200171947479,"rate_of_return":0.0}
{"window":{"start":"2022-05-07T23:05:00.000Z","end":"2022-05-07T23:06:00.000Z"},"country":"Sweden","OPM":1,"Total_sales_vol":36.84999895095825,"rate_of_return":0.0}
{"window":{"start":"2022-05-10T08:43:00.000Z","end":"2022-05-10T08:44:00.000Z"},"country":"Iceland","OPM":1,"Total_sales_vol":168.84000062942505,"rate_of_return":0.0}
{"window":{"start":"2022-05-09T15:23:00.000Z","end":"2022-05-09T15:24:00.000Z"},"country":"United Kingdom","OPM":9,"Total_sales_vol":487.68999418616295,"rate_of_return":0.0}
{"window":{"start":"2022-05-08T11:33:00.000Z","end":"2022-05-08T11:34:00.000Z"},"country":"United Kingdom","OPM":9,"Total_sales_vol":295.6100004911423,"rate_of_return":0.0}
{"window":{"start":"2022-05-09T03:27:00.000Z","end":"2022-05-09T03:28:00.000Z"},"country":"United Kingdom","OPM":9,"Total_sales_vol":350.6599957346916,"rate_of_return":0.34210526315789475}
{"window":{"start":"2022-05-08T19:54:00.000Z","end":"2022-05-08T19:55:00.000Z"},"country":"France","OPM":1,"Total_sales_vol":6.349999904632568,"rate_of_return":0.0}
{"window":{"start":"2022-05-07T05:38:00.000Z","end":"2022-05-07T05:39:00.000Z"},"country":"Germany","OPM":1,"Total_sales_vol":287.7200012207031,"rate_of_return":0.0}
{"window":{"start":"2022-05-08T20:30:00.000Z","end":"2022-05-08T20:31:00.000Z"},"country":"Switzerland","OPM":1,"Total_sales_vol":22.799999237060547,"rate_of_return":0.0}
{"window":{"start":"2022-05-10T10:36:00.000Z","end":"2022-05-10T10:37:00.000Z"},"country":"United Kingdom","OPM":7,"Total_sales_vol":261.60999524593353,"rate_of_return":0.0}
{"window":{"start":"2022-05-06T10:35:00.000Z","end":"2022-05-06T10:36:00.000Z"},"country":"United Kingdom","OPM":8,"Total_sales_vol":2110.5300358235836,"rate_of_return":0.1}
{"window":{"start":"2022-05-06T14:25:00.000Z","end":"2022-05-06T14:26:00.000Z"},"country":"United Kingdom","OPM":5,"Total_sales_vol":392.0199887678027,"rate_of_return":0.0}
{"window":{"start":"2022-05-09T07:50:00.000Z","end":"2022-05-09T07:51:00.000Z"},"country":"United Kingdom","OPM":12,"Total_sales_vol":650.5400000214577,"rate_of_return":0.12195121951219512}
{"window":{"start":"2022-05-06T15:43:00.000Z","end":"2022-05-06T15:44:00.000Z"},"country":"Germany","OPM":1,"Total_sales_vol":4.949999809265137,"rate_of_return":0.0}
{"window":{"start":"2022-05-10T04:40:00.000Z","end":"2022-05-10T04:41:00.000Z"},"country":"Denmark","OPM":1,"Total_sales_vol":61.52999871969223,"rate_of_return":0.0}
{"window":{"start":"2022-05-09T19:15:00.000Z","end":"2022-05-09T19:16:00.000Z"},"country":"Italy","OPM":1,"Total_sales_vol":60.96000075340271,"rate_of_return":0.0}
{"window":{"start":"2022-05-06T21:32:00.000Z","end":"2022-05-06T21:33:00.000Z"},"country":"Australia","OPM":1,"Total_sales_vol":69.60000610351562,"rate_of_return":0.0}
{"window":{"start":"2022-05-08T21:42:00.000Z","end":"2022-05-08T21:43:00.000Z"},"country":"United Kingdom","OPM":11,"Total_sales_vol":472.34999573230743,"rate_of_return":0.0}
{"window":{"start":"2022-05-09T08:19:00.000Z","end":"2022-05-09T08:20:00.000Z"},"country":"United Kingdom","OPM":16,"Total_sales_vol":597.9299913942814,"rate_of_return":0.07017543859649122}
{"window":{"start":"2022-05-06T11:21:00.000Z","end":"2022-05-06T11:22:00.000Z"},"country":"Denmark","OPM":1,"Total_sales_vol":14.179999709129333,"rate_of_return":0.0}
{"window":{"start":"2022-05-06T22:54:00.000Z","end":"2022-05-06T22:55:00.000Z"},"country":"EIRE","OPM":1,"Total_sales_vol":6.579999923706055,"rate_of_return":0.0}
{"window":{"start":"2022-05-09T02:39:00.000Z","end":"2022-05-09T02:40:00.000Z"},"country":"United Kingdom","OPM":8,"Total_sales_vol":1010.5699927806854,"rate_of_return":0.0}
{"window":{"start":"2022-05-09T14:46:00.000Z","end":"2022-05-09T14:47:00.000Z"},"country":"Germany","OPM":1,"Total_sales_vol":4.960000038146973,"rate_of_return":0.0}
{"window":{"start":"2022-05-10T10:56:00.000Z","end":"2022-05-10T10:57:00.000Z"},"country":"Channel Islands","OPM":1,"Total_sales_vol":21.199999809265137,"rate_of_return":0.0}
{"window":{"start":"2022-05-08T18:15:00.000Z","end":"2022-05-08T18:16:00.000Z"},"country":"EIRE","OPM":1,"Total_sales_vol":70.22000122070312,"rate_of_return":0.0}
{"window":{"start":"2022-05-10T10:42:00.000Z","end":"2022-05-10T10:43:00.000Z"},"country":"United Kingdom","OPM":11,"Total_sales_vol":936.6599870920181,"rate_of_return":0.04}
{"window":{"start":"2022-05-07T17:43:00.000Z","end":"2022-05-07T17:44:00.000Z"},"country":"Italy","OPM":1,"Total_sales_vol":6.25,"rate_of_return":0.0}
{"window":{"start":"2022-05-09T00:45:00.000Z","end":"2022-05-09T00:46:00.000Z"},"country":"France","OPM":1,"Total_sales_vol":2.9000000953674316,"rate_of_return":0.0}
{"window":{"start":"2022-05-06T04:52:00.000Z","end":"2022-05-06T04:53:00.000Z"},"country":"Australia","OPM":1,"Total_sales_vol":17.600000500679016,"rate_of_return":0.0}
{"window":{"start":"2022-05-07T04:00:00.000Z","end":"2022-05-07T04:01:00.000Z"},"country":"United Kingdom","OPM":7,"Total_sales_vol":671.020003348589,"rate_of_return":0.0}
{"window":{"start":"2022-05-09T20:55:00.000Z","end":"2022-05-09T20:56:00.000Z"},"country":"United Kingdom","OPM":6,"Total_sales_vol":173.1499986052513,"rate_of_return":0.0}
{"window":{"start":"2022-05-08T04:02:00.000Z","end":"2022-05-08T04:03:00.000Z"},"country":"United Kingdom","OPM":6,"Total_sales_vol":230.67999804019928,"rate_of_return":0.0}
{"window":{"start":"2022-05-08T17:18:00.000Z","end":"2022-05-08T17:19:00.000Z"},"country":"Switzerland","OPM":1,"Total_sales_vol":66.26999807357788,"rate_of_return":0.0}
{"window":{"start":"2022-05-07T07:47:00.000Z","end":"2022-05-07T07:48:00.000Z"},"country":"Germany","OPM":1,"Total_sales_vol":67.73999845981598,"rate_of_return":0.0}
{"window":{"start":"2022-05-07T07:44:00.000Z","end":"2022-05-07T07:45:00.000Z"},"country":"United Kingdom","OPM":13,"Total_sales_vol":2309.169994831085,"rate_of_return":0.0}
{"window":{"start":"2022-05-08T09:09:00.000Z","end":"2022-05-08T09:10:00.000Z"},"country":"United Kingdom","OPM":14,"Total_sales_vol":3538.7100626826286,"rate_of_return":0.0}
{"window":{"start":"2022-05-10T06:27:00.000Z","end":"2022-05-10T06:28:00.000Z"},"country":"Norway","OPM":1,"Total_sales_vol":9.949999809265137,"rate_of_return":0.0}
{"window":{"start":"2022-05-05T23:41:00.000Z","end":"2022-05-05T23:42:00.000Z"},"country":"United Kingdom","OPM":10,"Total_sales_vol":636.8999973535538,"rate_of_return":0.0}
{"window":{"start":"2022-05-06T08:36:00.000Z","end":"2022-05-06T08:37:00.000Z"},"country":"Netherlands","OPM":1,"Total_sales_vol":79.5999984741211,"rate_of_return":0.0}
{"window":{"start":"2022-05-06T01:12:00.000Z","end":"2022-05-06T01:13:00.000Z"},"country":"United Kingdom","OPM":9,"Total_sales_vol":381.6799981892109,"rate_of_return":0.0}
{"window":{"start":"2022-05-09T05:22:00.000Z","end":"2022-05-09T05:23:00.000Z"},"country":"United Kingdom","OPM":17,"Total_sales_vol":1183.820005953312,"rate_of_return":0.058823529411764705}
{"window":{"start":"2022-05-09T19:59:00.000Z","end":"2022-05-09T20:00:00.000Z"},"country":"Germany","OPM":1,"Total_sales_vol":4.130000114440918,"rate_of_return":0.0}
{"window":{"start":"2022-05-06T13:14:00.000Z","end":"2022-05-06T13:15:00.000Z"},"country":"France","OPM":1,"Total_sales_vol":41.099998474121094,"rate_of_return":0.0}
{"window":{"start":"2022-05-09T08:51:00.000Z","end":"2022-05-09T08:52:00.000Z"},"country":"Netherlands","OPM":1,"Total_sales_vol":9.349999904632568,"rate_of_return":0.0}
{"window":{"start":"2022-05-09T08:04:00.000Z","end":"2022-05-09T08:05:00.000Z"},"country":"United Kingdom","OPM":9,"Total_sales_vol":514.140000462532,"rate_of_return":0.0}
{"window":{"start":"2022-05-07T19:01:00.000Z","end":"2022-05-07T19:02:00.000Z"},"country":"Germany","OPM":1,"Total_sales_vol":45.29999923706055,"rate_of_return":0.0}
{"window":{"start":"2022-05-10T05:20:00.000Z","end":"2022-05-10T05:21:00.000Z"},"country":"United Kingdom","OPM":10,"Total_sales_vol":1070.7800117731094,"rate_of_return":0.0}
{"window":{"start":"2022-05-09T20:40:00.000Z","end":"2022-05-09T20:41:00.000Z"},"country":"United Kingdom","OPM":15,"Total_sales_vol":586.5099993050098,"rate_of_return":0.07547169811320754}
{"window":{"start":"2022-05-07T16:39:00.000Z","end":"2022-05-07T16:40:00.000Z"},"country":"United Kingdom","OPM":13,"Total_sales_vol":703.0800079703331,"rate_of_return":0.08333333333333333}
{"window":{"start":"2022-05-10T09:35:00.000Z","end":"2022-05-10T09:36:00.000Z"},"country":"United Kingdom","OPM":11,"Total_sales_vol":272.2800001204014,"rate_of_return":0.09375}
{"window":{"start":"2022-05-10T06:14:00.000Z","end":"2022-05-10T06:15:00.000Z"},"country":"Germany","OPM":1,"Total_sales_vol":42.19999980926514,"rate_of_return":0.0}
{"window":{"start":"2022-05-09T16:11:00.000Z","end":"2022-05-09T16:12:00.000Z"},"country":"United Kingdom","OPM":10,"Total_sales_vol":1218.7000197172165,"rate_of_return":0.0}
{"window":{"start":"2022-05-06T06:24:00.000Z","end":"2022-05-06T06:25:00.000Z"},"country":"United Kingdom","OPM":17,"Total_sales_vol":1637.750035226345,"rate_of_return":0.09090909090909091}
{"window":{"start":"2022-05-07T11:28:00.000Z","end":"2022-05-07T11:29:00.000Z"},"country":"Norway","OPM":1,"Total_sales_vol":57.840000689029694,"rate_of_return":0.0}
{"window":{"start":"2022-05-07T15:45:00.000Z","end":"2022-05-07T15:46:00.000Z"},"country":"United Kingdom","OPM":14,"Total_sales_vol":623.2700025141239,"rate_of_return":0.0}
{"window":{"start":"2022-05-09T23:59:00.000Z","end":"2022-05-10T00:00:00.000Z"},"country":"United Kingdom","OPM":14,"Total_sales_vol":654.8500096797943,"rate_of_return":0.0}
