{"window":{"start":"2022-05-07T03:09:00.000Z","end":"2022-05-07T03:10:00.000Z"},"country":"United Kingdom","OPM":9,"Total_sales_vol":562.9199970960617,"rate_of_return":0.0}
{"window":{"start":"2022-05-07T01:51:00.000Z","end":"2022-05-07T01:52:00.000Z"},"country":"United Kingdom","OPM":6,"Total_sales_vol":1699.7399643361568,"rate_of_return":0.0}
{"window":{"start":"2022-05-10T06:20:00.000Z","end":"2022-05-10T06:21:00.000Z"},"country":"Germany","OPM":1,"Total_sales_vol":1024.9699839949608,"rate_of_return":0.0}
{"window":{"start":"2022-05-08T08:49:00.000Z","end":"2022-05-08T08:50:00.000Z"},"country":"United Kingdom","OPM":11,"Total_sales_vol":437.51000225543976,"rate_of_return":0.05263157894736842}
{"window":{"start":"2022-05-10T01:46:00.000Z","end":"2022-05-10T01:47:00.000Z"},"country":"United Kingdom","OPM":6,"Total_sales_vol":271.46999871730804,"rate_of_return":0.0}
{"window":{"start":"2022-05-10T12:47:00.000Z","end":"2022-05-10T12:48:00.000Z"},"country":"United Kingdom","OPM":13,"Total_sales_vol":952.0699911117554,"rate_of_return":0.023255813953488372}
{"window":{"start":"2022-05-07T18:12:00.000Z","end":"2022-05-07T18:13:00.000Z"},"country":"United Kingdom","OPM":15,"Total_sales_vol":676.3199977576733,"rate_of_return":0.025}
{"window":{"start":"2022-05-07T12:26:00.000Z","end":"2022-05-07T12:27:00.000Z"},"country":"United Kingdom","OPM":5,"Total_sales_vol":653.2499953508377,"rate_of_return":0.0}
{"window":{"start":"2022-05-07T10:16:00.000Z","end":"2022-05-07T10:17:00.000Z"},"country":"United Kingdom","OPM":14,"Total_sales_vol":1318.869990825653,"rate_of_return":0.0}
{"window":{"start":"2022-05-06T15:51:00.000Z","end":"2022-05-06T15:52:00.000Z"},"country":"Sweden","OPM":1,"Total_sales_vol":36.24999952316284,"rate_of_return":0.0}
{"window":{"start":"2022-05-09T14:02:00.000Z","end":"2022-05-09T14:03:00.000Z"},"country":"United Kingdom","OPM":3,"Total_sales_vol":364.9100024700165,"rate_of_return":0.0}
{"window":{"start":"2022-05-07T06:03:00.000Z","end":"2022-05-07T06:04:00.000Z"},"country":"United Kingdom","OPM":7,"Total_sales_vol":669.8099995851517,"rate_of_return":0.0}
{"window":{"start":"2022-05-09T08:00:00.000Z","end":"2022-05-09T08:01:00.000Z"},"country":"United Kingdom","OPM":12,"Total_sales_vol":910.6099965572357,"rate_of_return":0.0}
{"window":{"start":"2022-05-10T02:27:00.000Z","end":"2022-05-10T02:28:00.000Z"},"country":"Iceland","OPM":1,"Total_sales_vol":28.929999351501465,"rate_of_return":0.0}
{"window":{"start":"2022-05-05T21:27:00.000Z","end":"2022-05-05T21:28:00.000Z"},"country":"United Kingdom","OPM":8,"Total_sales_vol":521.9800028800964,"rate_of_return":0.0}
{"window":{"start":"2022-05-07T19:45:00.000Z","end":"2022-05-07T19:46:00.000Z"},"country":"Switzerland","OPM":1,"Total_sales_vol":27.290000438690186,"rate_of_return":0.0}
{"window":{"start":"2022-05-08T11:07:00.000Z","end":"2022-05-08T11:08:00.000Z"},"country":"United Kingdom","OPM":15,"Total_sales_vol":941.0799985527992,"rate_of_return":0.0}
{"window":{"start":"2022-05-08T09:32:00.000Z","end":"2022-05-08T09:33:00.000Z"},"country":"France","OPM":1,"Total_sales_vol":11.579999923706055,"rate_of_return":0.0}
{"window":{"start":"2022-05-08T17:10:00.000Z","end":"2022-05-08T17:11:00.000Z"},"country":"Germany","OPM":2,"Total_sales_vol":101.1100002527237,"rate_of_return":0.0}
{"window":{"start":"2022-05-07T18:36:00.000Z","end":"2022-05-07T18:37:00.000Z"},"country":"United Kingdom","OPM":11,"Total_sales_vol":471.85999754071236,"rate_of_return":0.0}
{"window":{"start":"2022-05-08T10:20:00.000Z","end":"2022-05-08T10:21:00.000Z"},"country":"United Kingdom","OPM":3,"Total_sales_vol":241.4999964237213,"rate_of_return":0.0}
{"window":{"start":"2022-05-07T09:58:00.000Z","end":"2022-05-07T09:59:00.000Z"},"country":"Portugal","OPM":1,"Total_sales_vol":109.03000164031982,"rate_of_return":0.0}
{"window":{"start":"2022-05-10T00:48:00.000Z","end":"2022-05-10T00:49:00.000Z"},"country":"United Kingdom","OPM":9,"Total_sales_vol":563.5199884176254,"rate_of_return":0.1}
{"window":{"start":"2022-05-09T01:07:00.000Z","end":"2022-05-09T01:08:00.000Z"},"country":"United Kingdom","OPM":8,"Total_sales_vol":399.8899902701378,"rate_of_return":0.0}
{"window":{"start":"2022-05-10T12:00:00.000Z","end":"2022-05-10T12:01:00.000Z"},"country":"United Kingdom","OPM":4,"Total_sales_vol":158.7900013923645,"rate_of_return":0.0}
{"window":{"start":"2022-05-05T17:39:00.000Z","end":"2022-05-05T17:40:00.000Z"},"country":"United Kingdom","OPM":9,"Total_sales_vol":355.36999785900116,"rate_of_return":0.08}
{"window":{"start":"2022-05-05T21:36:00.000Z","end":"2022-05-05T21:37:00.000Z"},"country":"United Kingdom","OPM":9,"Total_sales_vol":726.3400020599365,"rate_of_return":0.24324324324324326}
{"window":{"start":"2022-05-07T16:11:00.000Z","end":"2022-05-07T16:12:00.000Z"},"country":"United Kingdom","OPM":6,"Total_sales_vol":330.53999987244606,"rate_of_return":0.0}
{"window":{"start":"2022-05-07T08:18:00.000Z","end":"2022-05-07T08:19:00.000Z"},"country":"EIRE","OPM":1,"Total_sales_vol":10.5,"rate_of_return":0.0}
{"window":{"start":"2022-05-07T05:45:00.000Z","end":"2022-05-07T05:46:00.000Z"},"country":"Belgium","OPM":1,"Total_sales_vol":36.0300008058548,"rate_of_return":0.0}
{"window":{"start":"2022-05-05T16:51:00.000Z","end":"2022-05-05T16:52:00.000Z"},"country":"United Kingdom","OPM":4,"Total_sales_vol":117.4799987077713,"rate_of_return":0.0}
{"window":{"start":"2022-05-07T11:47:00.000Z","end":"2022-05-07T11:48:00.000Z"},"country":"United Kingdom","OPM":10,"Total_sales_vol":426.39000058174133,"rate_of_return":0.08}
{"window":{"start":"2022-05-09T21:48:00.000Z","end":"2022-05-09T21:49:00.000Z"},"country":"United Kingdom","OPM":9,"Total_sales_vol":473.2299997806549,"rate_of_return":0.0}
{"window":{"start":"2022-05-07T06:13:00.000Z","end":"2022-05-07T06:14:00.000Z"},"country":"United Kingdom","OPM":8,"Total_sales_vol":780.7100308537483,"rate_of_return":0.3333333333333333}
{"window":{"start":"2022-05-07T22:10:00.000Z","end":"2022-05-07T22:11:00.000Z"},"country":"United Kingdom","OPM":11,"Total_sales_vol":558.2499837875366,"rate_of_return":0.3684210526315789}
{"window":{"start":"2022-05-06T01:07:00.000Z","end":"2022-05-06T01:08:00.000Z"},"country":"United Kingdom","OPM":7,"Total_sales_vol":340.9100010097027,"rate_of_return":0.0}
{"window":{"start":"2022-05-09T16:18:00.000Z","end":"2022-05-09T16:19:00.000Z"},"country":"Australia","OPM":1,"Total_sales_vol":732.9499998092651,"rate_of_return":0.0}
{"window":{"start":"2022-05-05T19:37:00.000Z","end":"2022-05-05T19:38:00.000Z"},"country":"EIRE","OPM":1,"Total_sales_vol":-15.0,"rate_of_return":1.0}
{"window":{"start":"2022-05-09T07:27:00.000Z","end":"2022-05-09T07:28:00.000Z"},"country":"Italy","OPM":1,"Total_sales_vol":1364.6599617004395,"rate_of_return":0.0}
{"window":{"start":"2022-05-09T19:14:00.000Z","end":"2022-05-09T19:15:00.000Z"},"country":"United Kingdom","OPM":12,"Total_sales_vol":833.939999461174,"rate_of_return":0.0}
{"window":{"start":"2022-05-06T15:29:00.000Z","end":"2022-05-06T15:30:00.000Z"},"country":"United Kingdom","OPM":6,"Total_sales_vol":447.64000487327576,"rate_of_return":0.0}
{"window":{"start":"2022-05-08T04:45:00.000Z","end":"2022-05-08T04:46:00.000Z"},"country":"Italy","OPM":1,"Total_sales_vol":35.400001525878906,"rate_of_return":0.0}
{"window":{"start":"2022-05-10T08:53:00.000Z","end":"2022-05-10T08:54:00.000Z"},"country":"United Kingdom","OPM":11,"Total_sales_vol":569.1899974346161,"rate_of_return":0.022727272727272728}
{"window":{"start":"2022-05-06T07:38:00.000Z","end":"2022-05-06T07:39:00.000Z"},"country":"Cyprus","OPM":1,"Total_sales_vol":34.1999990940094,"rate_of_return":0.0}
{"window":{"start":"2022-05-07T05:50:00.000Z","end":"2022-05-07T05:51:00.000Z"},"country":"Netherlands","OPM":1,"Total_sales_vol":32.48999881744385,"rate_of_return":0.0}
{"window":{"start":"2022-05-07T07:03:00.000Z","end":"2022-05-07T07:04:00.000Z"},"country":"United Kingdom","OPM":7,"Total_sales_vol":368.7999930381775,"rate_of_return":0.0}
{"window":{"start":"2022-05-06T04:02:00.000Z","end":"2022-05-06T04:03:00.000Z"},"country":"United Kingdom","OPM":4,"Total_sales_vol":159.59000432491302,"rate_of_return":0.0}
{"window":{"start":"2022-05-08T00:36:00.000Z","end":"2022-05-08T00:37:00.000Z"},"country":"Spain","OPM":1,"Total_sales_vol":49.999999046325684,"rate_of_return":0.0}
{"window":{"start":"2022-05-10T10:04:00.000Z","end":"2022-05-10T10:05:00.000Z"},"country":"Germany","OPM":1,"Total_sales_vol":159.75999069213867,"rate_of_return":0.0}
{"window":{"start":"2022-05-09T03:59:00.000Z","end":"2022-05-09T04:00:00.000Z"},"country":"United Kingdom","OPM":10,"Total_sales_vol":618.2100033760071,"rate_of_return":0.0}
{"window":{"start":"2022-05-06T18:36:00.000Z","end":"2022-05-06T18:37:00.000Z"},"country":"Israel","OPM":1,"Total_sales_vol":4.130000114440918,"rate_of_return":0.0}
{"window":{"start":"2022-05-08T00:10:00.000Z","end":"2022-05-08T00:11:00.000Z"},"country":"United Kingdom","OPM":8,"Total_sales_vol":1754.2999970912933,"rate_of_return":0.021739130434782608}
{"window":{"start":"2022-05-05T17:46:00.000Z","end":"2022-05-05T17:47:00.000Z"},"country":"Hong Kong","OPM":1,"Total_sales_vol":151.11999666690826,"rate_of_return":0.0}
{"window":{"start":"2022-05-07T09:22:00.000Z","end":"2022-05-07T09:23:00.000Z"},"country":"United Kingdom","OPM":6,"Total_sales_vol":292.669997215271,"rate_of_return":0.15789473684210525}
{"window":{"start":"2022-05-09T20:28:00.000Z","end":"2022-05-09T20:29:00.000Z"},"country":"France","OPM":1,"Total_sales_vol":104.0599992275238,"rate_of_return":0.0}
