{"window":{"start":"2022-05-09T19:28:00.000Z","end":"2022-05-09T19:29:00.000Z"},"country":"United Kingdom","OPM":8,"Total_sales_vol":327.1899951696396,"rate_of_return":0.0}
{"window":{"start":"2022-05-09T19:21:00.000Z","end":"2022-05-09T19:22:00.000Z"},"country":"United Kingdom","OPM":11,"Total_sales_vol":548.0600043535233,"rate_of_return":0.0}
{"window":{"start":"2022-05-06T13:25:00.000Z","end":"2022-05-06T13:26:00.000Z"},"country":"Finland","OPM":1,"Total_sales_vol":16.960000038146973,"rate_of_return":0.0}
{"window":{"start":"2022-05-07T02:39:00.000Z","end":"2022-05-07T02:40:00.000Z"},"country":"United Kingdom","OPM":14,"Total_sales_vol":374.0199637413025,"rate_of_return":0.029411764705882353}
{"window":{"start":"2022-05-07T21:24:00.000Z","end":"2022-05-07T21:25:00.000Z"},"country":"United Kingdom","OPM":9,"Total_sales_vol":265.01999974250793,"rate_of_return":0.0}
{"window":{"start":"2022-05-06T15:37:00.000Z","end":"2022-05-06T15:38:00.000Z"},"country":"Unspecified","OPM":1,"Total_sales_vol":174.2899878025055,"rate_of_return":0.0}
{"window":{"start":"2022-05-07T09:02:00.000Z","end":"2022-05-07T09:03:00.000Z"},"country":"United Kingdom","OPM":6,"Total_sales_vol":265.66999983787537,"rate_of_return":0.0}
{"window":{"start":"2022-05-06T23:06:00.000Z","end":"2022-05-06T23:07:00.000Z"},"country":"Germany","OPM":1,"Total_sales_vol":22.34000015258789,"rate_of_return":0.0}
{"window":{"start":"2022-05-08T00:46:00.000Z","end":"2022-05-08T00:47:00.000Z"},"country":"United Kingdom","OPM":11,"Total_sales_vol":1153.1899871826172,"rate_of_return":0.0}
{"window":{"start":"2022-05-06T21:50:00.000Z","end":"2022-05-06T21:51:00.000Z"},"country":"Norway","OPM":1,"Total_sales_vol":16.5,"rate_of_return":0.0}
{"window":{"start":"2022-05-06T14:58:00.000Z","end":"2022-05-06T14:59:00.000Z"},"country":"France","OPM":1,"Total_sales_vol":7.5,"rate_of_return":0.0}
{"window":{"start":"2022-05-09T22:34:00.000Z","end":"2022-05-09T22:35:00.000Z"},"country":"Australia","OPM":1,"Total_sales_vol":9.349999904632568,"rate_of_return":0.0}
{"window":{"start":"2022-05-09T01:04:00.000Z","end":"2022-05-09T01:05:00.000Z"},"country":"Portugal","OPM":1,"Total_sales_vol":27.730000615119934,"rate_of_return":0.0}
{"window":{"start":"2022-05-08T11:53:00.000Z","end":"2022-05-08T11:54:00.000Z"},"country":"United Kingdom","OPM":4,"Total_sales_vol":192.17000460624695,"rate_of_return":0.0}
{"window":{"start":"2022-05-05T19:37:00.000Z","end":"2022-05-05T19:38:00.000Z"},"country":"United Kingdom","OPM":11,"Total_sales_vol":750.5499882698059,"rate_of_return":0.14893617021276595}
{"window":{"start":"2022-05-10T11:29:00.000Z","end":"2022-05-10T11:30:00.000Z"},"country":"United Kingdom","OPM":14,"Total_sales_vol":587.509999781847,"rate_of_return":0.061224489795918366}
{"window":{"start":"2022-05-07T10:33:00.000Z","end":"2022-05-07T10:34:00.000Z"},"country":"United Kingdom","OPM":14,"Total_sales_vol":1336.4300048947334,"rate_of_return":0.1509433962264151}
{"window":{"start":"2022-05-06T04:53:00.000Z","end":"2022-05-06T04:54:00.000Z"},"country":"United Kingdom","OPM":4,"Total_sales_vol":648.2799787521362,"rate_of_return":0.0}
{"window":{"start":"2022-05-06T09:12:00.000Z","end":"2022-05-06T09:13:00.000Z"},"country":"United Kingdom","OPM":9,"Total_sales_vol":1037.0300060510635,"rate_of_return":0.0}
{"window":{"start":"2022-05-06T22:44:00.000Z","end":"2022-05-06T22:45:00.000Z"},"country":"Portugal","OPM":1,"Total_sales_vol":-1131.4699677824974,"rate_of_return":1.0}
{"window":{"start":"2022-05-07T15:37:00.000Z","end":"2022-05-07T15:38:00.000Z"},"country":"Spain","OPM":1,"Total_sales_vol":34.47000026702881,"rate_of_return":0.0}
{"window":{"start":"2022-05-10T09:42:00.000Z","end":"2022-05-10T09:43:00.000Z"},"country":"United Kingdom","OPM":11,"Total_sales_vol":311.00999850034714,"rate_of_return":0.037037037037037035}
{"window":{"start":"2022-05-07T18:45:00.000Z","end":"2022-05-07T18:46:00.000Z"},"country":"United Kingdom","OPM":10,"Total_sales_vol":478.0799983739853,"rate_of_return":0.0}
{"window":{"start":"2022-05-10T08:34:00.000Z","end":"2022-05-10T08:35:00.000Z"},"country":"Canada","OPM":1,"Total_sales_vol":24.649999976158142,"rate_of_return":0.0}
{"window":{"start":"2022-05-09T22:37:00.000Z","end":"2022-05-09T22:38:00.000Z"},"country":"United Kingdom","OPM":10,"Total_sales_vol":878.7400025725365,"rate_of_return":0.0}
{"window":{"start":"2022-05-09T00:10:00.000Z","end":"2022-05-09T00:11:00.000Z"},"country":"France","OPM":1,"Total_sales_vol":1.690000057220459,"rate_of_return":0.0}
{"window":{"start":"2022-05-09T12:03:00.000Z","end":"2022-05-09T12:04:00.000Z"},"country":"United Kingdom","OPM":5,"Total_sales_vol":233.56000036001205,"rate_of_return":0.0}
{"window":{"start":"2022-05-10T07:41:00.000Z","end":"2022-05-10T07:42:00.000Z"},"country":"United Kingdom","OPM":16,"Total_sales_vol":497.5899915099144,"rate_of_return":0.10526315789473684}
{"window":{"start":"2022-05-06T20:41:00.000Z","end":"2022-05-06T20:42:00.000Z"},"country":"United Kingdom","OPM":3,"Total_sales_vol":125.35000324249268,"rate_of_return":0.0}
{"window":{"start":"2022-05-07T03:24:00.000Z","end":"2022-05-07T03:25:00.000Z"},"country":"United Kingdom","OPM":7,"Total_sales_vol":320.3800027370453,"rate_of_return":0.0}
{"window":{"start":"2022-05-09T05:12:00.000Z","end":"2022-05-09T05:13:00.000Z"},"country":"United Kingdom","OPM":10,"Total_sales_vol":548.3499848842621,"rate_of_return":0.0}
{"window":{"start":"2022-05-08T01:47:00.000Z","end":"2022-05-08T01:48:00.000Z"},"country":"Australia","OPM":1,"Total_sales_vol":65.61000257730484,"rate_of_return":0.0}
{"window":{"start":"2022-05-07T07:25:00.000Z","end":"2022-05-07T07:26:00.000Z"},"country":"France","OPM":1,"Total_sales_vol":2801.309999704361,"rate_of_return":0.0}
{"window":{"start":"2022-05-09T03:15:00.000Z","end":"2022-05-09T03:16:00.000Z"},"country":"Switzerland","OPM":1,"Total_sales_vol":16.50999939441681,"rate_of_return":0.0}
{"window":{"start":"2022-05-09T05:39:00.000Z","end":"2022-05-09T05:40:00.000Z"},"country":"United Kingdom","OPM":7,"Total_sales_vol":391.64000257849693,"rate_of_return":0.0}
{"window":{"start":"2022-05-09T04:03:00.000Z","end":"2022-05-09T04:04:00.000Z"},"country":"EIRE","OPM":1,"Total_sales_vol":13.899999618530273,"rate_of_return":0.0}
{"window":{"start":"2022-05-06T13:15:00.000Z","end":"2022-05-06T13:16:00.000Z"},"country":"United Kingdom","OPM":11,"Total_sales_vol":657.5599842071533,"rate_of_return":0.0}
{"window":{"start":"2022-05-08T18:51:00.000Z","end":"2022-05-08T18:52:00.000Z"},"country":"France","OPM":1,"Total_sales_vol":461.3500000834465,"rate_of_return":0.0}
{"window":{"start":"2022-05-06T21:30:00.000Z","end":"2022-05-06T21:31:00.000Z"},"country":"Austria","OPM":1,"Total_sales_vol":13.200000762939453,"rate_of_return":0.0}
{"window":{"start":"2022-05-05T23:58:00.000Z","end":"2022-05-05T23:59:00.000Z"},"country":"Portugal","OPM":1,"Total_sales_vol":-91.97999954223633,"rate_of_return":1.0}
{"window":{"start":"2022-05-06T13:18:00.000Z","end":"2022-05-06T13:19:00.000Z"},"country":"Belgium","OPM":1,"Total_sales_vol":22.050000190734863,"rate_of_return":0.0}
{"window":{"start":"2022-05-08T13:49:00.000Z","end":"2022-05-08T13:50:00.000Z"},"country":"United Kingdom","OPM":8,"Total_sales_vol":768.8300019800663,"rate_of_return":0.13333333333333333}
{"window":{"start":"2022-05-08T19:22:00.000Z","end":"2022-05-08T19:23:00.000Z"},"country":"Denmark","OPM":1,"Total_sales_vol":59.68000030517578,"rate_of_return":0.0}
{"window":{"start":"2022-05-08T20:05:00.000Z","end":"2022-05-08T20:06:00.000Z"},"country":"France","OPM":1,"Total_sales_vol":21.950000762939453,"rate_of_return":0.0}
{"window":{"start":"2022-05-06T15:05:00.000Z","end":"2022-05-06T15:06:00.000Z"},"country":"United Kingdom","OPM":5,"Total_sales_vol":250.9500052332878,"rate_of_return":0.058823529411764705}
{"window":{"start":"2022-05-06T12:25:00.000Z","end":"2022-05-06T12:26:00.000Z"},"country":"United Kingdom","OPM":10,"Total_sales_vol":620.1599965691566,"rate_of_return":0.0}
{"window":{"start":"2022-05-07T14:54:00.000Z","end":"2022-05-07T14:55:00.000Z"},"country":"United Kingdom","OPM":7,"Total_sales_vol":43.22999978065491,"rate_of_return":0.2857142857142857}
{"window":{"start":"2022-05-07T10:02:00.000Z","end":"2022-05-07T10:03:00.000Z"},"country":"United Kingdom","OPM":5,"Total_sales_vol":151.3799986243248,"rate_of_return":0.0}
{"window":{"start":"2022-05-09T16:24:00.000Z","end":"2022-05-09T16:25:00.000Z"},"country":"Netherlands","OPM":1,"Total_sales_vol":46.97999864816666,"rate_of_return":0.0}
{"window":{"start":"2022-05-08T04:39:00.000Z","end":"2022-05-08T04:40:00.000Z"},"country":"France","OPM":1,"Total_sales_vol":103.97000193595886,"rate_of_return":0.0}
{"window":{"start":"2022-05-06T21:50:00.000Z","end":"2022-05-06T21:51:00.000Z"},"country":"United Kingdom","OPM":6,"Total_sales_vol":255.99000072479248,"rate_of_return":0.13043478260869565}
{"window":{"start":"2022-05-07T23:47:00.000Z","end":"2022-05-07T23:48:00.000Z"},"country":"United Kingdom","OPM":9,"Total_sales_vol":230.10000091791153,"rate_of_return":0.05263157894736842}
{"window":{"start":"2022-05-09T17:18:00.000Z","end":"2022-05-09T17:19:00.000Z"},"country":"United Kingdom","OPM":10,"Total_sales_vol":300.32000279426575,"rate_of_return":0.0}
{"window":{"start":"2022-05-09T14:28:00.000Z","end":"2022-05-09T14:29:00.000Z"},"country":"United Kingdom","OPM":9,"Total_sales_vol":766.6399850845337,"rate_of_return":0.03125}
{"window":{"start":"2022-05-07T21:16:00.000Z","end":"2022-05-07T21:17:00.000Z"},"country":"United Kingdom","OPM":6,"Total_sales_vol":169.60999670624733,"rate_of_return":0.0}
{"window":{"start":"2022-05-09T04:41:00.000Z","end":"2022-05-09T04:42:00.000Z"},"country":"Germany","OPM":1,"Total_sales_vol":29.500000476837158,"rate_of_return":0.0}
{"window":{"start":"2022-05-09T07:40:00.000Z","end":"2022-05-09T07:41:00.000Z"},"country":"United Kingdom","OPM":5,"Total_sales_vol":226.85000163316727,"rate_of_return":0.18181818181818182}
{"window":{"start":"2022-05-07T16:32:00.000Z","end":"2022-05-07T16:33:00.000Z"},"country":"Cyprus","OPM":1,"Total_sales_vol":22.5,"rate_of_return":0.0}
{"window":{"start":"2022-05-08T12:43:00.000Z","end":"2022-05-08T12:44:00.000Z"},"country":"Netherlands","OPM":1,"Total_sales_vol":177.05000042915344,"rate_of_return":0.0}
{"window":{"start":"2022-05-06T20:50:00.000Z","end":"2022-05-06T20:51:00.000Z"},"country":"United Kingdom","OPM":6,"Total_sales_vol":755.6699937582016,"rate_of_return":0.2777777777777778}
{"window":{"start":"2022-05-07T07:25:00.000Z","end":"2022-05-07T07:26:00.000Z"},"country":"Finland","OPM":1,"Total_sales_vol":-39.28999996185303,"rate_of_return":1.0}
{"window":{"start":"2022-05-10T06:32:00.000Z","end":"2022-05-10T06:33:00.000Z"},"country":"United Kingdom","OPM":6,"Total_sales_vol":287.2999996840954,"rate_of_return":0.0}
{"window":{"start":"2022-05-09T15:53:00.000Z","end":"2022-05-09T15:54:00.000Z"},"country":"France","OPM":1,"Total_sales_vol":62.890000343322754,"rate_of_return":0.0}
{"window":{"start":"2022-05-09T13:17:00.000Z","end":"2022-05-09T13:18:00.000Z"},"country":"United Kingdom","OPM":16,"Total_sales_vol":2800.619946822524,"rate_of_return":0.031746031746031744}
{"window":{"start":"2022-05-05T20:06:00.000Z","end":"2022-05-05T20:07:00.000Z"},"country":"France","OPM":1,"Total_sales_vol":117.35999393463135,"rate_of_return":0.0}
