{"window":{"start":"2022-05-08T09:47:00.000Z","end":"2022-05-08T09:48:00.000Z"},"country":"United Kingdom","OPM":6,"Total_sales_vol":482.77000218629837,"rate_of_return":0.0}
{"window":{"start":"2022-05-08T21:28:00.000Z","end":"2022-05-08T21:29:00.000Z"},"country":"United Kingdom","OPM":14,"Total_sales_vol":755.5699937343597,"rate_of_return":0.0}
{"window":{"start":"2022-05-09T05:17:00.000Z","end":"2022-05-09T05:18:00.000Z"},"country":"Germany","OPM":1,"Total_sales_vol":15.00000011920929,"rate_of_return":0.0}
{"window":{"start":"2022-05-08T13:57:00.000Z","end":"2022-05-08T13:58:00.000Z"},"country":"United Kingdom","OPM":11,"Total_sales_vol":582.5200074911118,"rate_of_return":0.0}
{"window":{"start":"2022-05-07T09:44:00.000Z","end":"2022-05-07T09:45:00.000Z"},"country":"United Kingdom","OPM":12,"Total_sales_vol":896.1900134384632,"rate_of_return":0.06779661016949153}
{"window":{"start":"2022-05-08T20:35:00.000Z","end":"2022-05-08T20:36:00.000Z"},"country":"Belgium","OPM":1,"Total_sales_vol":30.189999997615814,"rate_of_return":0.0}
{"window":{"start":"2022-05-06T21:05:00.000Z","end":"2022-05-06T21:06:00.000Z"},"country":"France","OPM":1,"Total_sales_vol":1.2999999523162842,"rate_of_return":0.0}
{"window":{"start":"2022-05-07T20:26:00.000Z","end":"2022-05-07T20:27:00.000Z"},"country":"United Kingdom","OPM":11,"Total_sales_vol":431.69000068306923,"rate_of_return":0.13333333333333333}
{"window":{"start":"2022-05-08T02:56:00.000Z","end":"2022-05-08T02:57:00.000Z"},"country":"France","OPM":1,"Total_sales_vol":168.52000027894974,"rate_of_return":0.0}
{"window":{"start":"2022-05-09T02:58:00.000Z","end":"2022-05-09T02:59:00.000Z"},"country":"United Kingdom","OPM":7,"Total_sales_vol":802.4299867451191,"rate_of_return":0.0}
{"window":{"start":"2022-05-07T13:56:00.000Z","end":"2022-05-07T13:57:00.000Z"},"country":"United Kingdom","OPM":8,"Total_sales_vol":563.4999924898148,"rate_of_return":0.0}
{"window":{"start":"2022-05-08T13:48:00.000Z","end":"2022-05-08T13:49:00.000Z"},"country":"United Kingdom","OPM":5,"Total_sales_vol":48.320000261068344,"rate_of_return":0.21428571428571427}
{"window":{"start":"2022-05-08T01:38:00.000Z","end":"2022-05-08T01:39:00.000Z"},"country":"United Kingdom","OPM":9,"Total_sales_vol":426.76000171899796,"rate_of_return":0.0}
{"window":{"start":"2022-05-08T17:47:00.000Z","end":"2022-05-08T17:48:00.000Z"},"country":"United Kingdom","OPM":7,"Total_sales_vol":330.58999997377396,"rate_of_return":0.0}
{"window":{"start":"2022-05-06T20:33:00.000Z","end":"2022-05-06T20:34:00.000Z"},"country":"United Kingdom","OPM":9,"Total_sales_vol":226.6199977695942,"rate_of_return":0.0}
{"window":{"start":"2022-05-09T03:24:00.000Z","end":"2022-05-09T03:25:00.000Z"},"country":"United Kingdom","OPM":10,"Total_sales_vol":843.2599620223045,"rate_of_return":0.0}
{"window":{"start":"2022-05-09T09:25:00.000Z","end":"2022-05-09T09:26:00.000Z"},"country":"United Kingdom","OPM":4,"Total_sales_vol":268.49999809265137,"rate_of_return":0.0}
{"window":{"start":"2022-05-10T02:15:00.000Z","end":"2022-05-10T02:16:00.000Z"},"country":"EIRE","OPM":1,"Total_sales_vol":12.75,"rate_of_return":0.0}
{"window":{"start":"2022-05-05T19:21:00.000Z","end":"2022-05-05T19:22:00.000Z"},"country":"United Kingdom","OPM":7,"Total_sales_vol":582.9300005435944,"rate_of_return":0.0}
{"window":{"start":"2022-05-07T16:34:00.000Z","end":"2022-05-07T16:35:00.000Z"},"country":"United Kingdom","OPM":5,"Total_sales_vol":166.93999826908112,"rate_of_return":0.2}
{"window":{"start":"2022-05-08T21:54:00.000Z","end":"2022-05-08T21:55:00.000Z"},"country":"United Kingdom","OPM":14,"Total_sales_vol":580.5700010061264,"rate_of_return":0.047619047619047616}
{"window":{"start":"2022-05-09T22:34:00.000Z","end":"2022-05-09T22:35:00.000Z"},"country":"Finland","OPM":1,"Total_sales_vol":4.159999847412109,"rate_of_return":0.0}
{"window":{"start":"2022-05-07T17:59:00.000Z","end":"2022-05-07T18:00:00.000Z"},"country":"United Kingdom","OPM":13,"Total_sales_vol":754.9999983608723,"rate_of_return":0.0}
{"window":{"start":"2022-05-08T23:21:00.000Z","end":"2022-05-08T23:22:00.000Z"},"country":"United Kingdom","OPM":13,"Total_sales_vol":2148.479997485876,"rate_of_return":0.0}
{"window":{"start":"2022-05-07T08:35:00.000Z","end":"2022-05-07T08:36:00.000Z"},"country":"France","OPM":1,"Total_sales_vol":21.449999809265137,"rate_of_return":0.0}
{"window":{"start":"2022-05-08T19:37:00.000Z","end":"2022-05-08T19:38:00.000Z"},"country":"Australia","OPM":1,"Total_sales_vol":76.83999991416931,"rate_of_return":0.0}
{"window":{"start":"2022-05-06T10:10:00.000Z","end":"2022-05-06T10:11:00.000Z"},"country":"France","OPM":1,"Total_sales_vol":1493.799998641014,"rate_of_return":0.0}
{"window":{"start":"2022-05-06T01:18:00.000Z","end":"2022-05-06T01:19:00.000Z"},"country":"Germany","OPM":1,"Total_sales_vol":1.649999976158142,"rate_of_return":0.0}
{"window":{"start":"2022-05-08T15:42:00.000Z","end":"2022-05-08T15:43:00.000Z"},"country":"Germany","OPM":1,"Total_sales_vol":240.14999848604202,"rate_of_return":0.0}
{"window":{"start":"2022-05-09T22:47:00.000Z","end":"2022-05-09T22:48:00.000Z"},"country":"United Kingdom","OPM":7,"Total_sales_vol":966.6600273251534,"rate_of_return":0.0}
{"window":{"start":"2022-05-05T17:40:00.000Z","end":"2022-05-05T17:41:00.000Z"},"country":"Switzerland","OPM":1,"Total_sales_vol":5.2399998009204865,"rate_of_return":0.0}
{"window":{"start":"2022-05-09T10:12:00.000Z","end":"2022-05-09T10:13:00.000Z"},"country":"Spain","OPM":1,"Total_sales_vol":31.79999876022339,"rate_of_return":0.0}
{"window":{"start":"2022-05-06T01:36:00.000Z","end":"2022-05-06T01:37:00.000Z"},"country":"United Kingdom","OPM":9,"Total_sales_vol":393.44001203775406,"rate_of_return":0.0}
{"window":{"start":"2022-05-09T08:06:00.000Z","end":"2022-05-09T08:07:00.000Z"},"country":"Spain","OPM":1,"Total_sales_vol":64.31999963521957,"rate_of_return":0.0}
{"window":{"start":"2022-05-06T08:07:00.000Z","end":"2022-05-06T08:08:00.000Z"},"country":"United Kingdom","OPM":15,"Total_sales_vol":567.8199989497662,"rate_of_return":0.0}
{"window":{"start":"2022-05-09T08:59:00.000Z","end":"2022-05-09T09:00:00.000Z"},"country":"Belgium","OPM":1,"Total_sales_vol":4.25,"rate_of_return":0.0}
{"window":{"start":"2022-05-05T17:47:00.000Z","end":"2022-05-05T17:48:00.000Z"},"country":"United Kingdom","OPM":7,"Total_sales_vol":511.3299915790558,"rate_of_return":0.0625}
{"window":{"start":"2022-05-08T22:09:00.000Z","end":"2022-05-08T22:10:00.000Z"},"country":"France","OPM":1,"Total_sales_vol":36.96000027656555,"rate_of_return":0.0}
{"window":{"start":"2022-05-09T15:07:00.000Z","end":"2022-05-09T15:08:00.000Z"},"country":"United Kingdom","OPM":10,"Total_sales_vol":859.5899932980537,"rate_of_return":0.029411764705882353}
{"window":{"start":"2022-05-10T03:31:00.000Z","end":"2022-05-10T03:32:00.000Z"},"country":"France","OPM":1,"Total_sales_vol":9.15000033378601,"rate_of_return":0.0}
{"window":{"start":"2022-05-08T15:35:00.000Z","end":"2022-05-08T15:36:00.000Z"},"country":"United Kingdom","OPM":9,"Total_sales_vol":678.97000259161,"rate_of_return":0.0}
{"window":{"start":"2022-05-08T22:33:00.000Z","end":"2022-05-08T22:34:00.000Z"},"country":"Germany","OPM":1,"Total_sales_vol":41.5199990272522,"rate_of_return":0.0}
{"window":{"start":"2022-05-06T05:12:00.000Z","end":"2022-05-06T05:13:00.000Z"},"country":"France","OPM":1,"Total_sales_vol":213.58999907970428,"rate_of_return":0.0}
{"window":{"start":"2022-05-06T20:31:00.000Z","end":"2022-05-06T20:32:00.000Z"},"country":"Switzerland","OPM":1,"Total_sales_vol":24.780000686645508,"rate_of_return":0.0}
{"window":{"start":"2022-05-06T20:01:00.000Z","end":"2022-05-06T20:02:00.000Z"},"country":"United Kingdom","OPM":10,"Total_sales_vol":608.1899979412556,"rate_of_return":0.06382978723404255}
{"window":{"start":"2022-05-09T18:37:00.000Z","end":"2022-05-09T18:38:00.000Z"},"country":"United Kingdom","OPM":13,"Total_sales_vol":774.2999997735023,"rate_of_return":0.0}
{"window":{"start":"2022-05-06T00:02:00.000Z","end":"2022-05-06T00:03:00.000Z"},"country":"Denmark","OPM":1,"Total_sales_vol":43.79000097513199,"rate_of_return":0.0}
{"window":{"start":"2022-05-08T20:38:00.000Z","end":"2022-05-08T20:39:00.000Z"},"country":"United Kingdom","OPM":8,"Total_sales_vol":503.3700006008148,"rate_of_return":0.0}
{"window":{"start":"2022-05-09T00:51:00.000Z","end":"2022-05-09T00:52:00.000Z"},"country":"United Kingdom","OPM":5,"Total_sales_vol":41.660001039505005,"rate_of_return":0.42857142857142855}
{"window":{"start":"2022-05-08T02:40:00.000Z","end":"2022-05-08T02:41:00.000Z"},"country":"United Kingdom","OPM":15,"Total_sales_vol":1436.5399770736694,"rate_of_return":0.0}
{"window":{"start":"2022-05-06T06:14:00.000Z","end":"2022-05-06T06:15:00.000Z"},"country":"United Kingdom","OPM":10,"Total_sales_vol":531.7700067162514,"rate_of_return":0.0}
{"window":{"start":"2022-05-06T02:54:00.000Z","end":"2022-05-06T02:55:00.000Z"},"country":"EIRE","OPM":1,"Total_sales_vol":29.339999675750732,"rate_of_return":0.0}
{"window":{"start":"2022-05-06T11:06:00.000Z","end":"2022-05-06T11:07:00.000Z"},"country":"Japan","OPM":1,"Total_sales_vol":25.709999084472656,"rate_of_return":0.0}
{"window":{"start":"2022-05-07T06:51:00.000Z","end":"2022-05-07T06:52:00.000Z"},"country":"EIRE","OPM":1,"Total_sales_vol":3.700000047683716,"rate_of_return":0.0}
{"window":{"start":"2022-05-10T02:17:00.000Z","end":"2022-05-10T02:18:00.000Z"},"country":"Greece","OPM":1,"Total_sales_vol":37.02000045776367,"rate_of_return":0.0}
{"window":{"start":"2022-05-06T18:49:00.000Z","end":"2022-05-06T18:50:00.000Z"},"country":"United Kingdom","OPM":8,"Total_sales_vol":265.21000480651855,"rate_of_return":0.11538461538461539}
{"window":{"start":"2022-05-10T03:20:00.000Z","end":"2022-05-10T03:21:00.000Z"},"country":"Germany","OPM":1,"Total_sales_vol":11.740000009536743,"rate_of_return":0.0}
{"window":{"start":"2022-05-09T07:31:00.000Z","end":"2022-05-09T07:32:00.000Z"},"country":"United Kingdom","OPM":13,"Total_sales_vol":1379.6699996590614,"rate_of_return":0.0}
{"window":{"start":"2022-05-09T23:49:00.000Z","end":"2022-05-09T23:50:00.000Z"},"country":"United Kingdom","OPM":8,"Total_sales_vol":1556.0799857378006,"rate_of_return":0.0}
{"window":{"start":"2022-05-06T18:35:00.000Z","end":"2022-05-06T18:36:00.000Z"},"country":"United Kingdom","OPM":10,"Total_sales_vol":1026.5699999332428,"rate_of_return":0.11428571428571428}
{"window":{"start":"2022-05-07T03:03:00.000Z","end":"2022-05-07T03:04:00.000Z"},"country":"Spain","OPM":1,"Total_sales_vol":1.649999976158142,"rate_of_return":0.0}
{"window":{"start":"2022-05-05T22:57:00.000Z","end":"2022-05-05T22:58:00.000Z"},"country":"Germany","OPM":1,"Total_sales_vol":278.30000245571136,"rate_of_return":0.0}
{"window":{"start":"2022-05-09T08:38:00.000Z","end":"2022-05-09T08:39:00.000Z"},"country":"United Kingdom","OPM":9,"Total_sales_vol":403.51999577879906,"rate_of_return":0.0}
{"window":{"start":"2022-05-06T20:17:00.000Z","end":"2022-05-06T20:18:00.000Z"},"country":"United Kingdom","OPM":14,"Total_sales_vol":448.5800005197525,"rate_of_return":0.08333333333333333}
{"window":{"start":"2022-05-05T19:53:00.000Z","end":"2022-05-05T19:54:00.000Z"},"country":"Iceland","OPM":1,"Total_sales_vol":27.330000638961792,"rate_of_return":0.0}
{"window":{"start":"2022-05-09T10:00:00.000Z","end":"2022-05-09T10:01:00.000Z"},"country":"France","OPM":1,"Total_sales_vol":-35.400001525878906,"rate_of_return":1.0}
{"window":{"start":"2022-05-10T03:51:00.000Z","end":"2022-05-10T03:52:00.000Z"},"country":"United Kingdom","OPM":12,"Total_sales_vol":359.8100015223026,"rate_of_return":0.0}
{"window":{"start":"2022-05-07T16:55:00.000Z","end":"2022-05-07T16:56:00.000Z"},"country":"United Kingdom","OPM":10,"Total_sales_vol":351.5400052666664,"rate_of_return":0.0}
{"window":{"start":"2022-05-08T09:59:00.000Z","end":"2022-05-08T10:00:00.000Z"},"country":"United Kingdom","OPM":6,"Total_sales_vol":383.3699985444546,"rate_of_return":0.0}
{"window":{"start":"2022-05-09T09:53:00.000Z","end":"2022-05-09T09:54:00.000Z"},"country":"United Kingdom","OPM":6,"Total_sales_vol":63.94000434875488,"rate_of_return":0.26666666666666666}
{"window":{"start":"2022-05-06T13:28:00.000Z","end":"2022-05-06T13:29:00.000Z"},"country":"France","OPM":1,"Total_sales_vol":59.040000915527344,"rate_of_return":0.0}
{"window":{"start":"2022-05-08T18:39:00.000Z","end":"2022-05-08T18:40:00.000Z"},"country":"United Kingdom","OPM":13,"Total_sales_vol":787.9399978816509,"rate_of_return":0.16981132075471697}
{"window":{"start":"2022-05-09T03:55:00.000Z","end":"2022-05-09T03:56:00.000Z"},"country":"United Kingdom","OPM":12,"Total_sales_vol":927.689996778965,"rate_of_return":0.0}
{"window":{"start":"2022-05-09T11:50:00.000Z","end":"2022-05-09T11:51:00.000Z"},"country":"EIRE","OPM":1,"Total_sales_vol":117.77999496459961,"rate_of_return":0.0}
