{"window":{"start":"2022-05-06T10:31:00.000Z","end":"2022-05-06T10:32:00.000Z"},"country":"Germany","OPM":1,"Total_sales_vol":17.25,"rate_of_return":0.0}
{"window":{"start":"2022-05-07T20:18:00.000Z","end":"2022-05-07T20:19:00.000Z"},"country":"Germany","OPM":1,"Total_sales_vol":27.59999942779541,"rate_of_return":0.0}
{"window":{"start":"2022-05-06T00:58:00.000Z","end":"2022-05-06T00:59:00.000Z"},"country":"Spain","OPM":1,"Total_sales_vol":108.68000066280365,"rate_of_return":0.0}
{"window":{"start":"2022-05-06T09:47:00.000Z","end":"2022-05-06T09:48:00.000Z"},"country":"United Kingdom","OPM":13,"Total_sales_vol":430.65000039339066,"rate_of_return":0.16279069767441862}
{"window":{"start":"2022-05-06T19:32:00.000Z","end":"2022-05-06T19:33:00.000Z"},"country":"United Kingdom","OPM":11,"Total_sales_vol":912.9799925088882,"rate_of_return":0.06}
{"window":{"start":"2022-05-09T17:55:00.000Z","end":"2022-05-09T17:56:00.000Z"},"country":"EIRE","OPM":1,"Total_sales_vol":125.98999786376953,"rate_of_return":0.0}
{"window":{"start":"2022-05-05T23:54:00.000Z","end":"2022-05-05T23:55:00.000Z"},"country":"United Kingdom","OPM":5,"Total_sales_vol":73.74000191688538,"rate_of_return":0.3181818181818182}
{"window":{"start":"2022-05-07T06:04:00.000Z","end":"2022-05-07T06:05:00.000Z"},"country":"EIRE","OPM":1,"Total_sales_vol":13.520000457763672,"rate_of_return":0.0}
{"window":{"start":"2022-05-06T19:56:00.000Z","end":"2022-05-06T19:57:00.000Z"},"country":"United Kingdom","OPM":9,"Total_sales_vol":1553.4499928951263,"rate_of_return":0.0}
{"window":{"start":"2022-05-07T15:07:00.000Z","end":"2022-05-07T15:08:00.000Z"},"country":"Netherlands","OPM":1,"Total_sales_vol":226.43999767303467,"rate_of_return":0.0}
{"window":{"start":"2022-05-06T17:11:00.000Z","end":"2022-05-06T17:12:00.000Z"},"country":"United Kingdom","OPM":6,"Total_sales_vol":227.59000098705292,"rate_of_return":0.0}
{"window":{"start":"2022-05-08T03:29:00.000Z","end":"2022-05-08T03:30:00.000Z"},"country":"United Kingdom","OPM":7,"Total_sales_vol":242.13999736309052,"rate_of_return":0.0}
{"window":{"start":"2022-05-09T07:59:00.000Z","end":"2022-05-09T08:00:00.000Z"},"country":"EIRE","OPM":1,"Total_sales_vol":52.119998931884766,"rate_of_return":0.0}
{"window":{"start":"2022-05-09T18:31:00.000Z","end":"2022-05-09T18:32:00.000Z"},"country":"United Kingdom","OPM":10,"Total_sales_vol":193.79999521374702,"rate_of_return":0.20689655172413793}
{"window":{"start":"2022-05-07T03:25:00.000Z","end":"2022-05-07T03:26:00.000Z"},"country":"United Kingdom","OPM":15,"Total_sales_vol":1625.489994943142,"rate_of_return":0.07547169811320754}
{"window":{"start":"2022-05-09T22:51:00.000Z","end":"2022-05-09T22:52:00.000Z"},"country":"France","OPM":1,"Total_sales_vol":256.1599991619587,"rate_of_return":0.0}
{"window":{"start":"2022-05-09T19:20:00.000Z","end":"2022-05-09T19:21:00.000Z"},"country":"Germany","OPM":1,"Total_sales_vol":28.099999606609344,"rate_of_return":0.0}
{"window":{"start":"2022-05-05T16:22:00.000Z","end":"2022-05-05T16:23:00.000Z"},"country":"USA","OPM":1,"Total_sales_vol":47.30000138282776,"rate_of_return":0.0}
{"window":{"start":"2022-05-05T23:32:00.000Z","end":"2022-05-05T23:33:00.000Z"},"country":"United Kingdom","OPM":2,"Total_sales_vol":30.62999939918518,"rate_of_return":0.0}
{"window":{"start":"2022-05-07T18:11:00.000Z","end":"2022-05-07T18:12:00.000Z"},"country":"United Kingdom","OPM":14,"Total_sales_vol":600.729990541935,"rate_of_return":0.044444444444444446}
{"window":{"start":"2022-05-06T07:46:00.000Z","end":"2022-05-06T07:47:00.000Z"},"country":"United Kingdom","OPM":11,"Total_sales_vol":1409.7999744415283,"rate_of_return":0.0}
{"window":{"start":"2022-05-06T23:44:00.000Z","end":"2022-05-06T23:45:00.000Z"},"country":"Spain","OPM":1,"Total_sales_vol":69.10000038146973,"rate_of_return":0.0}
{"window":{"start":"2022-05-08T14:25:00.000Z","end":"2022-05-08T14:26:00.000Z"},"country":"United Kingdom","OPM":4,"Total_sales_vol":341.68998980522156,"rate_of_return":0.0}
{"window":{"start":"2022-05-06T06:37:00.000Z","end":"2022-05-06T06:38:00.000Z"},"country":"United Kingdom","OPM":6,"Total_sales_vol":381.54000145196915,"rate_of_return":0.0}
{"window":{"start":"2022-05-06T02:18:00.000Z","end":"2022-05-06T02:19:00.000Z"},"country":"United Kingdom","OPM":5,"Total_sales_vol":255.5399955511093,"rate_of_return":0.0}
{"window":{"start":"2022-05-08T09:26:00.000Z","end":"2022-05-08T09:27:00.000Z"},"country":"France","OPM":1,"Total_sales_vol":152.7600016593933,"rate_of_return":0.0}
{"window":{"start":"2022-05-07T04:41:00.000Z","end":"2022-05-07T04:42:00.000Z"},"country":"United Kingdom","OPM":16,"Total_sales_vol":1093.4199952483177,"rate_of_return":0.0}
{"window":{"start":"2022-05-05T18:12:00.000Z","end":"2022-05-05T18:13:00.000Z"},"country":"France","OPM":1,"Total_sales_vol":43.999999821186066,"rate_of_return":0.0}
{"window":{"start":"2022-05-07T11:19:00.000Z","end":"2022-05-07T11:20:00.000Z"},"country":"United Kingdom","OPM":13,"Total_sales_vol":1293.2899963855743,"rate_of_return":0.0}
{"window":{"start":"2022-05-08T20:48:00.000Z","end":"2022-05-08T20:49:00.000Z"},"country":"United Kingdom","OPM":5,"Total_sales_vol":122.49000203609467,"rate_of_return":0.3076923076923077}
{"window":{"start":"2022-05-09T15:44:00.000Z","end":"2022-05-09T15:45:00.000Z"},"country":"Israel","OPM":1,"Total_sales_vol":2.950000047683716,"rate_of_return":0.0}
{"window":{"start":"2022-05-09T12:02:00.000Z","end":"2022-05-09T12:03:00.000Z"},"country":"Germany","OPM":1,"Total_sales_vol":47.5,"rate_of_return":0.0}
{"window":{"start":"2022-05-09T03:14:00.000Z","end":"2022-05-09T03:15:00.000Z"},"country":"Belgium","OPM":1,"Total_sales_vol":8.289999961853027,"rate_of_return":0.0}
{"window":{"start":"2022-05-07T19:34:00.000Z","end":"2022-05-07T19:35:00.000Z"},"country":"Japan","OPM":1,"Total_sales_vol":24.650001525878906,"rate_of_return":0.0}
{"window":{"start":"2022-05-08T08:50:00.000Z","end":"2022-05-08T08:51:00.000Z"},"country":"Denmark","OPM":1,"Total_sales_vol":15.299999237060547,"rate_of_return":0.0}
{"window":{"start":"2022-05-08T15:52:00.000Z","end":"2022-05-08T15:53:00.000Z"},"country":"United Kingdom","OPM":6,"Total_sales_vol":160.96999645233154,"rate_of_return":0.17647058823529413}
{"window":{"start":"2022-05-06T13:53:00.000Z","end":"2022-05-06T13:54:00.000Z"},"country":"United Kingdom","OPM":11,"Total_sales_vol":559.8700017631054,"rate_of_return":0.0}
{"window":{"start":"2022-05-07T00:39:00.000Z","end":"2022-05-07T00:40:00.000Z"},"country":"United Kingdom","OPM":7,"Total_sales_vol":736.6899946033955,"rate_of_return":0.0}
{"window":{"start":"2022-05-09T15:22:00.000Z","end":"2022-05-09T15:23:00.000Z"},"country":"United Kingdom","OPM":7,"Total_sales_vol":454.03999280929565,"rate_of_return":0.13043478260869565}
{"window":{"start":"2022-05-08T15:41:00.000Z","end":"2022-05-08T15:42:00.000Z"},"country":"France","OPM":1,"Total_sales_vol":37.55999946594238,"rate_of_return":0.0}
{"window":{"start":"2022-05-07T10:30:00.000Z","end":"2022-05-07T10:31:00.000Z"},"country":"United Kingdom","OPM":9,"Total_sales_vol":396.3999990224838,"rate_of_return":0.15}
{"window":{"start":"2022-05-07T03:23:00.000Z","end":"2022-05-07T03:24:00.000Z"},"country":"United Kingdom","OPM":5,"Total_sales_vol":545.9800035953522,"rate_of_return":0.0}
{"window":{"start":"2022-05-07T07:17:00.000Z","end":"2022-05-07T07:18:00.000Z"},"country":"United Kingdom","OPM":6,"Total_sales_vol":511.5600004196167,"rate_of_return":0.0}
{"window":{"start":"2022-05-09T13:54:00.000Z","end":"2022-05-09T13:55:00.000Z"},"country":"United Kingdom","OPM":8,"Total_sales_vol":438.3900012373924,"rate_of_return":0.0}
{"window":{"start":"2022-05-09T00:07:00.000Z","end":"2022-05-09T00:08:00.000Z"},"country":"United Kingdom","OPM":11,"Total_sales_vol":513.4399976730347,"rate_of_return":0.07142857142857142}
{"window":{"start":"2022-05-08T05:25:00.000Z","end":"2022-05-08T05:26:00.000Z"},"country":"Germany","OPM":1,"Total_sales_vol":33.12000074982643,"rate_of_return":0.0}
{"window":{"start":"2022-05-08T15:23:00.000Z","end":"2022-05-08T15:24:00.000Z"},"country":"Japan","OPM":1,"Total_sales_vol":44.529998779296875,"rate_of_return":0.0}
{"window":{"start":"2022-05-10T10:19:00.000Z","end":"2022-05-10T10:20:00.000Z"},"country":"Germany","OPM":1,"Total_sales_vol":22.449999004602432,"rate_of_return":0.0}
{"window":{"start":"2022-05-10T06:14:00.000Z","end":"2022-05-10T06:15:00.000Z"},"country":"United Kingdom","OPM":4,"Total_sales_vol":288.22999769449234,"rate_of_return":0.0}
{"window":{"start":"2022-05-09T05:29:00.000Z","end":"2022-05-09T05:30:00.000Z"},"country":"United Kingdom","OPM":13,"Total_sales_vol":1274.8699973225594,"rate_of_return":0.045454545454545456}
{"window":{"start":"2022-05-09T05:44:00.000Z","end":"2022-05-09T05:45:00.000Z"},"country":"United Kingdom","OPM":7,"Total_sales_vol":824.2700011730194,"rate_of_return":0.0}
{"window":{"start":"2022-05-10T04:15:00.000Z","end":"2022-05-10T04:16:00.000Z"},"country":"Netherlands","OPM":1,"Total_sales_vol":2.25,"rate_of_return":0.0}
{"window":{"start":"2022-05-06T19:53:00.000Z","end":"2022-05-06T19:54:00.000Z"},"country":"Switzerland","OPM":1,"Total_sales_vol":7.59000039100647,"rate_of_return":0.0}
{"window":{"start":"2022-05-06T08:15:00.000Z","end":"2022-05-06T08:16:00.000Z"},"country":"United Kingdom","OPM":10,"Total_sales_vol":797.7799952030182,"rate_of_return":0.0}
{"window":{"start":"2022-05-09T06:06:00.000Z","end":"2022-05-09T06:07:00.000Z"},"country":"United Kingdom","OPM":11,"Total_sales_vol":736.7500047981739,"rate_of_return":0.0}
