{"window":{"start":"2022-05-07T21:39:00.000Z","end":"2022-05-07T21:40:00.000Z"},"country":"France","OPM":1,"Total_sales_vol":405.77000629901886,"rate_of_return":0.0}
{"window":{"start":"2022-05-07T11:33:00.000Z","end":"2022-05-07T11:34:00.000Z"},"country":"United Kingdom","OPM":9,"Total_sales_vol":1032.7899970412254,"rate_of_return":0.0}
{"window":{"start":"2022-05-08T12:30:00.000Z","end":"2022-05-08T12:31:00.000Z"},"country":"Germany","OPM":1,"Total_sales_vol":2.0799999237060547,"rate_of_return":0.0}
{"window":{"start":"2022-05-09T08:16:00.000Z","end":"2022-05-09T08:17:00.000Z"},"country":"EIRE","OPM":1,"Total_sales_vol":6.779999732971191,"rate_of_return":0.0}
{"window":{"start":"2022-05-08T07:34:00.000Z","end":"2022-05-08T07:35:00.000Z"},"country":"Netherlands","OPM":1,"Total_sales_vol":102.50999993085861,"rate_of_return":0.0}
{"window":{"start":"2022-05-09T21:41:00.000Z","end":"2022-05-09T21:42:00.000Z"},"country":"EIRE","OPM":2,"Total_sales_vol":122.91999769210815,"rate_of_return":0.0}
{"window":{"start":"2022-05-08T05:29:00.000Z","end":"2022-05-08T05:30:00.000Z"},"country":"France","OPM":1,"Total_sales_vol":707.2200274467468,"rate_of_return":0.0}
{"window":{"start":"2022-05-06T08:34:00.000Z","end":"2022-05-06T08:35:00.000Z"},"country":"Norway","OPM":1,"Total_sales_vol":210.57000255584717,"rate_of_return":0.0}
{"window":{"start":"2022-05-07T23:27:00.000Z","end":"2022-05-07T23:28:00.000Z"},"country":"EIRE","OPM":1,"Total_sales_vol":42.690001010894775,"rate_of_return":0.0}
{"window":{"start":"2022-05-08T01:30:00.000Z","end":"2022-05-08T01:31:00.000Z"},"country":"United Kingdom","OPM":14,"Total_sales_vol":1751.2599862217903,"rate_of_return":0.0}
{"window":{"start":"2022-05-06T02:55:00.000Z","end":"2022-05-06T02:56:00.000Z"},"country":"EIRE","OPM":1,"Total_sales_vol":30.68999981880188,"rate_of_return":0.0}
{"window":{"start":"2022-05-06T10:54:00.000Z","end":"2022-05-06T10:55:00.000Z"},"country":"Portugal","OPM":1,"Total_sales_vol":27.0,"rate_of_return":0.0}
{"window":{"start":"2022-05-07T23:20:00.000Z","end":"2022-05-07T23:21:00.000Z"},"country":"United Kingdom","OPM":6,"Total_sales_vol":141.54999613761902,"rate_of_return":0.0}
{"window":{"start":"2022-05-07T10:28:00.000Z","end":"2022-05-07T10:29:00.000Z"},"country":"United Kingdom","OPM":7,"Total_sales_vol":2165.1399809122086,"rate_of_return":0.0}
{"window":{"start":"2022-05-10T02:18:00.000Z","end":"2022-05-10T02:19:00.000Z"},"country":"Germany","OPM":1,"Total_sales_vol":45.0,"rate_of_return":0.0}
{"window":{"start":"2022-05-07T02:51:00.000Z","end":"2022-05-07T02:52:00.000Z"},"country":"United Kingdom","OPM":10,"Total_sales_vol":461.3499972522259,"rate_of_return":0.075}
{"window":{"start":"2022-05-05T22:05:00.000Z","end":"2022-05-05T22:06:00.000Z"},"country":"United Kingdom","OPM":14,"Total_sales_vol":974.7999926805496,"rate_of_return":0.0}
{"window":{"start":"2022-05-08T13:02:00.000Z","end":"2022-05-08T13:03:00.000Z"},"country":"EIRE","OPM":1,"Total_sales_vol":18.649999976158142,"rate_of_return":0.0}
{"window":{"start":"2022-05-08T18:44:00.000Z","end":"2022-05-08T18:45:00.000Z"},"country":"EIRE","OPM":1,"Total_sales_vol":12.479999542236328,"rate_of_return":0.0}
{"window":{"start":"2022-05-06T18:25:00.000Z","end":"2022-05-06T18:26:00.000Z"},"country":"United Kingdom","OPM":4,"Total_sales_vol":775.7999680042267,"rate_of_return":0.0}
{"window":{"start":"2022-05-06T05:13:00.000Z","end":"2022-05-06T05:14:00.000Z"},"country":"United Kingdom","OPM":10,"Total_sales_vol":700.3099950551987,"rate_of_return":0.0}
{"window":{"start":"2022-05-06T08:52:00.000Z","end":"2022-05-06T08:53:00.000Z"},"country":"United Kingdom","OPM":5,"Total_sales_vol":378.6399932205677,"rate_of_return":0.125}
{"window":{"start":"2022-05-06T15:52:00.000Z","end":"2022-05-06T15:53:00.000Z"},"country":"United Kingdom","OPM":11,"Total_sales_vol":290.7499966621399,"rate_of_return":0.06896551724137931}
{"window":{"start":"2022-05-06T23:43:00.000Z","end":"2022-05-06T23:44:00.000Z"},"country":"Germany","OPM":1,"Total_sales_vol":93.09999704360962,"rate_of_return":0.0}
{"window":{"start":"2022-05-06T09:04:00.000Z","end":"2022-05-06T09:05:00.000Z"},"country":"United Kingdom","OPM":16,"Total_sales_vol":1329.9800046086311,"rate_of_return":0.041666666666666664}
{"window":{"start":"2022-05-08T19:33:00.000Z","end":"2022-05-08T19:34:00.000Z"},"country":"United Kingdom","OPM":10,"Total_sales_vol":1318.6500133275986,"rate_of_return":0.0}
{"window":{"start":"2022-05-09T20:10:00.000Z","end":"2022-05-09T20:11:00.000Z"},"country":"EIRE","OPM":1,"Total_sales_vol":2.5,"rate_of_return":0.0}
{"window":{"start":"2022-05-06T08:16:00.000Z","end":"2022-05-06T08:17:00.000Z"},"country":"United Kingdom","OPM":14,"Total_sales_vol":912.6699889302254,"rate_of_return":0.02857142857142857}
{"window":{"start":"2022-05-07T17:20:00.000Z","end":"2022-05-07T17:21:00.000Z"},"country":"United Kingdom","OPM":12,"Total_sales_vol":1295.3500091135502,"rate_of_return":0.08928571428571429}
{"window":{"start":"2022-05-08T12:20:00.000Z","end":"2022-05-08T12:21:00.000Z"},"country":"Netherlands","OPM":1,"Total_sales_vol":80.76999855041504,"rate_of_return":0.0}
{"window":{"start":"2022-05-06T18:38:00.000Z","end":"2022-05-06T18:39:00.000Z"},"country":"Japan","OPM":1,"Total_sales_vol":36.72999954223633,"rate_of_return":0.0}
{"window":{"start":"2022-05-07T05:48:00.000Z","end":"2022-05-07T05:49:00.000Z"},"country":"United Kingdom","OPM":2,"Total_sales_vol":41.75999903678894,"rate_of_return":0.0}
{"window":{"start":"2022-05-06T14:16:00.000Z","end":"2022-05-06T14:17:00.000Z"},"country":"United Kingdom","OPM":13,"Total_sales_vol":909.2700017094612,"rate_of_return":0.0}
{"window":{"start":"2022-05-10T13:38:00.000Z","end":"2022-05-10T13:39:00.000Z"},"country":"United Kingdom","OPM":7,"Total_sales_vol":189.60999500751495,"rate_of_return":0.0}
{"window":{"start":"2022-05-08T21:12:00.000Z","end":"2022-05-08T21:13:00.000Z"},"country":"United Kingdom","OPM":4,"Total_sales_vol":289.74001157283783,"rate_of_return":0.0}
{"window":{"start":"2022-05-07T14:41:00.000Z","end":"2022-05-07T14:42:00.000Z"},"country":"Switzerland","OPM":1,"Total_sales_vol":2.950000047683716,"rate_of_return":0.0}
{"window":{"start":"2022-05-05T16:24:00.000Z","end":"2022-05-05T16:25:00.000Z"},"country":"Belgium","OPM":1,"Total_sales_vol":19.799999237060547,"rate_of_return":0.0}
{"window":{"start":"2022-05-10T06:25:00.000Z","end":"2022-05-10T06:26:00.000Z"},"country":"Germany","OPM":1,"Total_sales_vol":33.779998779296875,"rate_of_return":0.0}
{"window":{"start":"2022-05-06T17:10:00.000Z","end":"2022-05-06T17:11:00.000Z"},"country":"Germany","OPM":1,"Total_sales_vol":84.54000055789948,"rate_of_return":0.0}
{"window":{"start":"2022-05-07T05:53:00.000Z","end":"2022-05-07T05:54:00.000Z"},"country":"EIRE","OPM":1,"Total_sales_vol":47.24999809265137,"rate_of_return":0.0}
{"window":{"start":"2022-05-08T16:45:00.000Z","end":"2022-05-08T16:46:00.000Z"},"country":"United Kingdom","OPM":7,"Total_sales_vol":435.5000054836273,"rate_of_return":0.0}
{"window":{"start":"2022-05-07T10:11:00.000Z","end":"2022-05-07T10:12:00.000Z"},"country":"United Kingdom","OPM":9,"Total_sales_vol":660.7799993753433,"rate_of_return":0.0}
{"window":{"start":"2022-05-05T19:42:00.000Z","end":"2022-05-05T19:43:00.000Z"},"country":"United Kingdom","OPM":14,"Total_sales_vol":353.97000205516815,"rate_of_return":0.037037037037037035}
{"window":{"start":"2022-05-07T11:28:00.000Z","end":"2022-05-07T11:29:00.000Z"},"country":"United Kingdom","OPM":11,"Total_sales_vol":848.1599797904491,"rate_of_return":0.0}
{"window":{"start":"2022-05-08T10:18:00.000Z","end":"2022-05-08T10:19:00.000Z"},"country":"Cyprus","OPM":1,"Total_sales_vol":37.29999923706055,"rate_of_return":0.0}
{"window":{"start":"2022-05-09T11:02:00.000Z","end":"2022-05-09T11:03:00.000Z"},"country":"United Kingdom","OPM":8,"Total_sales_vol":201.25999975204468,"rate_of_return":0.0}
{"window":{"start":"2022-05-10T07:33:00.000Z","end":"2022-05-10T07:34:00.000Z"},"country":"Germany","OPM":1,"Total_sales_vol":74.05999737977982,"rate_of_return":0.0}
{"window":{"start":"2022-05-10T08:15:00.000Z","end":"2022-05-10T08:16:00.000Z"},"country":"United Kingdom","OPM":9,"Total_sales_vol":1605.270007431507,"rate_of_return":0.05128205128205128}
{"window":{"start":"2022-05-08T19:39:00.000Z","end":"2022-05-08T19:40:00.000Z"},"country":"EIRE","OPM":1,"Total_sales_vol":103.43000030517578,"rate_of_return":0.0}
{"window":{"start":"2022-05-10T09:57:00.000Z","end":"2022-05-10T09:58:00.000Z"},"country":"United Kingdom","OPM":8,"Total_sales_vol":596.7899898290634,"rate_of_return":0.0}
{"window":{"start":"2022-05-07T19:00:00.000Z","end":"2022-05-07T19:01:00.000Z"},"country":"Austria","OPM":1,"Total_sales_vol":-39.10000038146973,"rate_of_return":1.0}
{"window":{"start":"2022-05-06T23:06:00.000Z","end":"2022-05-06T23:07:00.000Z"},"country":"Channel Islands","OPM":1,"Total_sales_vol":47.44999921321869,"rate_of_return":0.0}
{"window":{"start":"2022-05-08T16:32:00.000Z","end":"2022-05-08T16:33:00.000Z"},"country":"United Kingdom","OPM":7,"Total_sales_vol":396.78999173641205,"rate_of_return":0.0}
{"window":{"start":"2022-05-06T00:41:00.000Z","end":"2022-05-06T00:42:00.000Z"},"country":"United Kingdom","OPM":10,"Total_sales_vol":182.48000203818083,"rate_of_return":0.0}
