{"window":{"start":"2022-05-10T06:12:00.000Z","end":"2022-05-10T06:13:00.000Z"},"country":"United Kingdom","OPM":9,"Total_sales_vol":530.3999977707863,"rate_of_return":0.07142857142857142}
{"window":{"start":"2022-05-06T20:06:00.000Z","end":"2022-05-06T20:07:00.000Z"},"country":"United Kingdom","OPM":9,"Total_sales_vol":631.189997524023,"rate_of_return":0.0}
{"window":{"start":"2022-05-07T08:23:00.000Z","end":"2022-05-07T08:24:00.000Z"},"country":"France","OPM":1,"Total_sales_vol":10.869999706745148,"rate_of_return":0.0}
{"window":{"start":"2022-05-07T12:08:00.000Z","end":"2022-05-07T12:09:00.000Z"},"country":"United Kingdom","OPM":15,"Total_sales_vol":5098.869991064072,"rate_of_return":0.0}
{"window":{"start":"2022-05-09T15:21:00.000Z","end":"2022-05-09T15:22:00.000Z"},"country":"Germany","OPM":1,"Total_sales_vol":35.83000111579895,"rate_of_return":0.0}
{"window":{"start":"2022-05-10T02:06:00.000Z","end":"2022-05-10T02:07:00.000Z"},"country":"United Kingdom","OPM":5,"Total_sales_vol":409.5399980545044,"rate_of_return":0.04}
{"window":{"start":"2022-05-06T00:32:00.000Z","end":"2022-05-06T00:33:00.000Z"},"country":"United Kingdom","OPM":10,"Total_sales_vol":327.89999490976334,"rate_of_return":0.1}
{"window":{"start":"2022-05-06T21:51:00.000Z","end":"2022-05-06T21:52:00.000Z"},"country":"United Kingdom","OPM":14,"Total_sales_vol":704.5699994266033,"rate_of_return":0.0}
{"window":{"start":"2022-05-05T23:37:00.000Z","end":"2022-05-05T23:38:00.000Z"},"country":"Germany","OPM":1,"Total_sales_vol":44.25000190734863,"rate_of_return":0.0}
{"window":{"start":"2022-05-05T20:33:00.000Z","end":"2022-05-05T20:34:00.000Z"},"country":"Spain","OPM":1,"Total_sales_vol":211.88999277353287,"rate_of_return":0.0}
{"window":{"start":"2022-05-06T02:12:00.000Z","end":"2022-05-06T02:13:00.000Z"},"country":"Germany","OPM":1,"Total_sales_vol":69.05999946594238,"rate_of_return":0.0}
{"window":{"start":"2022-05-10T09:11:00.000Z","end":"2022-05-10T09:12:00.000Z"},"country":"Poland","OPM":1,"Total_sales_vol":-51.90999984741211,"rate_of_return":1.0}
{"window":{"start":"2022-05-06T14:30:00.000Z","end":"2022-05-06T14:31:00.000Z"},"country":"United Kingdom","OPM":10,"Total_sales_vol":465.4700002670288,"rate_of_return":0.0}
{"window":{"start":"2022-05-06T03:55:00.000Z","end":"2022-05-06T03:56:00.000Z"},"country":"Germany","OPM":1,"Total_sales_vol":4.199999809265137,"rate_of_return":0.0}
{"window":{"start":"2022-05-06T20:57:00.000Z","end":"2022-05-06T20:58:00.000Z"},"country":"EIRE","OPM":1,"Total_sales_vol":648.0000003576279,"rate_of_return":0.0}
{"window":{"start":"2022-05-08T08:04:00.000Z","end":"2022-05-08T08:05:00.000Z"},"country":"EIRE","OPM":1,"Total_sales_vol":355.5599937438965,"rate_of_return":0.0}
{"window":{"start":"2022-05-09T20:30:00.000Z","end":"2022-05-09T20:31:00.000Z"},"country":"United Kingdom","OPM":11,"Total_sales_vol":693.0500104129314,"rate_of_return":0.05}
{"window":{"start":"2022-05-07T21:39:00.000Z","end":"2022-05-07T21:40:00.000Z"},"country":"United Kingdom","OPM":7,"Total_sales_vol":292.2400023341179,"rate_of_return":0.21428571428571427}
{"window":{"start":"2022-05-05T17:38:00.000Z","end":"2022-05-05T17:39:00.000Z"},"country":"United Kingdom","OPM":14,"Total_sales_vol":68.99999964237213,"rate_of_return":0.38636363636363635}
{"window":{"start":"2022-05-09T00:19:00.000Z","end":"2022-05-09T00:20:00.000Z"},"country":"Germany","OPM":1,"Total_sales_vol":14.880000114440918,"rate_of_return":0.0}
{"window":{"start":"2022-05-09T15:11:00.000Z","end":"2022-05-09T15:12:00.000Z"},"country":"Germany","OPM":1,"Total_sales_vol":2.0999999046325684,"rate_of_return":0.0}
{"window":{"start":"2022-05-05T21:11:00.000Z","end":"2022-05-05T21:12:00.000Z"},"country":"United Kingdom","OPM":9,"Total_sales_vol":828.2800253629684,"rate_of_return":0.08108108108108109}
{"window":{"start":"2022-05-06T12:07:00.000Z","end":"2022-05-06T12:08:00.000Z"},"country":"Spain","OPM":1,"Total_sales_vol":56.480003118515015,"rate_of_return":0.0}
{"window":{"start":"2022-05-06T16:02:00.000Z","end":"2022-05-06T16:03:00.000Z"},"country":"Switzerland","OPM":1,"Total_sales_vol":83.11999893188477,"rate_of_return":0.0}
{"window":{"start":"2022-05-08T14:29:00.000Z","end":"2022-05-08T14:30:00.000Z"},"country":"France","OPM":1,"Total_sales_vol":1.0,"rate_of_return":0.0}
{"window":{"start":"2022-05-07T15:27:00.000Z","end":"2022-05-07T15:28:00.000Z"},"country":"EIRE","OPM":1,"Total_sales_vol":13.350000023841858,"rate_of_return":0.0}
{"window":{"start":"2022-05-05T21:59:00.000Z","end":"2022-05-05T22:00:00.000Z"},"country":"France","OPM":1,"Total_sales_vol":23.400001525878906,"rate_of_return":0.0}
{"window":{"start":"2022-05-06T06:27:00.000Z","end":"2022-05-06T06:28:00.000Z"},"country":"United Kingdom","OPM":11,"Total_sales_vol":984.979996740818,"rate_of_return":0.08888888888888889}
{"window":{"start":"2022-05-08T03:45:00.000Z","end":"2022-05-08T03:46:00.000Z"},"country":"Germany","OPM":1,"Total_sales_vol":31.43000030517578,"rate_of_return":0.0}
{"window":{"start":"2022-05-05T23:27:00.000Z","end":"2022-05-05T23:28:00.000Z"},"country":"Netherlands","OPM":1,"Total_sales_vol":14.579999446868896,"rate_of_return":0.0}
{"window":{"start":"2022-05-07T05:15:00.000Z","end":"2022-05-07T05:16:00.000Z"},"country":"United Kingdom","OPM":8,"Total_sales_vol":661.4300210177898,"rate_of_return":0.04}
{"window":{"start":"2022-05-09T19:30:00.000Z","end":"2022-05-09T19:31:00.000Z"},"country":"United Kingdom","OPM":8,"Total_sales_vol":250.1300013065338,"rate_of_return":0.0}
{"window":{"start":"2022-05-08T15:37:00.000Z","end":"2022-05-08T15:38:00.000Z"},"country":"United Kingdom","OPM":5,"Total_sales_vol":1637.8299387991428,"rate_of_return":0.0}
{"window":{"start":"2022-05-08T03:05:00.000Z","end":"2022-05-08T03:06:00.000Z"},"country":"France","OPM":1,"Total_sales_vol":29.86000156402588,"rate_of_return":0.0}
{"window":{"start":"2022-05-09T04:42:00.000Z","end":"2022-05-09T04:43:00.000Z"},"country":"Italy","OPM":1,"Total_sales_vol":19.559999704360962,"rate_of_return":0.0}
{"window":{"start":"2022-05-09T09:52:00.000Z","end":"2022-05-09T09:53:00.000Z"},"country":"France","OPM":1,"Total_sales_vol":-26.62999999523163,"rate_of_return":1.0}
{"window":{"start":"2022-05-07T01:59:00.000Z","end":"2022-05-07T02:00:00.000Z"},"country":"France","OPM":1,"Total_sales_vol":82.39000010490417,"rate_of_return":0.0}
{"window":{"start":"2022-05-07T02:01:00.000Z","end":"2022-05-07T02:02:00.000Z"},"country":"Netherlands","OPM":1,"Total_sales_vol":99.10999846458435,"rate_of_return":0.0}
{"window":{"start":"2022-05-10T05:56:00.000Z","end":"2022-05-10T05:57:00.000Z"},"country":"EIRE","OPM":1,"Total_sales_vol":23.350000023841858,"rate_of_return":0.0}
{"window":{"start":"2022-05-06T11:49:00.000Z","end":"2022-05-06T11:50:00.000Z"},"country":"Portugal","OPM":2,"Total_sales_vol":19.049999237060547,"rate_of_return":0.0}
{"window":{"start":"2022-05-07T04:05:00.000Z","end":"2022-05-07T04:06:00.000Z"},"country":"United Kingdom","OPM":10,"Total_sales_vol":750.9199876785278,"rate_of_return":0.0}
{"window":{"start":"2022-05-07T21:00:00.000Z","end":"2022-05-07T21:01:00.000Z"},"country":"Channel Islands","OPM":1,"Total_sales_vol":26.209999084472656,"rate_of_return":0.0}
{"window":{"start":"2022-05-06T10:36:00.000Z","end":"2022-05-06T10:37:00.000Z"},"country":"United Kingdom","OPM":12,"Total_sales_vol":632.2700008451939,"rate_of_return":0.14814814814814814}
{"window":{"start":"2022-05-10T09:48:00.000Z","end":"2022-05-10T09:49:00.000Z"},"country":"France","OPM":2,"Total_sales_vol":542.5700082778931,"rate_of_return":0.0}
{"window":{"start":"2022-05-08T23:32:00.000Z","end":"2022-05-08T23:33:00.000Z"},"country":"France","OPM":1,"Total_sales_vol":104.46999967098236,"rate_of_return":0.0}
{"window":{"start":"2022-05-09T00:03:00.000Z","end":"2022-05-09T00:04:00.000Z"},"country":"United Kingdom","OPM":7,"Total_sales_vol":401.4400004148483,"rate_of_return":0.0}
{"window":{"start":"2022-05-07T20:24:00.000Z","end":"2022-05-07T20:25:00.000Z"},"country":"United Kingdom","OPM":9,"Total_sales_vol":632.9900150001049,"rate_of_return":0.0}
{"window":{"start":"2022-05-09T18:01:00.000Z","end":"2022-05-09T18:02:00.000Z"},"country":"EIRE","OPM":1,"Total_sales_vol":45.54000073671341,"rate_of_return":0.0}
{"window":{"start":"2022-05-09T05:06:00.000Z","end":"2022-05-09T05:07:00.000Z"},"country":"United Kingdom","OPM":6,"Total_sales_vol":351.9600007534027,"rate_of_return":0.0}
{"window":{"start":"2022-05-09T22:02:00.000Z","end":"2022-05-09T22:03:00.000Z"},"country":"Germany","OPM":1,"Total_sales_vol":177.8399920463562,"rate_of_return":0.0}
{"window":{"start":"2022-05-09T21:04:00.000Z","end":"2022-05-09T21:05:00.000Z"},"country":"EIRE","OPM":1,"Total_sales_vol":12.380000114440918,"rate_of_return":0.0}
{"window":{"start":"2022-05-08T12:41:00.000Z","end":"2022-05-08T12:42:00.000Z"},"country":"United Kingdom","OPM":10,"Total_sales_vol":408.4899939894676,"rate_of_return":0.0}
{"window":{"start":"2022-05-10T01:36:00.000Z","end":"2022-05-10T01:37:00.000Z"},"country":"United Kingdom","OPM":11,"Total_sales_vol":543.329998254776,"rate_of_return":0.0}
{"window":{"start":"2022-05-07T07:46:00.000Z","end":"2022-05-07T07:47:00.000Z"},"country":"EIRE","OPM":1,"Total_sales_vol":246.89999055862427,"rate_of_return":0.0}
{"window":{"start":"2022-05-09T07:12:00.000Z","end":"2022-05-09T07:13:00.000Z"},"country":"United Kingdom","OPM":10,"Total_sales_vol":630.3699993491173,"rate_of_return":0.0}
{"window":{"start":"2022-05-10T09:11:00.000Z","end":"2022-05-10T09:12:00.000Z"},"country":"United Kingdom","OPM":11,"Total_sales_vol":467.02999126911163,"rate_of_return":0.12121212121212122}
{"window":{"start":"2022-05-06T16:35:00.000Z","end":"2022-05-06T16:36:00.000Z"},"country":"United Kingdom","OPM":14,"Total_sales_vol":696.6499984264374,"rate_of_return":0.16666666666666666}
{"window":{"start":"2022-05-09T07:36:00.000Z","end":"2022-05-09T07:37:00.000Z"},"country":"France","OPM":1,"Total_sales_vol":76.64000010490417,"rate_of_return":0.0}
{"window":{"start":"2022-05-08T07:14:00.000Z","end":"2022-05-08T07:15:00.000Z"},"country":"Australia","OPM":1,"Total_sales_vol":15.789999961853027,"rate_of_return":0.0}
{"window":{"start":"2022-05-09T12:55:00.000Z","end":"2022-05-09T12:56:00.000Z"},"country":"United Kingdom","OPM":8,"Total_sales_vol":703.4900023341179,"rate_of_return":0.0}
{"window":{"start":"2022-05-07T04:37:00.000Z","end":"2022-05-07T04:38:00.000Z"},"country":"Cyprus","OPM":1,"Total_sales_vol":57.32999920845032,"rate_of_return":0.0}
{"window":{"start":"2022-05-07T15:52:00.000Z","end":"2022-05-07T15:53:00.000Z"},"country":"EIRE","OPM":2,"Total_sales_vol":27.630000114440918,"rate_of_return":0.0}
{"window":{"start":"2022-05-09T21:15:00.000Z","end":"2022-05-09T21:16:00.000Z"},"country":"United Kingdom","OPM":4,"Total_sales_vol":573.1499902009964,"rate_of_return":0.0}
{"window":{"start":"2022-05-08T21:41:00.000Z","end":"2022-05-08T21:42:00.000Z"},"country":"France","OPM":1,"Total_sales_vol":329.2799949645996,"rate_of_return":0.0}
{"window":{"start":"2022-05-09T16:12:00.000Z","end":"2022-05-09T16:13:00.000Z"},"country":"EIRE","OPM":1,"Total_sales_vol":50.84000086784363,"rate_of_return":0.0}
{"window":{"start":"2022-05-05T22:02:00.000Z","end":"2022-05-05T22:03:00.000Z"},"country":"Germany","OPM":1,"Total_sales_vol":70.74999934434891,"rate_of_return":0.0}
{"window":{"start":"2022-05-10T06:04:00.000Z","end":"2022-05-10T06:05:00.000Z"},"country":"EIRE","OPM":2,"Total_sales_vol":313.3200011253357,"rate_of_return":0.0}
{"window":{"start":"2022-05-06T18:11:00.000Z","end":"2022-05-06T18:12:00.000Z"},"country":"United Kingdom","OPM":12,"Total_sales_vol":812.8699973225594,"rate_of_return":0.12962962962962962}
{"window":{"start":"2022-05-07T04:32:00.000Z","end":"2022-05-07T04:33:00.000Z"},"country":"United Kingdom","OPM":12,"Total_sales_vol":671.0299930870533,"rate_of_return":0.0}
{"window":{"start":"2022-05-07T15:15:00.000Z","end":"2022-05-07T15:16:00.000Z"},"country":"United Kingdom","OPM":3,"Total_sales_vol":246.16999727487564,"rate_of_return":0.0}
{"window":{"start":"2022-05-06T03:49:00.000Z","end":"2022-05-06T03:50:00.000Z"},"country":"France","OPM":1,"Total_sales_vol":101.92000353336334,"rate_of_return":0.0}
