{"window":{"start":"2022-05-09T08:37:00.000Z","end":"2022-05-09T08:38:00.000Z"},"country":"EIRE","OPM":1,"Total_sales_vol":-60.47999745607376,"rate_of_return":1.0}
{"window":{"start":"2022-05-06T14:18:00.000Z","end":"2022-05-06T14:19:00.000Z"},"country":"Australia","OPM":1,"Total_sales_vol":41.46000051498413,"rate_of_return":0.0}
{"window":{"start":"2022-05-08T01:36:00.000Z","end":"2022-05-08T01:37:00.000Z"},"country":"United Kingdom","OPM":8,"Total_sales_vol":596.110010266304,"rate_of_return":0.0}
{"window":{"start":"2022-05-08T18:55:00.000Z","end":"2022-05-08T18:56:00.000Z"},"country":"United Kingdom","OPM":9,"Total_sales_vol":-124.90000280737877,"rate_of_return":0.14705882352941177}
{"window":{"start":"2022-05-07T09:13:00.000Z","end":"2022-05-07T09:14:00.000Z"},"country":"United Kingdom","OPM":12,"Total_sales_vol":643.819983959198,"rate_of_return":0.0}
{"window":{"start":"2022-05-07T21:35:00.000Z","end":"2022-05-07T21:36:00.000Z"},"country":"United Kingdom","OPM":5,"Total_sales_vol":66.29000007361174,"rate_of_return":0.0}
{"window":{"start":"2022-05-07T14:59:00.000Z","end":"2022-05-07T15:00:00.000Z"},"country":"Finland","OPM":1,"Total_sales_vol":49.14999783039093,"rate_of_return":0.0}
{"window":{"start":"2022-05-09T01:22:00.000Z","end":"2022-05-09T01:23:00.000Z"},"country":"United Kingdom","OPM":10,"Total_sales_vol":429.739998459816,"rate_of_return":0.0}
{"window":{"start":"2022-05-09T17:08:00.000Z","end":"2022-05-09T17:09:00.000Z"},"country":"Germany","OPM":1,"Total_sales_vol":179.0,"rate_of_return":0.0}
{"window":{"start":"2022-05-09T18:27:00.000Z","end":"2022-05-09T18:28:00.000Z"},"country":"United Kingdom","OPM":14,"Total_sales_vol":460.9199905395508,"rate_of_return":0.08571428571428572}
{"window":{"start":"2022-05-06T21:32:00.000Z","end":"2022-05-06T21:33:00.000Z"},"country":"United Kingdom","OPM":9,"Total_sales_vol":1280.050018966198,"rate_of_return":0.0}
{"window":{"start":"2022-05-09T16:58:00.000Z","end":"2022-05-09T16:59:00.000Z"},"country":"France","OPM":1,"Total_sales_vol":46.63000136613846,"rate_of_return":0.0}
{"window":{"start":"2022-05-09T15:05:00.000Z","end":"2022-05-09T15:06:00.000Z"},"country":"United Kingdom","OPM":10,"Total_sales_vol":501.0199974179268,"rate_of_return":0.375}
{"window":{"start":"2022-05-08T04:37:00.000Z","end":"2022-05-08T04:38:00.000Z"},"country":"United Kingdom","OPM":12,"Total_sales_vol":2510.780002593994,"rate_of_return":0.0}
{"window":{"start":"2022-05-08T01:06:00.000Z","end":"2022-05-08T01:07:00.000Z"},"country":"United Kingdom","OPM":9,"Total_sales_vol":228.13999676704407,"rate_of_return":0.09090909090909091}
{"window":{"start":"2022-05-07T09:10:00.000Z","end":"2022-05-07T09:11:00.000Z"},"country":"United Kingdom","OPM":13,"Total_sales_vol":305.42000222206116,"rate_of_return":0.14893617021276595}
{"window":{"start":"2022-05-10T02:19:00.000Z","end":"2022-05-10T02:20:00.000Z"},"country":"France","OPM":1,"Total_sales_vol":56.08000135421753,"rate_of_return":0.0}
{"window":{"start":"2022-05-05T19:15:00.000Z","end":"2022-05-05T19:16:00.000Z"},"country":"United Kingdom","OPM":9,"Total_sales_vol":871.7899892628193,"rate_of_return":0.08571428571428572}
{"window":{"start":"2022-05-06T12:52:00.000Z","end":"2022-05-06T12:53:00.000Z"},"country":"Norway","OPM":1,"Total_sales_vol":19.96999967098236,"rate_of_return":0.0}
{"window":{"start":"2022-05-05T20:59:00.000Z","end":"2022-05-05T21:00:00.000Z"},"country":"United Kingdom","OPM":15,"Total_sales_vol":1319.8799716830254,"rate_of_return":0.038461538461538464}
{"window":{"start":"2022-05-08T17:25:00.000Z","end":"2022-05-08T17:26:00.000Z"},"country":"EIRE","OPM":1,"Total_sales_vol":20.699999809265137,"rate_of_return":0.0}
{"window":{"start":"2022-05-09T15:51:00.000Z","end":"2022-05-09T15:52:00.000Z"},"country":"United Kingdom","OPM":7,"Total_sales_vol":249.07999774813652,"rate_of_return":0.0}
{"window":{"start":"2022-05-05T20:19:00.000Z","end":"2022-05-05T20:20:00.000Z"},"country":"Switzerland","OPM":1,"Total_sales_vol":108.68000340461731,"rate_of_return":0.0}
{"window":{"start":"2022-05-08T09:32:00.000Z","end":"2022-05-08T09:33:00.000Z"},"country":"United Kingdom","OPM":11,"Total_sales_vol":1179.6500016450882,"rate_of_return":0.0}
{"window":{"start":"2022-05-07T05:37:00.000Z","end":"2022-05-07T05:38:00.000Z"},"country":"EIRE","OPM":1,"Total_sales_vol":-108.40999984741211,"rate_of_return":1.0}
{"window":{"start":"2022-05-09T23:04:00.000Z","end":"2022-05-09T23:05:00.000Z"},"country":"Germany","OPM":1,"Total_sales_vol":8.700000762939453,"rate_of_return":0.0}
{"window":{"start":"2022-05-10T08:58:00.000Z","end":"2022-05-10T08:59:00.000Z"},"country":"United Kingdom","OPM":13,"Total_sales_vol":1123.069991350174,"rate_of_return":0.0}
{"window":{"start":"2022-05-07T00:52:00.000Z","end":"2022-05-07T00:53:00.000Z"},"country":"United Kingdom","OPM":8,"Total_sales_vol":374.90999859571457,"rate_of_return":0.08571428571428572}
{"window":{"start":"2022-05-10T00:11:00.000Z","end":"2022-05-10T00:12:00.000Z"},"country":"United Kingdom","OPM":8,"Total_sales_vol":424.81999826431274,"rate_of_return":0.06896551724137931}
{"window":{"start":"2022-05-06T23:42:00.000Z","end":"2022-05-06T23:43:00.000Z"},"country":"Switzerland","OPM":1,"Total_sales_vol":-20.630000114440918,"rate_of_return":1.0}
{"window":{"start":"2022-05-07T20:02:00.000Z","end":"2022-05-07T20:03:00.000Z"},"country":"United Kingdom","OPM":10,"Total_sales_vol":382.4700036048889,"rate_of_return":0.24444444444444444}
{"window":{"start":"2022-05-07T06:32:00.000Z","end":"2022-05-07T06:33:00.000Z"},"country":"United Kingdom","OPM":15,"Total_sales_vol":861.5999917685986,"rate_of_return":0.0}
{"window":{"start":"2022-05-06T12:03:00.000Z","end":"2022-05-06T12:04:00.000Z"},"country":"France","OPM":1,"Total_sales_vol":68.08000147342682,"rate_of_return":0.0}
{"window":{"start":"2022-05-07T00:49:00.000Z","end":"2022-05-07T00:50:00.000Z"},"country":"United Kingdom","OPM":5,"Total_sales_vol":437.1099991798401,"rate_of_return":0.0}
{"window":{"start":"2022-05-07T06:27:00.000Z","end":"2022-05-07T06:28:00.000Z"},"country":"United Kingdom","OPM":7,"Total_sales_vol":892.829972203821,"rate_of_return":0.0}
{"window":{"start":"2022-05-10T01:06:00.000Z","end":"2022-05-10T01:07:00.000Z"},"country":"France","OPM":1,"Total_sales_vol":0.8399999737739563,"rate_of_return":0.0}
{"window":{"start":"2022-05-09T12:38:00.000Z","end":"2022-05-09T12:39:00.000Z"},"country":"United Kingdom","OPM":13,"Total_sales_vol":856.0399880707264,"rate_of_return":0.023809523809523808}
{"window":{"start":"2022-05-08T09:13:00.000Z","end":"2022-05-08T09:14:00.000Z"},"country":"United Kingdom","OPM":13,"Total_sales_vol":785.8399994373322,"rate_of_return":0.0784313725490196}
{"window":{"start":"2022-05-07T06:38:00.000Z","end":"2022-05-07T06:39:00.000Z"},"country":"United Kingdom","OPM":7,"Total_sales_vol":297.5599969923496,"rate_of_return":0.0}
{"window":{"start":"2022-05-10T08:23:00.000Z","end":"2022-05-10T08:24:00.000Z"},"country":"United Kingdom","OPM":6,"Total_sales_vol":1480.6699723303318,"rate_of_return":0.0}
{"window":{"start":"2022-05-10T13:09:00.000Z","end":"2022-05-10T13:10:00.000Z"},"country":"United Kingdom","OPM":11,"Total_sales_vol":2108.1300040483475,"rate_of_return":0.03571428571428571}
{"window":{"start":"2022-05-08T01:58:00.000Z","end":"2022-05-08T01:59:00.000Z"},"country":"United Kingdom","OPM":5,"Total_sales_vol":1417.9599878191948,"rate_of_return":0.0}
{"window":{"start":"2022-05-10T02:20:00.000Z","end":"2022-05-10T02:21:00.000Z"},"country":"United Kingdom","OPM":14,"Total_sales_vol":408.80999913811684,"rate_of_return":0.14285714285714285}
{"window":{"start":"2022-05-05T18:23:00.000Z","end":"2022-05-05T18:24:00.000Z"},"country":"EIRE","OPM":1,"Total_sales_vol":217.6599931716919,"rate_of_return":0.0}
{"window":{"start":"2022-05-09T15:33:00.000Z","end":"2022-05-09T15:34:00.000Z"},"country":"United Kingdom","OPM":11,"Total_sales_vol":348.959992647171,"rate_of_return":0.07692307692307693}
{"window":{"start":"2022-05-10T07:04:00.000Z","end":"2022-05-10T07:05:00.000Z"},"country":"Switzerland","OPM":1,"Total_sales_vol":77.15000057220459,"rate_of_return":0.0}
{"window":{"start":"2022-05-08T01:01:00.000Z","end":"2022-05-08T01:02:00.000Z"},"country":"United Kingdom","OPM":7,"Total_sales_vol":260.63000071048737,"rate_of_return":0.037037037037037035}
{"window":{"start":"2022-05-07T10:04:00.000Z","end":"2022-05-07T10:05:00.000Z"},"country":"Hong Kong","OPM":1,"Total_sales_vol":31.549999594688416,"rate_of_return":0.0}
{"window":{"start":"2022-05-09T10:24:00.000Z","end":"2022-05-09T10:25:00.000Z"},"country":"United Kingdom","OPM":7,"Total_sales_vol":410.21000254154205,"rate_of_return":0.03225806451612903}
{"window":{"start":"2022-05-09T08:28:00.000Z","end":"2022-05-09T08:29:00.000Z"},"country":"United Kingdom","OPM":19,"Total_sales_vol":792.2300005853176,"rate_of_return":0.0}
{"window":{"start":"2022-05-06T08:17:00.000Z","end":"2022-05-06T08:18:00.000Z"},"country":"Germany","OPM":1,"Total_sales_vol":1.899999976158142,"rate_of_return":0.0}
{"window":{"start":"2022-05-10T06:52:00.000Z","end":"2022-05-10T06:53:00.000Z"},"country":"EIRE","OPM":1,"Total_sales_vol":55.3799991607666,"rate_of_return":0.0}
{"window":{"start":"2022-05-10T06:33:00.000Z","end":"2022-05-10T06:34:00.000Z"},"country":"United Kingdom","OPM":5,"Total_sales_vol":92.84000360965729,"rate_of_return":0.08333333333333333}
{"window":{"start":"2022-05-09T13:05:00.000Z","end":"2022-05-09T13:06:00.000Z"},"country":"Iceland","OPM":1,"Total_sales_vol":39.869998931884766,"rate_of_return":0.0}
{"window":{"start":"2022-05-08T20:14:00.000Z","end":"2022-05-08T20:15:00.000Z"},"country":"United Kingdom","OPM":5,"Total_sales_vol":424.81000405550003,"rate_of_return":0.13333333333333333}
{"window":{"start":"2022-05-06T17:32:00.000Z","end":"2022-05-06T17:33:00.000Z"},"country":"EIRE","OPM":1,"Total_sales_vol":-1.659999966621399,"rate_of_return":1.0}
{"window":{"start":"2022-05-08T23:19:00.000Z","end":"2022-05-08T23:20:00.000Z"},"country":"Portugal","OPM":1,"Total_sales_vol":2.549999952316284,"rate_of_return":0.0}
{"window":{"start":"2022-05-09T23:42:00.000Z","end":"2022-05-09T23:43:00.000Z"},"country":"United Kingdom","OPM":11,"Total_sales_vol":586.1299906671047,"rate_of_return":0.0}
{"window":{"start":"2022-05-07T06:55:00.000Z","end":"2022-05-07T06:56:00.000Z"},"country":"United Kingdom","OPM":5,"Total_sales_vol":790.9099901914597,"rate_of_return":0.0}
{"window":{"start":"2022-05-07T19:15:00.000Z","end":"2022-05-07T19:16:00.000Z"},"country":"EIRE","OPM":1,"Total_sales_vol":4.25,"rate_of_return":0.0}
{"window":{"start":"2022-05-09T08:32:00.000Z","end":"2022-05-09T08:33:00.000Z"},"country":"Portugal","OPM":1,"Total_sales_vol":226.77999877929688,"rate_of_return":0.0}
