{"window":{"start":"2022-05-05T17:37:00.000Z","end":"2022-05-05T17:38:00.000Z"},"country":"United Kingdom","OPM":10,"Total_sales_vol":174.6700020134449,"rate_of_return":0.0}
{"window":{"start":"2022-05-07T19:02:00.000Z","end":"2022-05-07T19:03:00.000Z"},"country":"United Kingdom","OPM":12,"Total_sales_vol":1037.259989529848,"rate_of_return":0.0}
{"window":{"start":"2022-05-09T13:55:00.000Z","end":"2022-05-09T13:56:00.000Z"},"country":"United Kingdom","OPM":6,"Total_sales_vol":421.4099963903427,"rate_of_return":0.0}
{"window":{"start":"2022-05-07T22:53:00.000Z","end":"2022-05-07T22:54:00.000Z"},"country":"United Kingdom","OPM":9,"Total_sales_vol":1230.7500085830688,"rate_of_return":0.0}
{"window":{"start":"2022-05-10T02:49:00.000Z","end":"2022-05-10T02:50:00.000Z"},"country":"EIRE","OPM":3,"Total_sales_vol":360.1200079023838,"rate_of_return":0.0}
{"window":{"start":"2022-05-07T06:11:00.000Z","end":"2022-05-07T06:12:00.000Z"},"country":"United Kingdom","OPM":7,"Total_sales_vol":306.53999865055084,"rate_of_return":0.0}
{"window":{"start":"2022-05-06T02:08:00.000Z","end":"2022-05-06T02:09:00.000Z"},"country":"France","OPM":1,"Total_sales_vol":50.96999979019165,"rate_of_return":0.0}
{"window":{"start":"2022-05-08T18:58:00.000Z","end":"2022-05-08T18:59:00.000Z"},"country":"Israel","OPM":1,"Total_sales_vol":18.990000128746033,"rate_of_return":0.0}
{"window":{"start":"2022-05-08T11:21:00.000Z","end":"2022-05-08T11:22:00.000Z"},"country":"Germany","OPM":1,"Total_sales_vol":183.13999438285828,"rate_of_return":0.0}
{"window":{"start":"2022-05-09T14:53:00.000Z","end":"2022-05-09T14:54:00.000Z"},"country":"EIRE","OPM":1,"Total_sales_vol":121.749995470047,"rate_of_return":0.0}
{"window":{"start":"2022-05-09T05:18:00.000Z","end":"2022-05-09T05:19:00.000Z"},"country":"United Kingdom","OPM":8,"Total_sales_vol":726.5399978160858,"rate_of_return":0.08571428571428572}
{"window":{"start":"2022-05-07T17:31:00.000Z","end":"2022-05-07T17:32:00.000Z"},"country":"United Kingdom","OPM":8,"Total_sales_vol":628.1300024390221,"rate_of_return":0.0}
{"window":{"start":"2022-05-09T04:26:00.000Z","end":"2022-05-09T04:27:00.000Z"},"country":"United Kingdom","OPM":5,"Total_sales_vol":219.57999816536903,"rate_of_return":0.0}
{"window":{"start":"2022-05-10T08:53:00.000Z","end":"2022-05-10T08:54:00.000Z"},"country":"Finland","OPM":1,"Total_sales_vol":110.38999730348587,"rate_of_return":0.0}
{"window":{"start":"2022-05-05T21:14:00.000Z","end":"2022-05-05T21:15:00.000Z"},"country":"United Kingdom","OPM":6,"Total_sales_vol":417.9399913549423,"rate_of_return":0.0}
{"window":{"start":"2022-05-09T03:01:00.000Z","end":"2022-05-09T03:02:00.000Z"},"country":"Germany","OPM":1,"Total_sales_vol":14.850000381469727,"rate_of_return":0.0}
{"window":{"start":"2022-05-08T09:52:00.000Z","end":"2022-05-08T09:53:00.000Z"},"country":"United Kingdom","OPM":14,"Total_sales_vol":601.5300033986568,"rate_of_return":0.022727272727272728}
{"window":{"start":"2022-05-10T02:28:00.000Z","end":"2022-05-10T02:29:00.000Z"},"country":"Australia","OPM":1,"Total_sales_vol":135.11999893188477,"rate_of_return":0.0}
{"window":{"start":"2022-05-10T12:46:00.000Z","end":"2022-05-10T12:47:00.000Z"},"country":"Switzerland","OPM":1,"Total_sales_vol":155.33000260591507,"rate_of_return":0.0}
{"window":{"start":"2022-05-07T01:39:00.000Z","end":"2022-05-07T01:40:00.000Z"},"country":"United Kingdom","OPM":13,"Total_sales_vol":1248.1300210356712,"rate_of_return":0.07317073170731707}
{"window":{"start":"2022-05-05T19:32:00.000Z","end":"2022-05-05T19:33:00.000Z"},"country":"United Kingdom","OPM":14,"Total_sales_vol":480.8099946975708,"rate_of_return":0.14285714285714285}
{"window":{"start":"2022-05-06T10:39:00.000Z","end":"2022-05-06T10:40:00.000Z"},"country":"EIRE","OPM":1,"Total_sales_vol":32.98999887704849,"rate_of_return":0.0}
{"window":{"start":"2022-05-06T21:46:00.000Z","end":"2022-05-06T21:47:00.000Z"},"country":"United Kingdom","OPM":7,"Total_sales_vol":1205.8999817967415,"rate_of_return":0.0}
{"window":{"start":"2022-05-08T09:15:00.000Z","end":"2022-05-08T09:16:00.000Z"},"country":"France","OPM":1,"Total_sales_vol":0.8299999833106995,"rate_of_return":0.0}
{"window":{"start":"2022-05-10T10:23:00.000Z","end":"2022-05-10T10:24:00.000Z"},"country":"United Kingdom","OPM":3,"Total_sales_vol":167.93999671936035,"rate_of_return":0.0}
{"window":{"start":"2022-05-07T06:38:00.000Z","end":"2022-05-07T06:39:00.000Z"},"country":"Germany","OPM":1,"Total_sales_vol":9.960000038146973,"rate_of_return":0.0}
{"window":{"start":"2022-05-05T16:39:00.000Z","end":"2022-05-05T16:40:00.000Z"},"country":"United Kingdom","OPM":8,"Total_sales_vol":494.4400032758713,"rate_of_return":0.0}
{"window":{"start":"2022-05-10T04:59:00.000Z","end":"2022-05-10T05:00:00.000Z"},"country":"Germany","OPM":1,"Total_sales_vol":19.130000114440918,"rate_of_return":0.0}
{"window":{"start":"2022-05-09T16:37:00.000Z","end":"2022-05-09T16:38:00.000Z"},"country":"United Kingdom","OPM":9,"Total_sales_vol":335.2400076985359,"rate_of_return":0.20833333333333334}
{"window":{"start":"2022-05-09T10:13:00.000Z","end":"2022-05-09T10:14:00.000Z"},"country":"United Kingdom","OPM":6,"Total_sales_vol":155.78999936580658,"rate_of_return":0.0}
{"window":{"start":"2022-05-09T12:17:00.000Z","end":"2022-05-09T12:18:00.000Z"},"country":"France","OPM":1,"Total_sales_vol":47.70000076293945,"rate_of_return":0.0}
{"window":{"start":"2022-05-09T01:53:00.000Z","end":"2022-05-09T01:54:00.000Z"},"country":"United Kingdom","OPM":6,"Total_sales_vol":412.50001060962677,"rate_of_return":0.0}
{"window":{"start":"2022-05-07T20:14:00.000Z","end":"2022-05-07T20:15:00.000Z"},"country":"United Kingdom","OPM":12,"Total_sales_vol":514.6699922084808,"rate_of_return":0.05405405405405406}
{"window":{"start":"2022-05-06T04:34:00.000Z","end":"2022-05-06T04:35:00.000Z"},"country":"Norway","OPM":1,"Total_sales_vol":27.900001525878906,"rate_of_return":0.0}
{"window":{"start":"2022-05-10T08:26:00.000Z","end":"2022-05-10T08:27:00.000Z"},"country":"Netherlands","OPM":1,"Total_sales_vol":17.700000762939453,"rate_of_return":0.0}
{"window":{"start":"2022-05-08T10:08:00.000Z","end":"2022-05-08T10:09:00.000Z"},"country":"United Kingdom","OPM":10,"Total_sales_vol":980.0300311744213,"rate_of_return":0.0}
{"window":{"start":"2022-05-10T08:44:00.000Z","end":"2022-05-10T08:45:00.000Z"},"country":"EIRE","OPM":1,"Total_sales_vol":322.3000068664551,"rate_of_return":0.0}
{"window":{"start":"2022-05-09T22:13:00.000Z","end":"2022-05-09T22:14:00.000Z"},"country":"United Kingdom","OPM":13,"Total_sales_vol":944.7899896204472,"rate_of_return":0.0}
{"window":{"start":"2022-05-06T05:56:00.000Z","end":"2022-05-06T05:57:00.000Z"},"country":"Belgium","OPM":1,"Total_sales_vol":15.0,"rate_of_return":0.0}
{"window":{"start":"2022-05-10T04:03:00.000Z","end":"2022-05-10T04:04:00.000Z"},"country":"United Kingdom","OPM":15,"Total_sales_vol":637.599999755621,"rate_of_return":0.0}
{"window":{"start":"2022-05-06T07:32:00.000Z","end":"2022-05-06T07:33:00.000Z"},"country":"Germany","OPM":1,"Total_sales_vol":-189.47999668121338,"rate_of_return":1.0}
{"window":{"start":"2022-05-08T07:01:00.000Z","end":"2022-05-08T07:02:00.000Z"},"country":"Israel","OPM":1,"Total_sales_vol":26.459999203681946,"rate_of_return":0.0}
{"window":{"start":"2022-05-07T15:33:00.000Z","end":"2022-05-07T15:34:00.000Z"},"country":"United Kingdom","OPM":5,"Total_sales_vol":64.64000469446182,"rate_of_return":0.5}
{"window":{"start":"2022-05-05T21:19:00.000Z","end":"2022-05-05T21:20:00.000Z"},"country":"United Kingdom","OPM":9,"Total_sales_vol":425.81999829411507,"rate_of_return":0.0}
{"window":{"start":"2022-05-06T03:58:00.000Z","end":"2022-05-06T03:59:00.000Z"},"country":"Netherlands","OPM":1,"Total_sales_vol":27.15000057220459,"rate_of_return":0.0}
{"window":{"start":"2022-05-10T11:34:00.000Z","end":"2022-05-10T11:35:00.000Z"},"country":"United Kingdom","OPM":4,"Total_sales_vol":-279.970009803772,"rate_of_return":0.5714285714285714}
{"window":{"start":"2022-05-08T21:37:00.000Z","end":"2022-05-08T21:38:00.000Z"},"country":"Belgium","OPM":1,"Total_sales_vol":33.650000154972076,"rate_of_return":0.0}
{"window":{"start":"2022-05-08T21:07:00.000Z","end":"2022-05-08T21:08:00.000Z"},"country":"United Kingdom","OPM":6,"Total_sales_vol":346.00000035762787,"rate_of_return":0.0}
{"window":{"start":"2022-05-09T09:44:00.000Z","end":"2022-05-09T09:45:00.000Z"},"country":"United Kingdom","OPM":14,"Total_sales_vol":1278.5799993276596,"rate_of_return":0.06060606060606061}
{"window":{"start":"2022-05-09T00:48:00.000Z","end":"2022-05-09T00:49:00.000Z"},"country":"United Kingdom","OPM":10,"Total_sales_vol":189.72000068426132,"rate_of_return":0.0}
{"window":{"start":"2022-05-07T20:36:00.000Z","end":"2022-05-07T20:37:00.000Z"},"country":"France","OPM":1,"Total_sales_vol":66.42999982833862,"rate_of_return":0.0}
{"window":{"start":"2022-05-09T06:52:00.000Z","end":"2022-05-09T06:53:00.000Z"},"country":"United Kingdom","OPM":5,"Total_sales_vol":149.799998909235,"rate_of_return":0.0}
{"window":{"start":"2022-05-06T11:23:00.000Z","end":"2022-05-06T11:24:00.000Z"},"country":"EIRE","OPM":1,"Total_sales_vol":124.35000169277191,"rate_of_return":0.0}
{"window":{"start":"2022-05-10T03:14:00.000Z","end":"2022-05-10T03:15:00.000Z"},"country":"United Kingdom","OPM":12,"Total_sales_vol":779.409983664751,"rate_of_return":0.09090909090909091}
{"window":{"start":"2022-05-07T03:00:00.000Z","end":"2022-05-07T03:01:00.000Z"},"country":"United Kingdom","OPM":9,"Total_sales_vol":476.4800092577934,"rate_of_return":0.1320754716981132}
{"window":{"start":"2022-05-09T07:45:00.000Z","end":"2022-05-09T07:46:00.000Z"},"country":"United Kingdom","OPM":7,"Total_sales_vol":185.97999820113182,"rate_of_return":0.14285714285714285}
{"window":{"start":"2022-05-09T19:44:00.000Z","end":"2022-05-09T19:45:00.000Z"},"country":"Spain","OPM":1,"Total_sales_vol":90.50000262260437,"rate_of_return":0.0}
