{"window":{"start":"2022-05-06T16:00:00.000Z","end":"2022-05-06T16:01:00.000Z"},"country":"Portugal","OPM":1,"Total_sales_vol":5.2299999594688416,"rate_of_return":0.0}
{"window":{"start":"2022-05-08T11:30:00.000Z","end":"2022-05-08T11:31:00.000Z"},"country":"Denmark","OPM":1,"Total_sales_vol":15.149999737739563,"rate_of_return":0.0}
{"window":{"start":"2022-05-08T10:29:00.000Z","end":"2022-05-08T10:30:00.000Z"},"country":"United Kingdom","OPM":9,"Total_sales_vol":1113.8900257349014,"rate_of_return":0.13043478260869565}
{"window":{"start":"2022-05-09T09:10:00.000Z","end":"2022-05-09T09:11:00.000Z"},"country":"United Kingdom","OPM":12,"Total_sales_vol":647.1400055289268,"rate_of_return":0.16326530612244897}
{"window":{"start":"2022-05-08T08:48:00.000Z","end":"2022-05-08T08:49:00.000Z"},"country":"France","OPM":1,"Total_sales_vol":51.0,"rate_of_return":0.0}
{"window":{"start":"2022-05-10T04:35:00.000Z","end":"2022-05-10T04:36:00.000Z"},"country":"Portugal","OPM":1,"Total_sales_vol":413.0,"rate_of_return":0.0}
{"window":{"start":"2022-05-08T10:22:00.000Z","end":"2022-05-08T10:23:00.000Z"},"country":"Belgium","OPM":1,"Total_sales_vol":113.12999802827835,"rate_of_return":0.0}
{"window":{"start":"2022-05-07T10:36:00.000Z","end":"2022-05-07T10:37:00.000Z"},"country":"EIRE","OPM":1,"Total_sales_vol":748.1999893188477,"rate_of_return":0.0}
{"window":{"start":"2022-05-10T07:49:00.000Z","end":"2022-05-10T07:50:00.000Z"},"country":"Norway","OPM":1,"Total_sales_vol":43.359999656677246,"rate_of_return":0.0}
{"window":{"start":"2022-05-07T08:10:00.000Z","end":"2022-05-07T08:11:00.000Z"},"country":"EIRE","OPM":1,"Total_sales_vol":2.9100000858306885,"rate_of_return":0.0}
{"window":{"start":"2022-05-07T00:04:00.000Z","end":"2022-05-07T00:05:00.000Z"},"country":"Netherlands","OPM":1,"Total_sales_vol":43.680002212524414,"rate_of_return":0.0}
{"window":{"start":"2022-05-07T03:52:00.000Z","end":"2022-05-07T03:53:00.000Z"},"country":"United Kingdom","OPM":8,"Total_sales_vol":364.7000013589859,"rate_of_return":0.05555555555555555}
{"window":{"start":"2022-05-06T17:47:00.000Z","end":"2022-05-06T17:48:00.000Z"},"country":"United Kingdom","OPM":17,"Total_sales_vol":1092.749995470047,"rate_of_return":0.06060606060606061}
{"window":{"start":"2022-05-08T15:58:00.000Z","end":"2022-05-08T15:59:00.000Z"},"country":"United Kingdom","OPM":12,"Total_sales_vol":455.68999540805817,"rate_of_return":0.09090909090909091}
{"window":{"start":"2022-05-08T03:23:00.000Z","end":"2022-05-08T03:24:00.000Z"},"country":"United Kingdom","OPM":9,"Total_sales_vol":1087.030002295971,"rate_of_return":0.0}
{"window":{"start":"2022-05-10T12:38:00.000Z","end":"2022-05-10T12:39:00.000Z"},"country":"United Kingdom","OPM":4,"Total_sales_vol":340.90999805927277,"rate_of_return":0.0}
{"window":{"start":"2022-05-07T00:21:00.000Z","end":"2022-05-07T00:22:00.000Z"},"country":"United Kingdom","OPM":10,"Total_sales_vol":857.3500085175037,"rate_of_return":0.041666666666666664}
{"window":{"start":"2022-05-07T07:40:00.000Z","end":"2022-05-07T07:41:00.000Z"},"country":"United Kingdom","OPM":14,"Total_sales_vol":1384.960000783205,"rate_of_return":0.0}
{"window":{"start":"2022-05-09T22:48:00.000Z","end":"2022-05-09T22:49:00.000Z"},"country":"United Kingdom","OPM":12,"Total_sales_vol":532.0399925708771,"rate_of_return":0.08823529411764706}
{"window":{"start":"2022-05-09T13:39:00.000Z","end":"2022-05-09T13:40:00.000Z"},"country":"Cyprus","OPM":1,"Total_sales_vol":3.9000000953674316,"rate_of_return":0.0}
{"window":{"start":"2022-05-07T06:25:00.000Z","end":"2022-05-07T06:26:00.000Z"},"country":"United Kingdom","OPM":5,"Total_sales_vol":136.2400020956993,"rate_of_return":0.0}
{"window":{"start":"2022-05-09T03:31:00.000Z","end":"2022-05-09T03:32:00.000Z"},"country":"United Kingdom","OPM":4,"Total_sales_vol":435.35000109672546,"rate_of_return":0.0}
{"window":{"start":"2022-05-07T01:09:00.000Z","end":"2022-05-07T01:10:00.000Z"},"country":"Australia","OPM":1,"Total_sales_vol":-11.90000057220459,"rate_of_return":1.0}
{"window":{"start":"2022-05-09T16:24:00.000Z","end":"2022-05-09T16:25:00.000Z"},"country":"United Kingdom","OPM":9,"Total_sales_vol":1190.0299974679947,"rate_of_return":0.05405405405405406}
{"window":{"start":"2022-05-05T21:27:00.000Z","end":"2022-05-05T21:28:00.000Z"},"country":"France","OPM":1,"Total_sales_vol":1.6500000953674316,"rate_of_return":0.0}
{"window":{"start":"2022-05-10T11:46:00.000Z","end":"2022-05-10T11:47:00.000Z"},"country":"United Kingdom","OPM":9,"Total_sales_vol":967.9699883460999,"rate_of_return":0.0}
{"window":{"start":"2022-05-06T07:53:00.000Z","end":"2022-05-06T07:54:00.000Z"},"country":"Spain","OPM":1,"Total_sales_vol":10.079999923706055,"rate_of_return":0.0}
{"window":{"start":"2022-05-06T01:10:00.000Z","end":"2022-05-06T01:11:00.000Z"},"country":"United Kingdom","OPM":7,"Total_sales_vol":339.8299950659275,"rate_of_return":0.0}
{"window":{"start":"2022-05-10T10:23:00.000Z","end":"2022-05-10T10:24:00.000Z"},"country":"USA","OPM":2,"Total_sales_vol":10.0,"rate_of_return":0.0}
{"window":{"start":"2022-05-08T23:25:00.000Z","end":"2022-05-08T23:26:00.000Z"},"country":"United Kingdom","OPM":5,"Total_sales_vol":308.30001336336136,"rate_of_return":0.0}
{"window":{"start":"2022-05-06T19:59:00.000Z","end":"2022-05-06T20:00:00.000Z"},"country":"United Kingdom","OPM":5,"Total_sales_vol":669.499980032444,"rate_of_return":0.0}
{"window":{"start":"2022-05-08T12:14:00.000Z","end":"2022-05-08T12:15:00.000Z"},"country":"Malta","OPM":1,"Total_sales_vol":12.700000166893005,"rate_of_return":0.0}
{"window":{"start":"2022-05-10T11:37:00.000Z","end":"2022-05-10T11:38:00.000Z"},"country":"EIRE","OPM":1,"Total_sales_vol":178.37999534606934,"rate_of_return":0.0}
{"window":{"start":"2022-05-05T21:26:00.000Z","end":"2022-05-05T21:27:00.000Z"},"country":"United Kingdom","OPM":8,"Total_sales_vol":434.999996304512,"rate_of_return":0.0}
{"window":{"start":"2022-05-09T16:13:00.000Z","end":"2022-05-09T16:14:00.000Z"},"country":"United Kingdom","OPM":6,"Total_sales_vol":576.0499988794327,"rate_of_return":0.0}
{"window":{"start":"2022-05-09T22:49:00.000Z","end":"2022-05-09T22:50:00.000Z"},"country":"Switzerland","OPM":1,"Total_sales_vol":277.09001088142395,"rate_of_return":0.0}
{"window":{"start":"2022-05-09T20:11:00.000Z","end":"2022-05-09T20:12:00.000Z"},"country":"United Kingdom","OPM":12,"Total_sales_vol":571.7899975776672,"rate_of_return":0.0}
{"window":{"start":"2022-05-09T12:30:00.000Z","end":"2022-05-09T12:31:00.000Z"},"country":"United Kingdom","OPM":9,"Total_sales_vol":548.5500031709671,"rate_of_return":0.0}
{"window":{"start":"2022-05-10T00:33:00.000Z","end":"2022-05-10T00:34:00.000Z"},"country":"United Kingdom","OPM":8,"Total_sales_vol":509.85000744462013,"rate_of_return":0.0}
{"window":{"start":"2022-05-06T03:22:00.000Z","end":"2022-05-06T03:23:00.000Z"},"country":"United Kingdom","OPM":4,"Total_sales_vol":67.5699987411499,"rate_of_return":0.0}
{"window":{"start":"2022-05-09T20:06:00.000Z","end":"2022-05-09T20:07:00.000Z"},"country":"United Kingdom","OPM":10,"Total_sales_vol":704.8999922573566,"rate_of_return":0.030303030303030304}
{"window":{"start":"2022-05-08T08:38:00.000Z","end":"2022-05-08T08:39:00.000Z"},"country":"Germany","OPM":1,"Total_sales_vol":4.110000133514404,"rate_of_return":0.0}
{"window":{"start":"2022-05-06T03:25:00.000Z","end":"2022-05-06T03:26:00.000Z"},"country":"United Kingdom","OPM":11,"Total_sales_vol":677.4900099039078,"rate_of_return":0.0}
{"window":{"start":"2022-05-09T08:30:00.000Z","end":"2022-05-09T08:31:00.000Z"},"country":"United Kingdom","OPM":7,"Total_sales_vol":-249.66001510620117,"rate_of_return":0.2}
{"window":{"start":"2022-05-08T02:01:00.000Z","end":"2022-05-08T02:02:00.000Z"},"country":"United Kingdom","OPM":16,"Total_sales_vol":666.5199903249741,"rate_of_return":0.0}
{"window":{"start":"2022-05-09T23:36:00.000Z","end":"2022-05-09T23:37:00.000Z"},"country":"United Kingdom","OPM":7,"Total_sales_vol":845.8400014638901,"rate_of_return":0.0}
{"window":{"start":"2022-05-07T02:42:00.000Z","end":"2022-05-07T02:43:00.000Z"},"country":"United Kingdom","OPM":9,"Total_sales_vol":285.2700027227402,"rate_of_return":0.0}
{"window":{"start":"2022-05-05T18:05:00.000Z","end":"2022-05-05T18:06:00.000Z"},"country":"United Kingdom","OPM":9,"Total_sales_vol":833.1400009393692,"rate_of_return":0.0}
{"window":{"start":"2022-05-07T14:05:00.000Z","end":"2022-05-07T14:06:00.000Z"},"country":"United Kingdom","OPM":14,"Total_sales_vol":4458.169992595911,"rate_of_return":0.20833333333333334}
{"window":{"start":"2022-05-08T12:12:00.000Z","end":"2022-05-08T12:13:00.000Z"},"country":"Germany","OPM":1,"Total_sales_vol":14.699999809265137,"rate_of_return":0.0}
{"window":{"start":"2022-05-08T00:57:00.000Z","end":"2022-05-08T00:58:00.000Z"},"country":"United Kingdom","OPM":14,"Total_sales_vol":812.7099858224392,"rate_of_return":0.044444444444444446}
{"window":{"start":"2022-05-09T09:09:00.000Z","end":"2022-05-09T09:10:00.000Z"},"country":"United Kingdom","OPM":7,"Total_sales_vol":383.43999683856964,"rate_of_return":0.0}
{"window":{"start":"2022-05-09T14:42:00.000Z","end":"2022-05-09T14:43:00.000Z"},"country":"Norway","OPM":1,"Total_sales_vol":8.289999961853027,"rate_of_return":0.0}
{"window":{"start":"2022-05-08T00:06:00.000Z","end":"2022-05-08T00:07:00.000Z"},"country":"Germany","OPM":1,"Total_sales_vol":9.869999885559082,"rate_of_return":0.0}
{"window":{"start":"2022-05-05T20:34:00.000Z","end":"2022-05-05T20:35:00.000Z"},"country":"United Kingdom","OPM":11,"Total_sales_vol":392.17999255657196,"rate_of_return":0.0}
{"window":{"start":"2022-05-06T23:35:00.000Z","end":"2022-05-06T23:36:00.000Z"},"country":"United Kingdom","OPM":7,"Total_sales_vol":190.03999865055084,"rate_of_return":0.0}
{"window":{"start":"2022-05-08T23:32:00.000Z","end":"2022-05-08T23:33:00.000Z"},"country":"Norway","OPM":1,"Total_sales_vol":72.38000106811523,"rate_of_return":0.0}
{"window":{"start":"2022-05-09T21:21:00.000Z","end":"2022-05-09T21:22:00.000Z"},"country":"Poland","OPM":1,"Total_sales_vol":59.15999984741211,"rate_of_return":0.0}
{"window":{"start":"2022-05-05T21:04:00.000Z","end":"2022-05-05T21:05:00.000Z"},"country":"United Kingdom","OPM":4,"Total_sales_vol":260.06000024080276,"rate_of_return":0.08695652173913043}
{"window":{"start":"2022-05-06T03:09:00.000Z","end":"2022-05-06T03:10:00.000Z"},"country":"France","OPM":1,"Total_sales_vol":40.44999980926514,"rate_of_return":0.0}
{"window":{"start":"2022-05-07T02:33:00.000Z","end":"2022-05-07T02:34:00.000Z"},"country":"Portugal","OPM":1,"Total_sales_vol":19.799999237060547,"rate_of_return":0.0}
{"window":{"start":"2022-05-07T15:16:00.000Z","end":"2022-05-07T15:17:00.000Z"},"country":"EIRE","OPM":1,"Total_sales_vol":-33.54999876022339,"rate_of_return":1.0}
{"window":{"start":"2022-05-07T13:46:00.000Z","end":"2022-05-07T13:47:00.000Z"},"country":"Finland","OPM":1,"Total_sales_vol":63.27000164985657,"rate_of_return":0.0}
{"window":{"start":"2022-05-07T12:26:00.000Z","end":"2022-05-07T12:27:00.000Z"},"country":"Spain","OPM":1,"Total_sales_vol":11.25,"rate_of_return":0.0}
{"window":{"start":"2022-05-08T15:19:00.000Z","end":"2022-05-08T15:20:00.000Z"},"country":"United Kingdom","OPM":12,"Total_sales_vol":809.6599960327148,"rate_of_return":0.043478260869565216}
{"window":{"start":"2022-05-06T10:23:00.000Z","end":"2022-05-06T10:24:00.000Z"},"country":"Germany","OPM":1,"Total_sales_vol":3.299999952316284,"rate_of_return":0.0}
{"window":{"start":"2022-05-07T07:49:00.000Z","end":"2022-05-07T07:50:00.000Z"},"country":"United Kingdom","OPM":12,"Total_sales_vol":522.9200057983398,"rate_of_return":0.03125}
{"window":{"start":"2022-05-07T15:31:00.000Z","end":"2022-05-07T15:32:00.000Z"},"country":"United Kingdom","OPM":5,"Total_sales_vol":122.90999829769135,"rate_of_return":0.0}
{"window":{"start":"2022-05-09T19:43:00.000Z","end":"2022-05-09T19:44:00.000Z"},"country":"Japan","OPM":1,"Total_sales_vol":5.849999904632568,"rate_of_return":0.0}
{"window":{"start":"2022-05-07T09:17:00.000Z","end":"2022-05-07T09:18:00.000Z"},"country":"United Kingdom","OPM":9,"Total_sales_vol":386.90999233722687,"rate_of_return":0.0}
{"window":{"start":"2022-05-08T22:37:00.000Z","end":"2022-05-08T22:38:00.000Z"},"country":"United Kingdom","OPM":7,"Total_sales_vol":1098.0399606227875,"rate_of_return":0.0}
{"window":{"start":"2022-05-08T11:25:00.000Z","end":"2022-05-08T11:26:00.000Z"},"country":"Sweden","OPM":1,"Total_sales_vol":13.309999823570251,"rate_of_return":0.0}
{"window":{"start":"2022-05-10T02:58:00.000Z","end":"2022-05-10T02:59:00.000Z"},"country":"United Kingdom","OPM":6,"Total_sales_vol":77.33000230789185,"rate_of_return":0.3333333333333333}
{"window":{"start":"2022-05-05T23:41:00.000Z","end":"2022-05-05T23:42:00.000Z"},"country":"Germany","OPM":1,"Total_sales_vol":262.79998779296875,"rate_of_return":0.0}
{"window":{"start":"2022-05-09T01:08:00.000Z","end":"2022-05-09T01:09:00.000Z"},"country":"EIRE","OPM":1,"Total_sales_vol":17.700000762939453,"rate_of_return":0.0}
{"window":{"start":"2022-05-07T23:13:00.000Z","end":"2022-05-07T23:14:00.000Z"},"country":"EIRE","OPM":1,"Total_sales_vol":2.7899999916553497,"rate_of_return":0.0}
