{"window":{"start":"2022-05-07T09:04:00.000Z","end":"2022-05-07T09:05:00.000Z"},"country":"EIRE","OPM":2,"Total_sales_vol":191.24999713897705,"rate_of_return":0.0}
{"window":{"start":"2022-05-09T06:20:00.000Z","end":"2022-05-09T06:21:00.000Z"},"country":"United Kingdom","OPM":12,"Total_sales_vol":572.7299988567829,"rate_of_return":0.12121212121212122}
{"window":{"start":"2022-05-07T05:10:00.000Z","end":"2022-05-07T05:11:00.000Z"},"country":"United Kingdom","OPM":5,"Total_sales_vol":416.12999725341797,"rate_of_return":0.0}
{"window":{"start":"2022-05-07T16:45:00.000Z","end":"2022-05-07T16:46:00.000Z"},"country":"United Kingdom","OPM":5,"Total_sales_vol":123.72000026702881,"rate_of_return":0.0}
{"window":{"start":"2022-05-07T23:15:00.000Z","end":"2022-05-07T23:16:00.000Z"},"country":"Germany","OPM":1,"Total_sales_vol":0.38999998569488525,"rate_of_return":0.0}
{"window":{"start":"2022-05-09T13:09:00.000Z","end":"2022-05-09T13:10:00.000Z"},"country":"Germany","OPM":1,"Total_sales_vol":37.16999864578247,"rate_of_return":0.0}
{"window":{"start":"2022-05-10T13:02:00.000Z","end":"2022-05-10T13:03:00.000Z"},"country":"Italy","OPM":1,"Total_sales_vol":19.799999237060547,"rate_of_return":0.0}
{"window":{"start":"2022-05-08T03:39:00.000Z","end":"2022-05-08T03:40:00.000Z"},"country":"Channel Islands","OPM":1,"Total_sales_vol":66.02000045776367,"rate_of_return":0.0}
{"window":{"start":"2022-05-07T23:46:00.000Z","end":"2022-05-07T23:47:00.000Z"},"country":"United Kingdom","OPM":7,"Total_sales_vol":719.0100223720074,"rate_of_return":0.20588235294117646}
{"window":{"start":"2022-05-06T03:52:00.000Z","end":"2022-05-06T03:53:00.000Z"},"country":"Italy","OPM":1,"Total_sales_vol":8.899999976158142,"rate_of_return":0.0}
{"window":{"start":"2022-05-10T05:11:00.000Z","end":"2022-05-10T05:12:00.000Z"},"country":"United Kingdom","OPM":9,"Total_sales_vol":1080.4500126838684,"rate_of_return":0.0}
{"window":{"start":"2022-05-09T22:33:00.000Z","end":"2022-05-09T22:34:00.000Z"},"country":"EIRE","OPM":1,"Total_sales_vol":18.15000081062317,"rate_of_return":0.0}
{"window":{"start":"2022-05-07T08:32:00.000Z","end":"2022-05-07T08:33:00.000Z"},"country":"United Kingdom","OPM":11,"Total_sales_vol":1175.8800086081028,"rate_of_return":0.043478260869565216}
{"window":{"start":"2022-05-10T03:36:00.000Z","end":"2022-05-10T03:37:00.000Z"},"country":"France","OPM":2,"Total_sales_vol":425.5900185108185,"rate_of_return":0.0}
{"window":{"start":"2022-05-09T17:13:00.000Z","end":"2022-05-09T17:14:00.000Z"},"country":"United Kingdom","OPM":10,"Total_sales_vol":288.57999366521835,"rate_of_return":0.0}
{"window":{"start":"2022-05-05T17:52:00.000Z","end":"2022-05-05T17:53:00.000Z"},"country":"United Kingdom","OPM":8,"Total_sales_vol":413.74999618530273,"rate_of_return":0.0}
{"window":{"start":"2022-05-06T18:13:00.000Z","end":"2022-05-06T18:14:00.000Z"},"country":"United Kingdom","OPM":14,"Total_sales_vol":1197.909979045391,"rate_of_return":0.25}
{"window":{"start":"2022-05-10T11:40:00.000Z","end":"2022-05-10T11:41:00.000Z"},"country":"United Kingdom","OPM":8,"Total_sales_vol":735.1600069105625,"rate_of_return":0.0}
{"window":{"start":"2022-05-09T23:48:00.000Z","end":"2022-05-09T23:49:00.000Z"},"country":"EIRE","OPM":1,"Total_sales_vol":2.3399999141693115,"rate_of_return":0.0}
{"window":{"start":"2022-05-05T21:38:00.000Z","end":"2022-05-05T21:39:00.000Z"},"country":"United Kingdom","OPM":6,"Total_sales_vol":289.2699990272522,"rate_of_return":0.15}
{"window":{"start":"2022-05-10T11:03:00.000Z","end":"2022-05-10T11:04:00.000Z"},"country":"United Kingdom","OPM":4,"Total_sales_vol":117.21000009775162,"rate_of_return":0.0}
{"window":{"start":"2022-05-09T15:57:00.000Z","end":"2022-05-09T15:58:00.000Z"},"country":"United Kingdom","OPM":11,"Total_sales_vol":878.149990439415,"rate_of_return":0.0}
{"window":{"start":"2022-05-10T13:24:00.000Z","end":"2022-05-10T13:25:00.000Z"},"country":"United Kingdom","OPM":10,"Total_sales_vol":450.0299985408783,"rate_of_return":0.0}
{"window":{"start":"2022-05-06T16:27:00.000Z","end":"2022-05-06T16:28:00.000Z"},"country":"United Kingdom","OPM":6,"Total_sales_vol":439.5199961066246,"rate_of_return":0.0}
{"window":{"start":"2022-05-08T15:20:00.000Z","end":"2022-05-08T15:21:00.000Z"},"country":"United Kingdom","OPM":8,"Total_sales_vol":327.4899994134903,"rate_of_return":0.1}
{"window":{"start":"2022-05-10T09:25:00.000Z","end":"2022-05-10T09:26:00.000Z"},"country":"France","OPM":1,"Total_sales_vol":55.689998745918274,"rate_of_return":0.0}
{"window":{"start":"2022-05-09T05:04:00.000Z","end":"2022-05-09T05:05:00.000Z"},"country":"United Kingdom","OPM":10,"Total_sales_vol":363.19999530911446,"rate_of_return":0.0}
{"window":{"start":"2022-05-08T12:17:00.000Z","end":"2022-05-08T12:18:00.000Z"},"country":"EIRE","OPM":1,"Total_sales_vol":80.97999954223633,"rate_of_return":0.0}
{"window":{"start":"2022-05-07T09:08:00.000Z","end":"2022-05-07T09:09:00.000Z"},"country":"United Kingdom","OPM":11,"Total_sales_vol":556.5399724543095,"rate_of_return":0.09375}
{"window":{"start":"2022-05-07T14:39:00.000Z","end":"2022-05-07T14:40:00.000Z"},"country":"United Kingdom","OPM":7,"Total_sales_vol":475.4399963617325,"rate_of_return":0.0}
{"window":{"start":"2022-05-07T01:53:00.000Z","end":"2022-05-07T01:54:00.000Z"},"country":"Hong Kong","OPM":1,"Total_sales_vol":42.059998512268066,"rate_of_return":0.0}
{"window":{"start":"2022-05-09T11:20:00.000Z","end":"2022-05-09T11:21:00.000Z"},"country":"United Kingdom","OPM":11,"Total_sales_vol":767.1099891066551,"rate_of_return":0.0}
{"window":{"start":"2022-05-09T16:29:00.000Z","end":"2022-05-09T16:30:00.000Z"},"country":"Germany","OPM":1,"Total_sales_vol":10.590000748634338,"rate_of_return":0.0}
{"window":{"start":"2022-05-07T14:36:00.000Z","end":"2022-05-07T14:37:00.000Z"},"country":"Belgium","OPM":1,"Total_sales_vol":67.55000078678131,"rate_of_return":0.0}
{"window":{"start":"2022-05-07T14:29:00.000Z","end":"2022-05-07T14:30:00.000Z"},"country":"United Kingdom","OPM":13,"Total_sales_vol":985.8999928832054,"rate_of_return":0.1}
{"window":{"start":"2022-05-07T23:58:00.000Z","end":"2022-05-07T23:59:00.000Z"},"country":"United Kingdom","OPM":12,"Total_sales_vol":587.9999997317791,"rate_of_return":0.0}
{"window":{"start":"2022-05-08T19:42:00.000Z","end":"2022-05-08T19:43:00.000Z"},"country":"United Kingdom","OPM":4,"Total_sales_vol":620.0200041532516,"rate_of_return":0.0}
{"window":{"start":"2022-05-06T05:35:00.000Z","end":"2022-05-06T05:36:00.000Z"},"country":"Germany","OPM":1,"Total_sales_vol":3.9000000953674316,"rate_of_return":0.0}
{"window":{"start":"2022-05-07T17:54:00.000Z","end":"2022-05-07T17:55:00.000Z"},"country":"Spain","OPM":1,"Total_sales_vol":16.25,"rate_of_return":0.0}
{"window":{"start":"2022-05-08T05:00:00.000Z","end":"2022-05-08T05:01:00.000Z"},"country":"United Kingdom","OPM":8,"Total_sales_vol":373.3399991989136,"rate_of_return":0.0}
{"window":{"start":"2022-05-05T20:20:00.000Z","end":"2022-05-05T20:21:00.000Z"},"country":"United Kingdom","OPM":13,"Total_sales_vol":877.8899880051613,"rate_of_return":0.0}
{"window":{"start":"2022-05-08T19:56:00.000Z","end":"2022-05-08T19:57:00.000Z"},"country":"United Kingdom","OPM":6,"Total_sales_vol":675.009991645813,"rate_of_return":0.0}
{"window":{"start":"2022-05-08T00:34:00.000Z","end":"2022-05-08T00:35:00.000Z"},"country":"France","OPM":1,"Total_sales_vol":59.420000076293945,"rate_of_return":0.0}
{"window":{"start":"2022-05-06T00:36:00.000Z","end":"2022-05-06T00:37:00.000Z"},"country":"Belgium","OPM":1,"Total_sales_vol":79.71999740600586,"rate_of_return":0.0}
{"window":{"start":"2022-05-09T03:15:00.000Z","end":"2022-05-09T03:16:00.000Z"},"country":"United Kingdom","OPM":9,"Total_sales_vol":260.169999063015,"rate_of_return":0.06666666666666667}
{"window":{"start":"2022-05-10T04:27:00.000Z","end":"2022-05-10T04:28:00.000Z"},"country":"United Kingdom","OPM":6,"Total_sales_vol":365.1400059759617,"rate_of_return":0.0}
{"window":{"start":"2022-05-06T13:31:00.000Z","end":"2022-05-06T13:32:00.000Z"},"country":"Spain","OPM":1,"Total_sales_vol":73.86000320315361,"rate_of_return":0.0}
{"window":{"start":"2022-05-06T04:28:00.000Z","end":"2022-05-06T04:29:00.000Z"},"country":"Netherlands","OPM":1,"Total_sales_vol":45.329999923706055,"rate_of_return":0.0}
{"window":{"start":"2022-05-07T09:55:00.000Z","end":"2022-05-07T09:56:00.000Z"},"country":"United Kingdom","OPM":4,"Total_sales_vol":-53.0900022983551,"rate_of_return":0.3888888888888889}
{"window":{"start":"2022-05-10T09:05:00.000Z","end":"2022-05-10T09:06:00.000Z"},"country":"Belgium","OPM":1,"Total_sales_vol":13.899999618530273,"rate_of_return":0.0}
{"window":{"start":"2022-05-08T19:46:00.000Z","end":"2022-05-08T19:47:00.000Z"},"country":"Australia","OPM":1,"Total_sales_vol":115.11999887228012,"rate_of_return":0.0}
{"window":{"start":"2022-05-06T06:05:00.000Z","end":"2022-05-06T06:06:00.000Z"},"country":"EIRE","OPM":1,"Total_sales_vol":4.949999809265137,"rate_of_return":0.0}
{"window":{"start":"2022-05-10T02:10:00.000Z","end":"2022-05-10T02:11:00.000Z"},"country":"France","OPM":1,"Total_sales_vol":397.3200109601021,"rate_of_return":0.0}
{"window":{"start":"2022-05-06T18:26:00.000Z","end":"2022-05-06T18:27:00.000Z"},"country":"Channel Islands","OPM":1,"Total_sales_vol":75.0,"rate_of_return":0.0}
{"window":{"start":"2022-05-06T06:58:00.000Z","end":"2022-05-06T06:59:00.000Z"},"country":"United Kingdom","OPM":8,"Total_sales_vol":319.1300104558468,"rate_of_return":0.2564102564102564}
{"window":{"start":"2022-05-09T14:42:00.000Z","end":"2022-05-09T14:43:00.000Z"},"country":"United Kingdom","OPM":9,"Total_sales_vol":235.51000249385834,"rate_of_return":0.0}
{"window":{"start":"2022-05-08T09:35:00.000Z","end":"2022-05-08T09:36:00.000Z"},"country":"United Kingdom","OPM":10,"Total_sales_vol":747.1400156617165,"rate_of_return":0.0}
{"window":{"start":"2022-05-09T14:22:00.000Z","end":"2022-05-09T14:23:00.000Z"},"country":"United Kingdom","OPM":15,"Total_sales_vol":1329.079973757267,"rate_of_return":0.19607843137254902}
{"window":{"start":"2022-05-10T08:30:00.000Z","end":"2022-05-10T08:31:00.000Z"},"country":"France","OPM":1,"Total_sales_vol":38.2799996137619,"rate_of_return":0.0}
{"window":{"start":"2022-05-09T17:41:00.000Z","end":"2022-05-09T17:42:00.000Z"},"country":"Germany","OPM":1,"Total_sales_vol":13.65000057220459,"rate_of_return":0.0}
{"window":{"start":"2022-05-06T00:06:00.000Z","end":"2022-05-06T00:07:00.000Z"},"country":"United Kingdom","OPM":4,"Total_sales_vol":235.37000370025635,"rate_of_return":0.0}
{"window":{"start":"2022-05-06T16:09:00.000Z","end":"2022-05-06T16:10:00.000Z"},"country":"France","OPM":1,"Total_sales_vol":17.3499995470047,"rate_of_return":0.0}
{"window":{"start":"2022-05-08T16:24:00.000Z","end":"2022-05-08T16:25:00.000Z"},"country":"United Kingdom","OPM":13,"Total_sales_vol":470.92001393437386,"rate_of_return":0.038461538461538464}
