{"window":{"start":"2022-05-08T10:41:00.000Z","end":"2022-05-08T10:42:00.000Z"},"country":"EIRE","OPM":2,"Total_sales_vol":145.6799955368042,"rate_of_return":0.0}
{"window":{"start":"2022-05-07T00:36:00.000Z","end":"2022-05-07T00:37:00.000Z"},"country":"United Kingdom","OPM":4,"Total_sales_vol":198.65999817848206,"rate_of_return":0.0}
{"window":{"start":"2022-05-10T13:27:00.000Z","end":"2022-05-10T13:28:00.000Z"},"country":"Spain","OPM":1,"Total_sales_vol":726.639988899231,"rate_of_return":0.0}
{"window":{"start":"2022-05-08T01:05:00.000Z","end":"2022-05-08T01:06:00.000Z"},"country":"Australia","OPM":1,"Total_sales_vol":34.60000038146973,"rate_of_return":0.0}
{"window":{"start":"2022-05-08T03:44:00.000Z","end":"2022-05-08T03:45:00.000Z"},"country":"Australia","OPM":1,"Total_sales_vol":-103.57999837398529,"rate_of_return":1.0}
{"window":{"start":"2022-05-05T23:33:00.000Z","end":"2022-05-05T23:34:00.000Z"},"country":"United Kingdom","OPM":7,"Total_sales_vol":362.36999371647835,"rate_of_return":0.0}
{"window":{"start":"2022-05-10T10:16:00.000Z","end":"2022-05-10T10:17:00.000Z"},"country":"European Community","OPM":1,"Total_sales_vol":4.25,"rate_of_return":0.0}
{"window":{"start":"2022-05-10T04:31:00.000Z","end":"2022-05-10T04:32:00.000Z"},"country":"United Kingdom","OPM":9,"Total_sales_vol":333.8899984359741,"rate_of_return":0.0}
{"window":{"start":"2022-05-07T08:34:00.000Z","end":"2022-05-07T08:35:00.000Z"},"country":"Italy","OPM":1,"Total_sales_vol":46.60999870300293,"rate_of_return":0.0}
{"window":{"start":"2022-05-06T17:38:00.000Z","end":"2022-05-06T17:39:00.000Z"},"country":"United Kingdom","OPM":5,"Total_sales_vol":539.879996240139,"rate_of_return":0.0}
{"window":{"start":"2022-05-08T23:52:00.000Z","end":"2022-05-08T23:53:00.000Z"},"country":"United Kingdom","OPM":10,"Total_sales_vol":649.0899974107742,"rate_of_return":0.0}
{"window":{"start":"2022-05-05T22:47:00.000Z","end":"2022-05-05T22:48:00.000Z"},"country":"United Kingdom","OPM":9,"Total_sales_vol":631.609980225563,"rate_of_return":0.0}
{"window":{"start":"2022-05-05T18:53:00.000Z","end":"2022-05-05T18:54:00.000Z"},"country":"United Kingdom","OPM":14,"Total_sales_vol":1048.2399864792824,"rate_of_return":0.02040816326530612}
{"window":{"start":"2022-05-07T11:00:00.000Z","end":"2022-05-07T11:01:00.000Z"},"country":"USA","OPM":1,"Total_sales_vol":12.150000095367432,"rate_of_return":0.0}
{"window":{"start":"2022-05-10T12:27:00.000Z","end":"2022-05-10T12:28:00.000Z"},"country":"United Kingdom","OPM":5,"Total_sales_vol":32.199999272823334,"rate_of_return":0.5789473684210527}
{"window":{"start":"2022-05-07T16:26:00.000Z","end":"2022-05-07T16:27:00.000Z"},"country":"United Kingdom","OPM":10,"Total_sales_vol":596.6800020933151,"rate_of_return":0.0}
{"window":{"start":"2022-05-08T03:04:00.000Z","end":"2022-05-08T03:05:00.000Z"},"country":"United Kingdom","OPM":12,"Total_sales_vol":987.7499986588955,"rate_of_return":0.09302325581395349}
{"window":{"start":"2022-05-05T16:27:00.000Z","end":"2022-05-05T16:28:00.000Z"},"country":"Belgium","OPM":2,"Total_sales_vol":54.3199987411499,"rate_of_return":0.0}
{"window":{"start":"2022-05-09T00:28:00.000Z","end":"2022-05-09T00:29:00.000Z"},"country":"United Kingdom","OPM":7,"Total_sales_vol":-279.54001355171204,"rate_of_return":0.16666666666666666}
{"window":{"start":"2022-05-07T16:39:00.000Z","end":"2022-05-07T16:40:00.000Z"},"country":"France","OPM":1,"Total_sales_vol":120.55999779701233,"rate_of_return":0.0}
{"window":{"start":"2022-05-08T12:30:00.000Z","end":"2022-05-08T12:31:00.000Z"},"country":"France","OPM":1,"Total_sales_vol":134.5500030517578,"rate_of_return":0.0}
{"window":{"start":"2022-05-06T18:21:00.000Z","end":"2022-05-06T18:22:00.000Z"},"country":"United Kingdom","OPM":7,"Total_sales_vol":594.5099910497665,"rate_of_return":0.15384615384615385}
{"window":{"start":"2022-05-08T21:36:00.000Z","end":"2022-05-08T21:37:00.000Z"},"country":"France","OPM":2,"Total_sales_vol":127.72999858856201,"rate_of_return":0.0}
{"window":{"start":"2022-05-07T08:32:00.000Z","end":"2022-05-07T08:33:00.000Z"},"country":"Belgium","OPM":1,"Total_sales_vol":183.48999321460724,"rate_of_return":0.0}
{"window":{"start":"2022-05-07T13:33:00.000Z","end":"2022-05-07T13:34:00.000Z"},"country":"Netherlands","OPM":1,"Total_sales_vol":17.400001525878906,"rate_of_return":0.0}
{"window":{"start":"2022-05-07T23:44:00.000Z","end":"2022-05-07T23:45:00.000Z"},"country":"Netherlands","OPM":1,"Total_sales_vol":25.590000212192535,"rate_of_return":0.0}
{"window":{"start":"2022-05-07T14:59:00.000Z","end":"2022-05-07T15:00:00.000Z"},"country":"United Kingdom","OPM":5,"Total_sales_vol":190.2400059401989,"rate_of_return":0.2857142857142857}
{"window":{"start":"2022-05-08T17:42:00.000Z","end":"2022-05-08T17:43:00.000Z"},"country":"United Kingdom","OPM":13,"Total_sales_vol":393.18999952077866,"rate_of_return":0.0625}
{"window":{"start":"2022-05-08T13:13:00.000Z","end":"2022-05-08T13:14:00.000Z"},"country":"Sweden","OPM":1,"Total_sales_vol":15.0,"rate_of_return":0.0}
{"window":{"start":"2022-05-10T11:30:00.000Z","end":"2022-05-10T11:31:00.000Z"},"country":"United Kingdom","OPM":12,"Total_sales_vol":711.8999889492989,"rate_of_return":0.0}
{"window":{"start":"2022-05-09T19:02:00.000Z","end":"2022-05-09T19:03:00.000Z"},"country":"United Kingdom","OPM":11,"Total_sales_vol":1053.8700335919857,"rate_of_return":0.17857142857142858}
{"window":{"start":"2022-05-07T03:57:00.000Z","end":"2022-05-07T03:58:00.000Z"},"country":"United Kingdom","OPM":9,"Total_sales_vol":56.88999730348587,"rate_of_return":0.15384615384615385}
{"window":{"start":"2022-05-09T01:46:00.000Z","end":"2022-05-09T01:47:00.000Z"},"country":"United Kingdom","OPM":8,"Total_sales_vol":562.5699982643127,"rate_of_return":0.0}
{"window":{"start":"2022-05-08T07:07:00.000Z","end":"2022-05-08T07:08:00.000Z"},"country":"United Kingdom","OPM":7,"Total_sales_vol":557.9900077581406,"rate_of_return":0.18}
{"window":{"start":"2022-05-06T16:24:00.000Z","end":"2022-05-06T16:25:00.000Z"},"country":"United Kingdom","OPM":11,"Total_sales_vol":1419.5699915289879,"rate_of_return":0.13157894736842105}
{"window":{"start":"2022-05-06T13:07:00.000Z","end":"2022-05-06T13:08:00.000Z"},"country":"United Kingdom","OPM":5,"Total_sales_vol":188.6399999409914,"rate_of_return":0.0}
{"window":{"start":"2022-05-09T17:22:00.000Z","end":"2022-05-09T17:23:00.000Z"},"country":"EIRE","OPM":1,"Total_sales_vol":31.08000111579895,"rate_of_return":0.0}
{"window":{"start":"2022-05-08T12:21:00.000Z","end":"2022-05-08T12:22:00.000Z"},"country":"United Kingdom","OPM":7,"Total_sales_vol":278.9099989235401,"rate_of_return":0.4782608695652174}
{"window":{"start":"2022-05-09T22:10:00.000Z","end":"2022-05-09T22:11:00.000Z"},"country":"United Kingdom","OPM":15,"Total_sales_vol":603.9400022625923,"rate_of_return":0.0}
{"window":{"start":"2022-05-09T15:33:00.000Z","end":"2022-05-09T15:34:00.000Z"},"country":"Denmark","OPM":1,"Total_sales_vol":41.249998450279236,"rate_of_return":0.0}
{"window":{"start":"2022-05-07T18:00:00.000Z","end":"2022-05-07T18:01:00.000Z"},"country":"United Kingdom","OPM":14,"Total_sales_vol":942.3499900102615,"rate_of_return":0.1836734693877551}
{"window":{"start":"2022-05-09T12:10:00.000Z","end":"2022-05-09T12:11:00.000Z"},"country":"United Kingdom","OPM":9,"Total_sales_vol":444.5799975991249,"rate_of_return":0.0}
{"window":{"start":"2022-05-09T13:13:00.000Z","end":"2022-05-09T13:14:00.000Z"},"country":"United Kingdom","OPM":7,"Total_sales_vol":401.1399953663349,"rate_of_return":0.0967741935483871}
{"window":{"start":"2022-05-10T01:30:00.000Z","end":"2022-05-10T01:31:00.000Z"},"country":"United Kingdom","OPM":18,"Total_sales_vol":2912.0499965548515,"rate_of_return":0.0}
{"window":{"start":"2022-05-08T11:44:00.000Z","end":"2022-05-08T11:45:00.000Z"},"country":"Germany","OPM":1,"Total_sales_vol":29.760000228881836,"rate_of_return":0.0}
{"window":{"start":"2022-05-09T18:57:00.000Z","end":"2022-05-09T18:58:00.000Z"},"country":"United Kingdom","OPM":14,"Total_sales_vol":392.93000733852386,"rate_of_return":0.047619047619047616}
{"window":{"start":"2022-05-06T14:39:00.000Z","end":"2022-05-06T14:40:00.000Z"},"country":"France","OPM":1,"Total_sales_vol":21.69000005722046,"rate_of_return":0.0}
{"window":{"start":"2022-05-06T15:45:00.000Z","end":"2022-05-06T15:46:00.000Z"},"country":"United Kingdom","OPM":9,"Total_sales_vol":491.9099995493889,"rate_of_return":0.0}
{"window":{"start":"2022-05-10T12:23:00.000Z","end":"2022-05-10T12:24:00.000Z"},"country":"United Kingdom","OPM":10,"Total_sales_vol":783.3399936556816,"rate_of_return":0.0}
{"window":{"start":"2022-05-08T19:17:00.000Z","end":"2022-05-08T19:18:00.000Z"},"country":"Italy","OPM":1,"Total_sales_vol":41.750001430511475,"rate_of_return":0.0}
{"window":{"start":"2022-05-08T18:01:00.000Z","end":"2022-05-08T18:02:00.000Z"},"country":"EIRE","OPM":1,"Total_sales_vol":41.75999927520752,"rate_of_return":0.0}
{"window":{"start":"2022-05-08T14:47:00.000Z","end":"2022-05-08T14:48:00.000Z"},"country":"United Kingdom","OPM":9,"Total_sales_vol":454.2499978542328,"rate_of_return":0.037037037037037035}
{"window":{"start":"2022-05-07T20:55:00.000Z","end":"2022-05-07T20:56:00.000Z"},"country":"Sweden","OPM":1,"Total_sales_vol":28.639999210834503,"rate_of_return":0.0}
{"window":{"start":"2022-05-06T13:04:00.000Z","end":"2022-05-06T13:05:00.000Z"},"country":"Germany","OPM":1,"Total_sales_vol":169.75999653339386,"rate_of_return":0.0}
{"window":{"start":"2022-05-06T18:25:00.000Z","end":"2022-05-06T18:26:00.000Z"},"country":"France","OPM":2,"Total_sales_vol":24.410001397132874,"rate_of_return":0.0}
{"window":{"start":"2022-05-08T20:50:00.000Z","end":"2022-05-08T20:51:00.000Z"},"country":"France","OPM":2,"Total_sales_vol":271.59999990463257,"rate_of_return":0.0}
{"window":{"start":"2022-05-05T23:47:00.000Z","end":"2022-05-05T23:48:00.000Z"},"country":"United Kingdom","OPM":8,"Total_sales_vol":699.8500011563301,"rate_of_return":0.0}
{"window":{"start":"2022-05-06T02:46:00.000Z","end":"2022-05-06T02:47:00.000Z"},"country":"Netherlands","OPM":1,"Total_sales_vol":9.300000309944153,"rate_of_return":0.0}
{"window":{"start":"2022-05-08T01:27:00.000Z","end":"2022-05-08T01:28:00.000Z"},"country":"United Kingdom","OPM":12,"Total_sales_vol":1820.1899428963661,"rate_of_return":0.0}
{"window":{"start":"2022-05-09T02:06:00.000Z","end":"2022-05-09T02:07:00.000Z"},"country":"United Kingdom","OPM":11,"Total_sales_vol":676.6699851155281,"rate_of_return":0.0}
{"window":{"start":"2022-05-08T03:48:00.000Z","end":"2022-05-08T03:49:00.000Z"},"country":"United Kingdom","OPM":10,"Total_sales_vol":282.61999785900116,"rate_of_return":0.043478260869565216}
{"window":{"start":"2022-05-09T21:47:00.000Z","end":"2022-05-09T21:48:00.000Z"},"country":"United Kingdom","OPM":6,"Total_sales_vol":592.6599943637848,"rate_of_return":0.0}
{"window":{"start":"2022-05-09T10:41:00.000Z","end":"2022-05-09T10:42:00.000Z"},"country":"France","OPM":1,"Total_sales_vol":13.670000076293945,"rate_of_return":0.0}
{"window":{"start":"2022-05-06T19:24:00.000Z","end":"2022-05-06T19:25:00.000Z"},"country":"United Kingdom","OPM":12,"Total_sales_vol":554.7999974489212,"rate_of_return":0.0}
{"window":{"start":"2022-05-06T10:27:00.000Z","end":"2022-05-06T10:28:00.000Z"},"country":"United Kingdom","OPM":14,"Total_sales_vol":925.8999931514263,"rate_of_return":0.0}
