{"window":{"start":"2022-05-09T04:34:00.000Z","end":"2022-05-09T04:35:00.000Z"},"country":"United Kingdom","OPM":13,"Total_sales_vol":1127.500003874302,"rate_of_return":0.0}
{"window":{"start":"2022-05-10T04:50:00.000Z","end":"2022-05-10T04:51:00.000Z"},"country":"United Kingdom","OPM":11,"Total_sales_vol":382.62999734282494,"rate_of_return":0.08695652173913043}
{"window":{"start":"2022-05-06T04:23:00.000Z","end":"2022-05-06T04:24:00.000Z"},"country":"Germany","OPM":1,"Total_sales_vol":50.000003814697266,"rate_of_return":0.0}
{"window":{"start":"2022-05-07T21:10:00.000Z","end":"2022-05-07T21:11:00.000Z"},"country":"United Kingdom","OPM":14,"Total_sales_vol":1080.5499893426895,"rate_of_return":0.15384615384615385}
{"window":{"start":"2022-05-09T04:31:00.000Z","end":"2022-05-09T04:32:00.000Z"},"country":"Belgium","OPM":1,"Total_sales_vol":36.75999927520752,"rate_of_return":0.0}
{"window":{"start":"2022-05-06T17:55:00.000Z","end":"2022-05-06T17:56:00.000Z"},"country":"Switzerland","OPM":1,"Total_sales_vol":442.2999871969223,"rate_of_return":0.0}
{"window":{"start":"2022-05-09T06:50:00.000Z","end":"2022-05-09T06:51:00.000Z"},"country":"United Kingdom","OPM":4,"Total_sales_vol":358.7000110447407,"rate_of_return":0.0}
{"window":{"start":"2022-05-08T09:21:00.000Z","end":"2022-05-08T09:22:00.000Z"},"country":"Cyprus","OPM":1,"Total_sales_vol":129.0700005888939,"rate_of_return":0.0}
{"window":{"start":"2022-05-08T02:13:00.000Z","end":"2022-05-08T02:14:00.000Z"},"country":"United Kingdom","OPM":12,"Total_sales_vol":858.73000459373,"rate_of_return":0.0}
{"window":{"start":"2022-05-06T12:40:00.000Z","end":"2022-05-06T12:41:00.000Z"},"country":"Hong Kong","OPM":1,"Total_sales_vol":47.439998626708984,"rate_of_return":0.0}
{"window":{"start":"2022-05-07T15:35:00.000Z","end":"2022-05-07T15:36:00.000Z"},"country":"United Kingdom","OPM":10,"Total_sales_vol":699.069966852665,"rate_of_return":0.0}
{"window":{"start":"2022-05-09T14:14:00.000Z","end":"2022-05-09T14:15:00.000Z"},"country":"EIRE","OPM":1,"Total_sales_vol":97.60000228881836,"rate_of_return":0.0}
{"window":{"start":"2022-05-08T18:26:00.000Z","end":"2022-05-08T18:27:00.000Z"},"country":"United Kingdom","OPM":11,"Total_sales_vol":1017.2200127840042,"rate_of_return":0.0}
{"window":{"start":"2022-05-08T10:21:00.000Z","end":"2022-05-08T10:22:00.000Z"},"country":"United Kingdom","OPM":10,"Total_sales_vol":293.0399959385395,"rate_of_return":0.0}
{"window":{"start":"2022-05-08T20:46:00.000Z","end":"2022-05-08T20:47:00.000Z"},"country":"Australia","OPM":1,"Total_sales_vol":30.749999046325684,"rate_of_return":0.0}
{"window":{"start":"2022-05-09T03:48:00.000Z","end":"2022-05-09T03:49:00.000Z"},"country":"United Kingdom","OPM":12,"Total_sales_vol":608.9199966788292,"rate_of_return":0.0}
{"window":{"start":"2022-05-07T12:26:00.000Z","end":"2022-05-07T12:27:00.000Z"},"country":"Germany","OPM":1,"Total_sales_vol":50.860002636909485,"rate_of_return":0.0}
{"window":{"start":"2022-05-10T02:44:00.000Z","end":"2022-05-10T02:45:00.000Z"},"country":"United Kingdom","OPM":3,"Total_sales_vol":80.33999919891357,"rate_of_return":0.0}
{"window":{"start":"2022-05-06T01:09:00.000Z","end":"2022-05-06T01:10:00.000Z"},"country":"United Kingdom","OPM":11,"Total_sales_vol":570.6200026869774,"rate_of_return":0.02857142857142857}
{"window":{"start":"2022-05-08T16:30:00.000Z","end":"2022-05-08T16:31:00.000Z"},"country":"Norway","OPM":1,"Total_sales_vol":22.949999809265137,"rate_of_return":0.0}
{"window":{"start":"2022-05-09T11:13:00.000Z","end":"2022-05-09T11:14:00.000Z"},"country":"United Kingdom","OPM":4,"Total_sales_vol":752.6799986362457,"rate_of_return":0.0}
{"window":{"start":"2022-05-08T19:52:00.000Z","end":"2022-05-08T19:53:00.000Z"},"country":"EIRE","OPM":1,"Total_sales_vol":18.90999972820282,"rate_of_return":0.0}
{"window":{"start":"2022-05-09T06:01:00.000Z","end":"2022-05-09T06:02:00.000Z"},"country":"United Kingdom","OPM":7,"Total_sales_vol":468.7100031673908,"rate_of_return":0.0}
{"window":{"start":"2022-05-08T11:02:00.000Z","end":"2022-05-08T11:03:00.000Z"},"country":"United Kingdom","OPM":7,"Total_sales_vol":306.5299961566925,"rate_of_return":0.0}
{"window":{"start":"2022-05-08T08:20:00.000Z","end":"2022-05-08T08:21:00.000Z"},"country":"Belgium","OPM":1,"Total_sales_vol":108.50000029802322,"rate_of_return":0.0}
{"window":{"start":"2022-05-05T17:04:00.000Z","end":"2022-05-05T17:05:00.000Z"},"country":"United Kingdom","OPM":11,"Total_sales_vol":1005.5500131845474,"rate_of_return":0.0}
{"window":{"start":"2022-05-07T20:52:00.000Z","end":"2022-05-07T20:53:00.000Z"},"country":"United Kingdom","OPM":9,"Total_sales_vol":236.69999903440475,"rate_of_return":0.0}
{"window":{"start":"2022-05-05T16:25:00.000Z","end":"2022-05-05T16:26:00.000Z"},"country":"United Kingdom","OPM":9,"Total_sales_vol":767.790007352829,"rate_of_return":0.0}
{"window":{"start":"2022-05-09T08:50:00.000Z","end":"2022-05-09T08:51:00.000Z"},"country":"United Kingdom","OPM":11,"Total_sales_vol":515.849992454052,"rate_of_return":0.0}
{"window":{"start":"2022-05-10T08:47:00.000Z","end":"2022-05-10T08:48:00.000Z"},"country":"EIRE","OPM":1,"Total_sales_vol":74.89000099897385,"rate_of_return":0.0}
{"window":{"start":"2022-05-09T01:55:00.000Z","end":"2022-05-09T01:56:00.000Z"},"country":"Germany","OPM":1,"Total_sales_vol":91.83999973535538,"rate_of_return":0.0}
{"window":{"start":"2022-05-09T16:59:00.000Z","end":"2022-05-09T17:00:00.000Z"},"country":"Switzerland","OPM":1,"Total_sales_vol":10.199999570846558,"rate_of_return":0.0}
{"window":{"start":"2022-05-06T23:18:00.000Z","end":"2022-05-06T23:19:00.000Z"},"country":"United Kingdom","OPM":12,"Total_sales_vol":671.0999996364117,"rate_of_return":0.0}
{"window":{"start":"2022-05-09T16:08:00.000Z","end":"2022-05-09T16:09:00.000Z"},"country":"Denmark","OPM":1,"Total_sales_vol":61.64999866485596,"rate_of_return":0.0}
{"window":{"start":"2022-05-07T08:50:00.000Z","end":"2022-05-07T08:51:00.000Z"},"country":"Germany","OPM":1,"Total_sales_vol":31.630000114440918,"rate_of_return":0.0}
{"window":{"start":"2022-05-09T06:32:00.000Z","end":"2022-05-09T06:33:00.000Z"},"country":"United Kingdom","OPM":8,"Total_sales_vol":324.12000596523285,"rate_of_return":0.2222222222222222}
{"window":{"start":"2022-05-10T07:19:00.000Z","end":"2022-05-10T07:20:00.000Z"},"country":"United Kingdom","OPM":12,"Total_sales_vol":1579.60000538826,"rate_of_return":0.0}
{"window":{"start":"2022-05-06T11:22:00.000Z","end":"2022-05-06T11:23:00.000Z"},"country":"Netherlands","OPM":1,"Total_sales_vol":21.020000457763672,"rate_of_return":0.0}
{"window":{"start":"2022-05-08T11:11:00.000Z","end":"2022-05-08T11:12:00.000Z"},"country":"EIRE","OPM":1,"Total_sales_vol":54.66000461578369,"rate_of_return":0.0}
{"window":{"start":"2022-05-09T07:35:00.000Z","end":"2022-05-09T07:36:00.000Z"},"country":"Germany","OPM":1,"Total_sales_vol":18.420000791549683,"rate_of_return":0.0}
{"window":{"start":"2022-05-08T22:29:00.000Z","end":"2022-05-08T22:30:00.000Z"},"country":"United Kingdom","OPM":7,"Total_sales_vol":2129.91999232769,"rate_of_return":0.0}
{"window":{"start":"2022-05-07T12:10:00.000Z","end":"2022-05-07T12:11:00.000Z"},"country":"Italy","OPM":1,"Total_sales_vol":101.67999923229218,"rate_of_return":0.0}
{"window":{"start":"2022-05-10T00:10:00.000Z","end":"2022-05-10T00:11:00.000Z"},"country":"Channel Islands","OPM":1,"Total_sales_vol":4.949999809265137,"rate_of_return":0.0}
{"window":{"start":"2022-05-08T04:45:00.000Z","end":"2022-05-08T04:46:00.000Z"},"country":"United Kingdom","OPM":13,"Total_sales_vol":764.8599818348885,"rate_of_return":0.0967741935483871}
{"window":{"start":"2022-05-09T10:21:00.000Z","end":"2022-05-09T10:22:00.000Z"},"country":"Finland","OPM":1,"Total_sales_vol":-4.940000087022781,"rate_of_return":1.0}
{"window":{"start":"2022-05-10T11:37:00.000Z","end":"2022-05-10T11:38:00.000Z"},"country":"Belgium","OPM":1,"Total_sales_vol":43.27000141143799,"rate_of_return":0.0}
{"window":{"start":"2022-05-09T23:53:00.000Z","end":"2022-05-09T23:54:00.000Z"},"country":"Germany","OPM":1,"Total_sales_vol":1.4500000476837158,"rate_of_return":0.0}
{"window":{"start":"2022-05-10T07:39:00.000Z","end":"2022-05-10T07:40:00.000Z"},"country":"United Kingdom","OPM":18,"Total_sales_vol":1613.4200035631657,"rate_of_return":0.0}
{"window":{"start":"2022-05-08T04:21:00.000Z","end":"2022-05-08T04:22:00.000Z"},"country":"United Kingdom","OPM":7,"Total_sales_vol":196.6200011074543,"rate_of_return":0.22727272727272727}
{"window":{"start":"2022-05-10T00:44:00.000Z","end":"2022-05-10T00:45:00.000Z"},"country":"EIRE","OPM":1,"Total_sales_vol":13.920000076293945,"rate_of_return":0.0}
{"window":{"start":"2022-05-08T10:18:00.000Z","end":"2022-05-08T10:19:00.000Z"},"country":"Germany","OPM":1,"Total_sales_vol":100.60000157356262,"rate_of_return":0.0}
{"window":{"start":"2022-05-05T22:24:00.000Z","end":"2022-05-05T22:25:00.000Z"},"country":"United Kingdom","OPM":6,"Total_sales_vol":377.8399981856346,"rate_of_return":0.0}
{"window":{"start":"2022-05-08T15:02:00.000Z","end":"2022-05-08T15:03:00.000Z"},"country":"EIRE","OPM":1,"Total_sales_vol":72.62000226974487,"rate_of_return":0.0}
{"window":{"start":"2022-05-09T15:52:00.000Z","end":"2022-05-09T15:53:00.000Z"},"country":"United Kingdom","OPM":15,"Total_sales_vol":1647.5500105917454,"rate_of_return":0.0}
{"window":{"start":"2022-05-09T03:26:00.000Z","end":"2022-05-09T03:27:00.000Z"},"country":"United Kingdom","OPM":6,"Total_sales_vol":190.01999425888062,"rate_of_return":0.0}
{"window":{"start":"2022-05-06T02:59:00.000Z","end":"2022-05-06T03:00:00.000Z"},"country":"United Kingdom","OPM":6,"Total_sales_vol":423.6699916422367,"rate_of_return":0.0}
{"window":{"start":"2022-05-10T10:48:00.000Z","end":"2022-05-10T10:49:00.000Z"},"country":"United Kingdom","OPM":13,"Total_sales_vol":899.3399859070778,"rate_of_return":0.0}
{"window":{"start":"2022-05-09T06:28:00.000Z","end":"2022-05-09T06:29:00.000Z"},"country":"France","OPM":1,"Total_sales_vol":64.66999900341034,"rate_of_return":0.0}
{"window":{"start":"2022-05-05T17:08:00.000Z","end":"2022-05-05T17:09:00.000Z"},"country":"Australia","OPM":1,"Total_sales_vol":19.799999237060547,"rate_of_return":0.0}
