{"window":{"start":"2022-05-06T02:39:00.000Z","end":"2022-05-06T02:40:00.000Z"},"country":"United Kingdom","OPM":10,"Total_sales_vol":353.80000126361847,"rate_of_return":0.0625}
{"window":{"start":"2022-05-08T19:53:00.000Z","end":"2022-05-08T19:54:00.000Z"},"country":"United Kingdom","OPM":9,"Total_sales_vol":541.7500033378601,"rate_of_return":0.0}
{"window":{"start":"2022-05-07T14:57:00.000Z","end":"2022-05-07T14:58:00.000Z"},"country":"United Kingdom","OPM":6,"Total_sales_vol":479.2700040638447,"rate_of_return":0.045454545454545456}
{"window":{"start":"2022-05-06T06:45:00.000Z","end":"2022-05-06T06:46:00.000Z"},"country":"Sweden","OPM":1,"Total_sales_vol":43.3100004196167,"rate_of_return":0.0}
{"window":{"start":"2022-05-07T03:02:00.000Z","end":"2022-05-07T03:03:00.000Z"},"country":"Italy","OPM":1,"Total_sales_vol":59.69999694824219,"rate_of_return":0.0}
{"window":{"start":"2022-05-07T18:45:00.000Z","end":"2022-05-07T18:46:00.000Z"},"country":"Germany","OPM":1,"Total_sales_vol":32.0,"rate_of_return":0.0}
{"window":{"start":"2022-05-10T13:02:00.000Z","end":"2022-05-10T13:03:00.000Z"},"country":"Germany","OPM":1,"Total_sales_vol":131.54000067710876,"rate_of_return":0.0}
{"window":{"start":"2022-05-06T07:19:00.000Z","end":"2022-05-06T07:20:00.000Z"},"country":"EIRE","OPM":1,"Total_sales_vol":38.64000082015991,"rate_of_return":0.0}
{"window":{"start":"2022-05-07T21:36:00.000Z","end":"2022-05-07T21:37:00.000Z"},"country":"France","OPM":1,"Total_sales_vol":6.869999915361404,"rate_of_return":0.0}
{"window":{"start":"2022-05-07T10:46:00.000Z","end":"2022-05-07T10:47:00.000Z"},"country":"United Kingdom","OPM":11,"Total_sales_vol":304.0999991297722,"rate_of_return":0.0}
{"window":{"start":"2022-05-06T02:56:00.000Z","end":"2022-05-06T02:57:00.000Z"},"country":"France","OPM":1,"Total_sales_vol":24.46999979019165,"rate_of_return":0.0}
{"window":{"start":"2022-05-09T18:09:00.000Z","end":"2022-05-09T18:10:00.000Z"},"country":"United Kingdom","OPM":12,"Total_sales_vol":782.1599960327148,"rate_of_return":0.05405405405405406}
{"window":{"start":"2022-05-08T12:09:00.000Z","end":"2022-05-08T12:10:00.000Z"},"country":"United Kingdom","OPM":15,"Total_sales_vol":975.9600022137165,"rate_of_return":0.0}
{"window":{"start":"2022-05-08T19:53:00.000Z","end":"2022-05-08T19:54:00.000Z"},"country":"Austria","OPM":1,"Total_sales_vol":17.460000038146973,"rate_of_return":0.0}
{"window":{"start":"2022-05-05T20:21:00.000Z","end":"2022-05-05T20:22:00.000Z"},"country":"United Kingdom","OPM":8,"Total_sales_vol":905.6399955749512,"rate_of_return":0.0}
{"window":{"start":"2022-05-05T19:51:00.000Z","end":"2022-05-05T19:52:00.000Z"},"country":"United Kingdom","OPM":5,"Total_sales_vol":207.98001074790955,"rate_of_return":0.21052631578947367}
{"window":{"start":"2022-05-06T16:30:00.000Z","end":"2022-05-06T16:31:00.000Z"},"country":"France","OPM":1,"Total_sales_vol":89.06000137329102,"rate_of_return":0.0}
{"window":{"start":"2022-05-07T19:53:00.000Z","end":"2022-05-07T19:54:00.000Z"},"country":"France","OPM":1,"Total_sales_vol":-34.80000305175781,"rate_of_return":1.0}
{"window":{"start":"2022-05-07T01:49:00.000Z","end":"2022-05-07T01:50:00.000Z"},"country":"United Kingdom","OPM":14,"Total_sales_vol":1318.6199921667576,"rate_of_return":0.0}
{"window":{"start":"2022-05-08T12:03:00.000Z","end":"2022-05-08T12:04:00.000Z"},"country":"United Kingdom","OPM":13,"Total_sales_vol":1833.310017555952,"rate_of_return":0.0}
{"window":{"start":"2022-05-06T00:39:00.000Z","end":"2022-05-06T00:40:00.000Z"},"country":"United Kingdom","OPM":7,"Total_sales_vol":226.29999667406082,"rate_of_return":0.13043478260869565}
{"window":{"start":"2022-05-08T08:40:00.000Z","end":"2022-05-08T08:41:00.000Z"},"country":"United Kingdom","OPM":8,"Total_sales_vol":1507.229989528656,"rate_of_return":0.0}
{"window":{"start":"2022-05-07T10:10:00.000Z","end":"2022-05-07T10:11:00.000Z"},"country":"United Kingdom","OPM":6,"Total_sales_vol":73.15000092983246,"rate_of_return":0.07692307692307693}
{"window":{"start":"2022-05-08T02:31:00.000Z","end":"2022-05-08T02:32:00.000Z"},"country":"United Kingdom","OPM":9,"Total_sales_vol":750.6000032424927,"rate_of_return":0.0}
{"window":{"start":"2022-05-08T19:55:00.000Z","end":"2022-05-08T19:56:00.000Z"},"country":"EIRE","OPM":1,"Total_sales_vol":328.49998474121094,"rate_of_return":0.0}
{"window":{"start":"2022-05-09T09:47:00.000Z","end":"2022-05-09T09:48:00.000Z"},"country":"United Kingdom","OPM":7,"Total_sales_vol":567.9999935626984,"rate_of_return":0.0}
{"window":{"start":"2022-05-06T16:23:00.000Z","end":"2022-05-06T16:24:00.000Z"},"country":"Switzerland","OPM":1,"Total_sales_vol":23.439999222755432,"rate_of_return":0.0}
{"window":{"start":"2022-05-06T20:35:00.000Z","end":"2022-05-06T20:36:00.000Z"},"country":"United Kingdom","OPM":7,"Total_sales_vol":322.1899910271168,"rate_of_return":0.0}
{"window":{"start":"2022-05-09T00:29:00.000Z","end":"2022-05-09T00:30:00.000Z"},"country":"United Kingdom","OPM":8,"Total_sales_vol":589.5099889039993,"rate_of_return":0.0}
{"window":{"start":"2022-05-08T23:20:00.000Z","end":"2022-05-08T23:21:00.000Z"},"country":"Spain","OPM":1,"Total_sales_vol":-109.63000190258026,"rate_of_return":1.0}
{"window":{"start":"2022-05-06T11:42:00.000Z","end":"2022-05-06T11:43:00.000Z"},"country":"France","OPM":1,"Total_sales_vol":62.10000228881836,"rate_of_return":0.0}
{"window":{"start":"2022-05-06T05:19:00.000Z","end":"2022-05-06T05:20:00.000Z"},"country":"United Kingdom","OPM":15,"Total_sales_vol":1101.0799906849861,"rate_of_return":0.03389830508474576}
{"window":{"start":"2022-05-09T21:45:00.000Z","end":"2022-05-09T21:46:00.000Z"},"country":"United Kingdom","OPM":16,"Total_sales_vol":916.5600046515465,"rate_of_return":0.04878048780487805}
{"window":{"start":"2022-05-08T04:45:00.000Z","end":"2022-05-08T04:46:00.000Z"},"country":"France","OPM":1,"Total_sales_vol":49.770000368356705,"rate_of_return":0.0}
{"window":{"start":"2022-05-08T16:23:00.000Z","end":"2022-05-08T16:24:00.000Z"},"country":"United Kingdom","OPM":4,"Total_sales_vol":439.6099950373173,"rate_of_return":0.0}
{"window":{"start":"2022-05-07T15:41:00.000Z","end":"2022-05-07T15:42:00.000Z"},"country":"Finland","OPM":1,"Total_sales_vol":38.49000149965286,"rate_of_return":0.0}
{"window":{"start":"2022-05-08T04:17:00.000Z","end":"2022-05-08T04:18:00.000Z"},"country":"France","OPM":1,"Total_sales_vol":12.479999542236328,"rate_of_return":0.0}
{"window":{"start":"2022-05-07T19:48:00.000Z","end":"2022-05-07T19:49:00.000Z"},"country":"United Kingdom","OPM":5,"Total_sales_vol":404.2399978041649,"rate_of_return":0.0}
{"window":{"start":"2022-05-09T16:01:00.000Z","end":"2022-05-09T16:02:00.000Z"},"country":"United Kingdom","OPM":15,"Total_sales_vol":1421.3099738061428,"rate_of_return":0.0}
{"window":{"start":"2022-05-05T19:58:00.000Z","end":"2022-05-05T19:59:00.000Z"},"country":"United Kingdom","OPM":9,"Total_sales_vol":811.5200031921268,"rate_of_return":0.0}
{"window":{"start":"2022-05-07T09:28:00.000Z","end":"2022-05-07T09:29:00.000Z"},"country":"Netherlands","OPM":1,"Total_sales_vol":117.69999539852142,"rate_of_return":0.0}
{"window":{"start":"2022-05-06T14:01:00.000Z","end":"2022-05-06T14:02:00.000Z"},"country":"EIRE","OPM":1,"Total_sales_vol":26.9000004529953,"rate_of_return":0.0}
{"window":{"start":"2022-05-08T21:21:00.000Z","end":"2022-05-08T21:22:00.000Z"},"country":"Germany","OPM":1,"Total_sales_vol":79.85000029206276,"rate_of_return":0.0}
{"window":{"start":"2022-05-08T13:23:00.000Z","end":"2022-05-08T13:24:00.000Z"},"country":"United Kingdom","OPM":2,"Total_sales_vol":-1.1400001049041748,"rate_of_return":0.3333333333333333}
{"window":{"start":"2022-05-05T20:50:00.000Z","end":"2022-05-05T20:51:00.000Z"},"country":"United Kingdom","OPM":8,"Total_sales_vol":1178.2400014996529,"rate_of_return":0.0}
{"window":{"start":"2022-05-06T00:56:00.000Z","end":"2022-05-06T00:57:00.000Z"},"country":"EIRE","OPM":1,"Total_sales_vol":71.35999989509583,"rate_of_return":0.0}
{"window":{"start":"2022-05-08T01:27:00.000Z","end":"2022-05-08T01:28:00.000Z"},"country":"Belgium","OPM":1,"Total_sales_vol":0.6499999761581421,"rate_of_return":0.0}
{"window":{"start":"2022-05-08T23:19:00.000Z","end":"2022-05-08T23:20:00.000Z"},"country":"United Kingdom","OPM":11,"Total_sales_vol":536.5899965167046,"rate_of_return":0.10526315789473684}
{"window":{"start":"2022-05-10T07:46:00.000Z","end":"2022-05-10T07:47:00.000Z"},"country":"United Kingdom","OPM":14,"Total_sales_vol":1504.339983791113,"rate_of_return":0.0}
{"window":{"start":"2022-05-06T07:58:00.000Z","end":"2022-05-06T07:59:00.000Z"},"country":"United Kingdom","OPM":8,"Total_sales_vol":344.7800005078316,"rate_of_return":0.0}
{"window":{"start":"2022-05-09T01:56:00.000Z","end":"2022-05-09T01:57:00.000Z"},"country":"United Kingdom","OPM":5,"Total_sales_vol":167.6899961233139,"rate_of_return":0.0}
{"window":{"start":"2022-05-05T20:15:00.000Z","end":"2022-05-05T20:16:00.000Z"},"country":"United Kingdom","OPM":7,"Total_sales_vol":86.83000147342682,"rate_of_return":0.2}
{"window":{"start":"2022-05-06T10:55:00.000Z","end":"2022-05-06T10:56:00.000Z"},"country":"United Kingdom","OPM":13,"Total_sales_vol":782.3299969732761,"rate_of_return":0.13333333333333333}
{"window":{"start":"2022-05-10T00:56:00.000Z","end":"2022-05-10T00:57:00.000Z"},"country":"Belgium","OPM":1,"Total_sales_vol":218.60999965667725,"rate_of_return":0.0}
{"window":{"start":"2022-05-06T12:52:00.000Z","end":"2022-05-06T12:53:00.000Z"},"country":"Sweden","OPM":1,"Total_sales_vol":117.0,"rate_of_return":0.0}
{"window":{"start":"2022-05-09T01:57:00.000Z","end":"2022-05-09T01:58:00.000Z"},"country":"Australia","OPM":1,"Total_sales_vol":31.83000087738037,"rate_of_return":0.0}
{"window":{"start":"2022-05-05T17:01:00.000Z","end":"2022-05-05T17:02:00.000Z"},"country":"Lebanon","OPM":1,"Total_sales_vol":172.69999408721924,"rate_of_return":0.0}
{"window":{"start":"2022-05-10T06:51:00.000Z","end":"2022-05-10T06:52:00.000Z"},"country":"EIRE","OPM":1,"Total_sales_vol":19.679999589920044,"rate_of_return":0.0}
{"window":{"start":"2022-05-06T20:40:00.000Z","end":"2022-05-06T20:41:00.000Z"},"country":"United Kingdom","OPM":11,"Total_sales_vol":104.11999547481537,"rate_of_return":0.4117647058823529}
