{"window":{"start":"2022-05-08T15:16:00.000Z","end":"2022-05-08T15:17:00.000Z"},"country":"United Kingdom","OPM":13,"Total_sales_vol":948.2199989557266,"rate_of_return":0.0425531914893617}
{"window":{"start":"2022-05-09T16:10:00.000Z","end":"2022-05-09T16:11:00.000Z"},"country":"EIRE","OPM":1,"Total_sales_vol":14.75,"rate_of_return":0.0}
{"window":{"start":"2022-05-10T10:46:00.000Z","end":"2022-05-10T10:47:00.000Z"},"country":"United Kingdom","OPM":9,"Total_sales_vol":566.1899959743023,"rate_of_return":0.0}
{"window":{"start":"2022-05-08T16:12:00.000Z","end":"2022-05-08T16:13:00.000Z"},"country":"Portugal","OPM":1,"Total_sales_vol":-18.59999942779541,"rate_of_return":1.0}
{"window":{"start":"2022-05-06T01:00:00.000Z","end":"2022-05-06T01:01:00.000Z"},"country":"United Kingdom","OPM":6,"Total_sales_vol":55.95999985933304,"rate_of_return":0.3333333333333333}
{"window":{"start":"2022-05-08T12:12:00.000Z","end":"2022-05-08T12:13:00.000Z"},"country":"Australia","OPM":1,"Total_sales_vol":5.100000381469727,"rate_of_return":0.0}
{"window":{"start":"2022-05-08T14:57:00.000Z","end":"2022-05-08T14:58:00.000Z"},"country":"EIRE","OPM":1,"Total_sales_vol":115.22000193595886,"rate_of_return":0.0}
{"window":{"start":"2022-05-05T22:12:00.000Z","end":"2022-05-05T22:13:00.000Z"},"country":"United Kingdom","OPM":8,"Total_sales_vol":890.3499878048897,"rate_of_return":0.029411764705882353}
{"window":{"start":"2022-05-07T20:16:00.000Z","end":"2022-05-07T20:17:00.000Z"},"country":"Israel","OPM":1,"Total_sales_vol":174.43999940156937,"rate_of_return":0.0}
{"window":{"start":"2022-05-06T11:43:00.000Z","end":"2022-05-06T11:44:00.000Z"},"country":"United Kingdom","OPM":5,"Total_sales_vol":196.96000003814697,"rate_of_return":0.0}
{"window":{"start":"2022-05-06T11:04:00.000Z","end":"2022-05-06T11:05:00.000Z"},"country":"United Kingdom","OPM":14,"Total_sales_vol":1127.1799974143505,"rate_of_return":0.017241379310344827}
{"window":{"start":"2022-05-07T06:34:00.000Z","end":"2022-05-07T06:35:00.000Z"},"country":"United Kingdom","OPM":11,"Total_sales_vol":466.8799969255924,"rate_of_return":0.07142857142857142}
{"window":{"start":"2022-05-06T12:11:00.000Z","end":"2022-05-06T12:12:00.000Z"},"country":"United Kingdom","OPM":13,"Total_sales_vol":927.8799646794796,"rate_of_return":0.0}
{"window":{"start":"2022-05-09T23:32:00.000Z","end":"2022-05-09T23:33:00.000Z"},"country":"United Kingdom","OPM":9,"Total_sales_vol":331.429999679327,"rate_of_return":0.0}
{"window":{"start":"2022-05-09T18:47:00.000Z","end":"2022-05-09T18:48:00.000Z"},"country":"United Kingdom","OPM":3,"Total_sales_vol":900.9200016260147,"rate_of_return":0.0}
{"window":{"start":"2022-05-07T09:20:00.000Z","end":"2022-05-07T09:21:00.000Z"},"country":"United Kingdom","OPM":8,"Total_sales_vol":207.1500015258789,"rate_of_return":0.0}
{"window":{"start":"2022-05-09T18:41:00.000Z","end":"2022-05-09T18:42:00.000Z"},"country":"United Kingdom","OPM":8,"Total_sales_vol":561.8900056481361,"rate_of_return":0.0}
{"window":{"start":"2022-05-10T07:38:00.000Z","end":"2022-05-10T07:39:00.000Z"},"country":"United Kingdom","OPM":12,"Total_sales_vol":882.9899919331074,"rate_of_return":0.11904761904761904}
{"window":{"start":"2022-05-10T08:47:00.000Z","end":"2022-05-10T08:48:00.000Z"},"country":"United Kingdom","OPM":13,"Total_sales_vol":1209.1999909877777,"rate_of_return":0.10526315789473684}
{"window":{"start":"2022-05-08T08:01:00.000Z","end":"2022-05-08T08:02:00.000Z"},"country":"Netherlands","OPM":1,"Total_sales_vol":160.74000158905983,"rate_of_return":0.0}
{"window":{"start":"2022-05-10T05:01:00.000Z","end":"2022-05-10T05:02:00.000Z"},"country":"United Kingdom","OPM":8,"Total_sales_vol":289.18999660015106,"rate_of_return":0.0}
{"window":{"start":"2022-05-10T00:50:00.000Z","end":"2022-05-10T00:51:00.000Z"},"country":"United Kingdom","OPM":8,"Total_sales_vol":117.29999965429306,"rate_of_return":0.09523809523809523}
{"window":{"start":"2022-05-06T10:12:00.000Z","end":"2022-05-06T10:13:00.000Z"},"country":"United Kingdom","OPM":15,"Total_sales_vol":490.59999829530716,"rate_of_return":0.0}
{"window":{"start":"2022-05-05T16:56:00.000Z","end":"2022-05-05T16:57:00.000Z"},"country":"EIRE","OPM":1,"Total_sales_vol":26.400001525878906,"rate_of_return":0.0}
{"window":{"start":"2022-05-08T22:46:00.000Z","end":"2022-05-08T22:47:00.000Z"},"country":"United Kingdom","OPM":12,"Total_sales_vol":163.2599999308586,"rate_of_return":0.16666666666666666}
{"window":{"start":"2022-05-10T11:36:00.000Z","end":"2022-05-10T11:37:00.000Z"},"country":"United Kingdom","OPM":11,"Total_sales_vol":1077.6799941658974,"rate_of_return":0.15625}
{"window":{"start":"2022-05-07T16:13:00.000Z","end":"2022-05-07T16:14:00.000Z"},"country":"EIRE","OPM":1,"Total_sales_vol":50.810001373291016,"rate_of_return":0.0}
{"window":{"start":"2022-05-09T15:45:00.000Z","end":"2022-05-09T15:46:00.000Z"},"country":"Belgium","OPM":1,"Total_sales_vol":14.12999951839447,"rate_of_return":0.0}
{"window":{"start":"2022-05-05T18:32:00.000Z","end":"2022-05-05T18:33:00.000Z"},"country":"United Kingdom","OPM":16,"Total_sales_vol":2425.7599767297506,"rate_of_return":0.07317073170731707}
{"window":{"start":"2022-05-08T18:43:00.000Z","end":"2022-05-08T18:44:00.000Z"},"country":"United Kingdom","OPM":16,"Total_sales_vol":1667.6099854111671,"rate_of_return":0.0}
{"window":{"start":"2022-05-10T13:14:00.000Z","end":"2022-05-10T13:15:00.000Z"},"country":"United Kingdom","OPM":14,"Total_sales_vol":8134.340215265751,"rate_of_return":0.0}
{"window":{"start":"2022-05-08T23:30:00.000Z","end":"2022-05-08T23:31:00.000Z"},"country":"Netherlands","OPM":1,"Total_sales_vol":98.94999992847443,"rate_of_return":0.0}
{"window":{"start":"2022-05-09T15:36:00.000Z","end":"2022-05-09T15:37:00.000Z"},"country":"Portugal","OPM":1,"Total_sales_vol":433.74998646974564,"rate_of_return":0.0}
{"window":{"start":"2022-05-09T02:28:00.000Z","end":"2022-05-09T02:29:00.000Z"},"country":"Poland","OPM":1,"Total_sales_vol":213.76999986171722,"rate_of_return":0.0}
{"window":{"start":"2022-05-06T02:11:00.000Z","end":"2022-05-06T02:12:00.000Z"},"country":"United Kingdom","OPM":9,"Total_sales_vol":432.8500006198883,"rate_of_return":0.0}
{"window":{"start":"2022-05-09T16:23:00.000Z","end":"2022-05-09T16:24:00.000Z"},"country":"Germany","OPM":2,"Total_sales_vol":38.88000074028969,"rate_of_return":0.0}
{"window":{"start":"2022-05-07T17:00:00.000Z","end":"2022-05-07T17:01:00.000Z"},"country":"United Kingdom","OPM":14,"Total_sales_vol":794.7099895775318,"rate_of_return":0.0}
{"window":{"start":"2022-05-08T00:36:00.000Z","end":"2022-05-08T00:37:00.000Z"},"country":"United Kingdom","OPM":14,"Total_sales_vol":789.600000962615,"rate_of_return":0.0}
{"window":{"start":"2022-05-07T19:34:00.000Z","end":"2022-05-07T19:35:00.000Z"},"country":"Spain","OPM":1,"Total_sales_vol":31.639999628067017,"rate_of_return":0.0}
{"window":{"start":"2022-05-08T19:26:00.000Z","end":"2022-05-08T19:27:00.000Z"},"country":"United Kingdom","OPM":15,"Total_sales_vol":714.6900018155575,"rate_of_return":0.0}
{"window":{"start":"2022-05-09T06:47:00.000Z","end":"2022-05-09T06:48:00.000Z"},"country":"United Kingdom","OPM":12,"Total_sales_vol":1390.8099956810474,"rate_of_return":0.0}
{"window":{"start":"2022-05-06T07:58:00.000Z","end":"2022-05-06T07:59:00.000Z"},"country":"France","OPM":1,"Total_sales_vol":41.30000305175781,"rate_of_return":0.0}
{"window":{"start":"2022-05-08T23:26:00.000Z","end":"2022-05-08T23:27:00.000Z"},"country":"United Kingdom","OPM":11,"Total_sales_vol":553.3199984431267,"rate_of_return":0.0}
{"window":{"start":"2022-05-10T07:24:00.000Z","end":"2022-05-10T07:25:00.000Z"},"country":"United Kingdom","OPM":6,"Total_sales_vol":306.9400008916855,"rate_of_return":0.0}
{"window":{"start":"2022-05-08T07:00:00.000Z","end":"2022-05-08T07:01:00.000Z"},"country":"United Kingdom","OPM":12,"Total_sales_vol":609.7699840962887,"rate_of_return":0.0}
{"window":{"start":"2022-05-07T04:10:00.000Z","end":"2022-05-07T04:11:00.000Z"},"country":"United Kingdom","OPM":11,"Total_sales_vol":250.61000525951385,"rate_of_return":0.28205128205128205}
{"window":{"start":"2022-05-08T06:57:00.000Z","end":"2022-05-08T06:58:00.000Z"},"country":"EIRE","OPM":1,"Total_sales_vol":277.91998291015625,"rate_of_return":0.0}
{"window":{"start":"2022-05-09T14:48:00.000Z","end":"2022-05-09T14:49:00.000Z"},"country":"United Kingdom","OPM":12,"Total_sales_vol":442.7700003385544,"rate_of_return":0.0}
{"window":{"start":"2022-05-10T08:44:00.000Z","end":"2022-05-10T08:45:00.000Z"},"country":"Germany","OPM":1,"Total_sales_vol":118.88999557495117,"rate_of_return":0.0}
{"window":{"start":"2022-05-08T20:10:00.000Z","end":"2022-05-08T20:11:00.000Z"},"country":"Australia","OPM":1,"Total_sales_vol":31.449999809265137,"rate_of_return":0.0}
{"window":{"start":"2022-05-08T19:16:00.000Z","end":"2022-05-08T19:17:00.000Z"},"country":"United Kingdom","OPM":4,"Total_sales_vol":635.5099927186966,"rate_of_return":0.0}
{"window":{"start":"2022-05-06T22:47:00.000Z","end":"2022-05-06T22:48:00.000Z"},"country":"United Kingdom","OPM":4,"Total_sales_vol":260.09000384807587,"rate_of_return":0.0}
{"window":{"start":"2022-05-06T08:57:00.000Z","end":"2022-05-06T08:58:00.000Z"},"country":"Channel Islands","OPM":1,"Total_sales_vol":1.6299999952316284,"rate_of_return":0.0}
{"window":{"start":"2022-05-08T04:12:00.000Z","end":"2022-05-08T04:13:00.000Z"},"country":"United Kingdom","OPM":8,"Total_sales_vol":1278.2299775481224,"rate_of_return":0.0}
{"window":{"start":"2022-05-09T01:08:00.000Z","end":"2022-05-09T01:09:00.000Z"},"country":"France","OPM":1,"Total_sales_vol":70.80000305175781,"rate_of_return":0.0}
{"window":{"start":"2022-05-07T04:44:00.000Z","end":"2022-05-07T04:45:00.000Z"},"country":"United Kingdom","OPM":12,"Total_sales_vol":818.7099840044975,"rate_of_return":0.043478260869565216}
{"window":{"start":"2022-05-09T07:31:00.000Z","end":"2022-05-09T07:32:00.000Z"},"country":"France","OPM":1,"Total_sales_vol":245.90000009536743,"rate_of_return":0.0}
{"window":{"start":"2022-05-07T00:30:00.000Z","end":"2022-05-07T00:31:00.000Z"},"country":"EIRE","OPM":1,"Total_sales_vol":116.40999603271484,"rate_of_return":0.0}
{"window":{"start":"2022-05-08T00:43:00.000Z","end":"2022-05-08T00:44:00.000Z"},"country":"United Kingdom","OPM":9,"Total_sales_vol":57.0600026845932,"rate_of_return":0.2727272727272727}
{"window":{"start":"2022-05-08T09:06:00.000Z","end":"2022-05-08T09:07:00.000Z"},"country":"Belgium","OPM":1,"Total_sales_vol":30.9399995803833,"rate_of_return":0.0}
{"window":{"start":"2022-05-10T03:26:00.000Z","end":"2022-05-10T03:27:00.000Z"},"country":"United Kingdom","OPM":12,"Total_sales_vol":552.1600036919117,"rate_of_return":0.05263157894736842}
{"window":{"start":"2022-05-07T06:02:00.000Z","end":"2022-05-07T06:03:00.000Z"},"country":"Switzerland","OPM":2,"Total_sales_vol":42.08999967575073,"rate_of_return":0.0}
{"window":{"start":"2022-05-09T17:25:00.000Z","end":"2022-05-09T17:26:00.000Z"},"country":"United Kingdom","OPM":11,"Total_sales_vol":355.66999942064285,"rate_of_return":0.07692307692307693}
{"window":{"start":"2022-05-09T14:09:00.000Z","end":"2022-05-09T14:10:00.000Z"},"country":"United Kingdom","OPM":4,"Total_sales_vol":138.8699984550476,"rate_of_return":0.0}
{"window":{"start":"2022-05-09T03:07:00.000Z","end":"2022-05-09T03:08:00.000Z"},"country":"Spain","OPM":1,"Total_sales_vol":31.81000065803528,"rate_of_return":0.0}
{"window":{"start":"2022-05-08T14:26:00.000Z","end":"2022-05-08T14:27:00.000Z"},"country":"United Kingdom","OPM":8,"Total_sales_vol":347.6000077724457,"rate_of_return":0.0}
{"window":{"start":"2022-05-08T21:01:00.000Z","end":"2022-05-08T21:02:00.000Z"},"country":"United Kingdom","OPM":10,"Total_sales_vol":496.7599995434284,"rate_of_return":0.0}
{"window":{"start":"2022-05-07T05:46:00.000Z","end":"2022-05-07T05:47:00.000Z"},"country":"United Kingdom","OPM":13,"Total_sales_vol":641.7799913883209,"rate_of_return":0.07692307692307693}
{"window":{"start":"2022-05-07T22:12:00.000Z","end":"2022-05-07T22:13:00.000Z"},"country":"Norway","OPM":1,"Total_sales_vol":43.65999984741211,"rate_of_return":0.0}
{"window":{"start":"2022-05-06T11:51:00.000Z","end":"2022-05-06T11:52:00.000Z"},"country":"United Kingdom","OPM":7,"Total_sales_vol":228.35000383853912,"rate_of_return":0.0}
{"window":{"start":"2022-05-05T18:33:00.000Z","end":"2022-05-05T18:34:00.000Z"},"country":"United Kingdom","OPM":5,"Total_sales_vol":1623.570016503334,"rate_of_return":0.0625}
{"window":{"start":"2022-05-08T00:20:00.000Z","end":"2022-05-08T00:21:00.000Z"},"country":"United Kingdom","OPM":14,"Total_sales_vol":466.58000326156616,"rate_of_return":0.0}
{"window":{"start":"2022-05-09T03:37:00.000Z","end":"2022-05-09T03:38:00.000Z"},"country":"United Kingdom","OPM":8,"Total_sales_vol":445.6599980443716,"rate_of_return":0.0}
