{"window":{"start":"2022-05-10T11:27:00.000Z","end":"2022-05-10T11:28:00.000Z"},"country":"United Kingdom","OPM":10,"Total_sales_vol":706.5799922943115,"rate_of_return":0.0}
{"window":{"start":"2022-05-07T18:37:00.000Z","end":"2022-05-07T18:38:00.000Z"},"country":"United Kingdom","OPM":15,"Total_sales_vol":1004.7499869465828,"rate_of_return":0.0}
{"window":{"start":"2022-05-10T09:51:00.000Z","end":"2022-05-10T09:52:00.000Z"},"country":"United Kingdom","OPM":10,"Total_sales_vol":711.6699841022491,"rate_of_return":0.0}
{"window":{"start":"2022-05-07T10:29:00.000Z","end":"2022-05-07T10:30:00.000Z"},"country":"United Kingdom","OPM":4,"Total_sales_vol":-4.269998550415039,"rate_of_return":0.4444444444444444}
{"window":{"start":"2022-05-06T08:10:00.000Z","end":"2022-05-06T08:11:00.000Z"},"country":"United Kingdom","OPM":6,"Total_sales_vol":561.0399958491325,"rate_of_return":0.0}
{"window":{"start":"2022-05-06T09:47:00.000Z","end":"2022-05-06T09:48:00.000Z"},"country":"Germany","OPM":1,"Total_sales_vol":79.09999871253967,"rate_of_return":0.0}
{"window":{"start":"2022-05-06T18:14:00.000Z","end":"2022-05-06T18:15:00.000Z"},"country":"Germany","OPM":1,"Total_sales_vol":41.600000858306885,"rate_of_return":0.0}
{"window":{"start":"2022-05-08T13:30:00.000Z","end":"2022-05-08T13:31:00.000Z"},"country":"France","OPM":1,"Total_sales_vol":94.57999801635742,"rate_of_return":0.0}
{"window":{"start":"2022-05-10T13:27:00.000Z","end":"2022-05-10T13:28:00.000Z"},"country":"Netherlands","OPM":1,"Total_sales_vol":201.8400024175644,"rate_of_return":0.0}
{"window":{"start":"2022-05-09T03:40:00.000Z","end":"2022-05-09T03:41:00.000Z"},"country":"Belgium","OPM":1,"Total_sales_vol":-12.59999942779541,"rate_of_return":1.0}
{"window":{"start":"2022-05-10T04:46:00.000Z","end":"2022-05-10T04:47:00.000Z"},"country":"France","OPM":1,"Total_sales_vol":7.200000047683716,"rate_of_return":0.0}
{"window":{"start":"2022-05-08T18:30:00.000Z","end":"2022-05-08T18:31:00.000Z"},"country":"United Kingdom","OPM":8,"Total_sales_vol":482.22000074386597,"rate_of_return":0.0}
{"window":{"start":"2022-05-06T08:07:00.000Z","end":"2022-05-06T08:08:00.000Z"},"country":"Switzerland","OPM":1,"Total_sales_vol":16.5,"rate_of_return":0.0}
{"window":{"start":"2022-05-08T03:07:00.000Z","end":"2022-05-08T03:08:00.000Z"},"country":"France","OPM":2,"Total_sales_vol":294.3800039887428,"rate_of_return":0.0}
{"window":{"start":"2022-05-07T06:24:00.000Z","end":"2022-05-07T06:25:00.000Z"},"country":"United Kingdom","OPM":7,"Total_sales_vol":368.97999680042267,"rate_of_return":0.0}
{"window":{"start":"2022-05-07T10:21:00.000Z","end":"2022-05-07T10:22:00.000Z"},"country":"Channel Islands","OPM":1,"Total_sales_vol":4.130000114440918,"rate_of_return":0.0}
{"window":{"start":"2022-05-09T05:29:00.000Z","end":"2022-05-09T05:30:00.000Z"},"country":"Germany","OPM":1,"Total_sales_vol":-20.950001537799835,"rate_of_return":1.0}
{"window":{"start":"2022-05-07T06:46:00.000Z","end":"2022-05-07T06:47:00.000Z"},"country":"EIRE","OPM":1,"Total_sales_vol":-26.039998829364777,"rate_of_return":1.0}
{"window":{"start":"2022-05-09T17:04:00.000Z","end":"2022-05-09T17:05:00.000Z"},"country":"Netherlands","OPM":1,"Total_sales_vol":82.75999894738197,"rate_of_return":0.0}
{"window":{"start":"2022-05-09T09:32:00.000Z","end":"2022-05-09T09:33:00.000Z"},"country":"Netherlands","OPM":1,"Total_sales_vol":145.67999702692032,"rate_of_return":0.0}
{"window":{"start":"2022-05-07T16:59:00.000Z","end":"2022-05-07T17:00:00.000Z"},"country":"France","OPM":1,"Total_sales_vol":232.29998517036438,"rate_of_return":0.0}
{"window":{"start":"2022-05-07T00:12:00.000Z","end":"2022-05-07T00:13:00.000Z"},"country":"United Kingdom","OPM":2,"Total_sales_vol":226.60999965667725,"rate_of_return":0.0}
{"window":{"start":"2022-05-06T23:16:00.000Z","end":"2022-05-06T23:17:00.000Z"},"country":"United Kingdom","OPM":7,"Total_sales_vol":-95.50000034272671,"rate_of_return":0.45454545454545453}
{"window":{"start":"2022-05-06T13:09:00.000Z","end":"2022-05-06T13:10:00.000Z"},"country":"United Kingdom","OPM":14,"Total_sales_vol":588.6099982857704,"rate_of_return":0.09523809523809523}
{"window":{"start":"2022-05-09T13:33:00.000Z","end":"2022-05-09T13:34:00.000Z"},"country":"Germany","OPM":1,"Total_sales_vol":61.329999923706055,"rate_of_return":0.0}
{"window":{"start":"2022-05-10T00:52:00.000Z","end":"2022-05-10T00:53:00.000Z"},"country":"United Kingdom","OPM":13,"Total_sales_vol":377.40999138355255,"rate_of_return":0.07142857142857142}
{"window":{"start":"2022-05-07T23:12:00.000Z","end":"2022-05-07T23:13:00.000Z"},"country":"United Kingdom","OPM":10,"Total_sales_vol":788.6199944764376,"rate_of_return":0.0}
{"window":{"start":"2022-05-09T10:54:00.000Z","end":"2022-05-09T10:55:00.000Z"},"country":"United Kingdom","OPM":5,"Total_sales_vol":113.27999985218048,"rate_of_return":0.0}
{"window":{"start":"2022-05-06T12:09:00.000Z","end":"2022-05-06T12:10:00.000Z"},"country":"Spain","OPM":1,"Total_sales_vol":8.699999809265137,"rate_of_return":0.0}
{"window":{"start":"2022-05-07T20:31:00.000Z","end":"2022-05-07T20:32:00.000Z"},"country":"United Kingdom","OPM":18,"Total_sales_vol":1199.2000087201595,"rate_of_return":0.04918032786885246}
{"window":{"start":"2022-05-06T19:03:00.000Z","end":"2022-05-06T19:04:00.000Z"},"country":"France","OPM":1,"Total_sales_vol":1189.3500242233276,"rate_of_return":0.0}
{"window":{"start":"2022-05-05T18:55:00.000Z","end":"2022-05-05T18:56:00.000Z"},"country":"Spain","OPM":1,"Total_sales_vol":63.11999845504761,"rate_of_return":0.0}
{"window":{"start":"2022-05-05T21:40:00.000Z","end":"2022-05-05T21:41:00.000Z"},"country":"Australia","OPM":1,"Total_sales_vol":10.5,"rate_of_return":0.0}
{"window":{"start":"2022-05-07T00:07:00.000Z","end":"2022-05-07T00:08:00.000Z"},"country":"EIRE","OPM":1,"Total_sales_vol":7.509999990463257,"rate_of_return":0.0}
{"window":{"start":"2022-05-08T04:46:00.000Z","end":"2022-05-08T04:47:00.000Z"},"country":"Belgium","OPM":1,"Total_sales_vol":26.440000534057617,"rate_of_return":0.0}
{"window":{"start":"2022-05-08T21:09:00.000Z","end":"2022-05-08T21:10:00.000Z"},"country":"United Kingdom","OPM":5,"Total_sales_vol":450.3300002813339,"rate_of_return":0.0}
{"window":{"start":"2022-05-09T11:27:00.000Z","end":"2022-05-09T11:28:00.000Z"},"country":"Channel Islands","OPM":1,"Total_sales_vol":38.25,"rate_of_return":0.0}
{"window":{"start":"2022-05-09T07:25:00.000Z","end":"2022-05-09T07:26:00.000Z"},"country":"Germany","OPM":2,"Total_sales_vol":1320.9300706386566,"rate_of_return":0.0}
{"window":{"start":"2022-05-07T13:18:00.000Z","end":"2022-05-07T13:19:00.000Z"},"country":"Channel Islands","OPM":1,"Total_sales_vol":2.9600000381469727,"rate_of_return":0.0}
{"window":{"start":"2022-05-09T23:23:00.000Z","end":"2022-05-09T23:24:00.000Z"},"country":"Germany","OPM":1,"Total_sales_vol":5.409999847412109,"rate_of_return":0.0}
{"window":{"start":"2022-05-09T08:50:00.000Z","end":"2022-05-09T08:51:00.000Z"},"country":"France","OPM":1,"Total_sales_vol":217.58999973535538,"rate_of_return":0.0}
{"window":{"start":"2022-05-09T16:21:00.000Z","end":"2022-05-09T16:22:00.000Z"},"country":"United Kingdom","OPM":9,"Total_sales_vol":357.4099959731102,"rate_of_return":0.0}
{"window":{"start":"2022-05-10T06:20:00.000Z","end":"2022-05-10T06:21:00.000Z"},"country":"Norway","OPM":1,"Total_sales_vol":60.980000495910645,"rate_of_return":0.0}
{"window":{"start":"2022-05-10T06:07:00.000Z","end":"2022-05-10T06:08:00.000Z"},"country":"United Kingdom","OPM":13,"Total_sales_vol":802.8000120967627,"rate_of_return":0.0}
{"window":{"start":"2022-05-06T09:48:00.000Z","end":"2022-05-06T09:49:00.000Z"},"country":"Canada","OPM":1,"Total_sales_vol":15.0,"rate_of_return":0.0}
{"window":{"start":"2022-05-06T19:29:00.000Z","end":"2022-05-06T19:30:00.000Z"},"country":"United Kingdom","OPM":9,"Total_sales_vol":1292.9199997782707,"rate_of_return":0.0}
{"window":{"start":"2022-05-07T15:29:00.000Z","end":"2022-05-07T15:30:00.000Z"},"country":"United Kingdom","OPM":15,"Total_sales_vol":383.42999348044395,"rate_of_return":0.2807017543859649}
{"window":{"start":"2022-05-08T15:11:00.000Z","end":"2022-05-08T15:12:00.000Z"},"country":"United Kingdom","OPM":10,"Total_sales_vol":560.8100136518478,"rate_of_return":0.027777777777777776}
{"window":{"start":"2022-05-10T12:41:00.000Z","end":"2022-05-10T12:42:00.000Z"},"country":"United Kingdom","OPM":4,"Total_sales_vol":145.27999913692474,"rate_of_return":0.0}
{"window":{"start":"2022-05-07T08:30:00.000Z","end":"2022-05-07T08:31:00.000Z"},"country":"United Kingdom","OPM":9,"Total_sales_vol":789.4300099909306,"rate_of_return":0.0}
{"window":{"start":"2022-05-06T09:43:00.000Z","end":"2022-05-06T09:44:00.000Z"},"country":"United Kingdom","OPM":5,"Total_sales_vol":834.1099762916565,"rate_of_return":0.0}
{"window":{"start":"2022-05-06T06:52:00.000Z","end":"2022-05-06T06:53:00.000Z"},"country":"Canada","OPM":1,"Total_sales_vol":26.84999942779541,"rate_of_return":0.0}
{"window":{"start":"2022-05-06T21:28:00.000Z","end":"2022-05-06T21:29:00.000Z"},"country":"United Kingdom","OPM":7,"Total_sales_vol":334.24000042676926,"rate_of_return":0.0}
{"window":{"start":"2022-05-07T17:39:00.000Z","end":"2022-05-07T17:40:00.000Z"},"country":"France","OPM":1,"Total_sales_vol":14.49999988079071,"rate_of_return":0.0}
