{"window":{"start":"2022-05-08T07:44:00.000Z","end":"2022-05-08T07:45:00.000Z"},"country":"United Kingdom","OPM":8,"Total_sales_vol":784.070000231266,"rate_of_return":0.0}
{"window":{"start":"2022-05-06T10:17:00.000Z","end":"2022-05-06T10:18:00.000Z"},"country":"EIRE","OPM":1,"Total_sales_vol":20.40000009536743,"rate_of_return":0.0}
{"window":{"start":"2022-05-06T16:28:00.000Z","end":"2022-05-06T16:29:00.000Z"},"country":"France","OPM":1,"Total_sales_vol":33.37000012397766,"rate_of_return":0.0}
{"window":{"start":"2022-05-09T15:17:00.000Z","end":"2022-05-09T15:18:00.000Z"},"country":"Portugal","OPM":1,"Total_sales_vol":8.5,"rate_of_return":0.0}
{"window":{"start":"2022-05-06T08:33:00.000Z","end":"2022-05-06T08:34:00.000Z"},"country":"France","OPM":1,"Total_sales_vol":22.539999961853027,"rate_of_return":0.0}
{"window":{"start":"2022-05-09T12:52:00.000Z","end":"2022-05-09T12:53:00.000Z"},"country":"France","OPM":1,"Total_sales_vol":70.00999760627747,"rate_of_return":0.0}
{"window":{"start":"2022-05-08T17:46:00.000Z","end":"2022-05-08T17:47:00.000Z"},"country":"United Kingdom","OPM":10,"Total_sales_vol":159.2799985408783,"rate_of_return":0.045454545454545456}
{"window":{"start":"2022-05-09T14:44:00.000Z","end":"2022-05-09T14:45:00.000Z"},"country":"United Kingdom","OPM":5,"Total_sales_vol":58.94000172615051,"rate_of_return":0.0}
{"window":{"start":"2022-05-08T00:14:00.000Z","end":"2022-05-08T00:15:00.000Z"},"country":"France","OPM":1,"Total_sales_vol":115.11999702453613,"rate_of_return":0.0}
{"window":{"start":"2022-05-09T08:00:00.000Z","end":"2022-05-09T08:01:00.000Z"},"country":"Brazil","OPM":1,"Total_sales_vol":143.3799987435341,"rate_of_return":0.0}
{"window":{"start":"2022-05-07T08:23:00.000Z","end":"2022-05-07T08:24:00.000Z"},"country":"Switzerland","OPM":1,"Total_sales_vol":48.2599983215332,"rate_of_return":0.0}
{"window":{"start":"2022-05-07T13:48:00.000Z","end":"2022-05-07T13:49:00.000Z"},"country":"United Kingdom","OPM":13,"Total_sales_vol":973.2800065279007,"rate_of_return":0.0}
{"window":{"start":"2022-05-06T21:23:00.000Z","end":"2022-05-06T21:24:00.000Z"},"country":"Unspecified","OPM":1,"Total_sales_vol":40.49000000953674,"rate_of_return":0.0}
{"window":{"start":"2022-05-09T21:36:00.000Z","end":"2022-05-09T21:37:00.000Z"},"country":"United Kingdom","OPM":6,"Total_sales_vol":1151.4799783825874,"rate_of_return":0.0}
{"window":{"start":"2022-05-10T01:00:00.000Z","end":"2022-05-10T01:01:00.000Z"},"country":"EIRE","OPM":1,"Total_sales_vol":15.899999618530273,"rate_of_return":0.0}
{"window":{"start":"2022-05-06T11:12:00.000Z","end":"2022-05-06T11:13:00.000Z"},"country":"United Kingdom","OPM":11,"Total_sales_vol":1646.9800549447536,"rate_of_return":0.02702702702702703}
{"window":{"start":"2022-05-07T02:59:00.000Z","end":"2022-05-07T03:00:00.000Z"},"country":"Netherlands","OPM":1,"Total_sales_vol":44.06000113487244,"rate_of_return":0.0}
{"window":{"start":"2022-05-09T16:48:00.000Z","end":"2022-05-09T16:49:00.000Z"},"country":"United Kingdom","OPM":13,"Total_sales_vol":1165.6199918985367,"rate_of_return":0.0}
{"window":{"start":"2022-05-09T00:02:00.000Z","end":"2022-05-09T00:03:00.000Z"},"country":"United Kingdom","OPM":8,"Total_sales_vol":600.159992069006,"rate_of_return":0.0}
{"window":{"start":"2022-05-05T18:36:00.000Z","end":"2022-05-05T18:37:00.000Z"},"country":"Switzerland","OPM":1,"Total_sales_vol":7.940000057220459,"rate_of_return":0.0}
{"window":{"start":"2022-05-09T01:40:00.000Z","end":"2022-05-09T01:41:00.000Z"},"country":"France","OPM":1,"Total_sales_vol":7.019999980926514,"rate_of_return":0.0}
{"window":{"start":"2022-05-08T13:38:00.000Z","end":"2022-05-08T13:39:00.000Z"},"country":"United Kingdom","OPM":13,"Total_sales_vol":941.9400006532669,"rate_of_return":0.024390243902439025}
{"window":{"start":"2022-05-09T04:37:00.000Z","end":"2022-05-09T04:38:00.000Z"},"country":"United Kingdom","OPM":14,"Total_sales_vol":285.8900085091591,"rate_of_return":0.11764705882352941}
{"window":{"start":"2022-05-07T00:21:00.000Z","end":"2022-05-07T00:22:00.000Z"},"country":"EIRE","OPM":1,"Total_sales_vol":129.45000004768372,"rate_of_return":0.0}
{"window":{"start":"2022-05-07T13:05:00.000Z","end":"2022-05-07T13:06:00.000Z"},"country":"Finland","OPM":1,"Total_sales_vol":113.40000438690186,"rate_of_return":0.0}
{"window":{"start":"2022-05-07T18:23:00.000Z","end":"2022-05-07T18:24:00.000Z"},"country":"United Kingdom","OPM":6,"Total_sales_vol":327.4200077056885,"rate_of_return":0.0}
{"window":{"start":"2022-05-08T10:39:00.000Z","end":"2022-05-08T10:40:00.000Z"},"country":"United Kingdom","OPM":11,"Total_sales_vol":503.68999767303467,"rate_of_return":0.037037037037037035}
{"window":{"start":"2022-05-06T05:39:00.000Z","end":"2022-05-06T05:40:00.000Z"},"country":"Singapore","OPM":1,"Total_sales_vol":0.8399999737739563,"rate_of_return":0.0}
{"window":{"start":"2022-05-10T00:56:00.000Z","end":"2022-05-10T00:57:00.000Z"},"country":"United Kingdom","OPM":8,"Total_sales_vol":432.7599928379059,"rate_of_return":0.1}
{"window":{"start":"2022-05-09T02:22:00.000Z","end":"2022-05-09T02:23:00.000Z"},"country":"Germany","OPM":2,"Total_sales_vol":44.299999952316284,"rate_of_return":0.0}
{"window":{"start":"2022-05-08T08:40:00.000Z","end":"2022-05-08T08:41:00.000Z"},"country":"Germany","OPM":1,"Total_sales_vol":37.65999919176102,"rate_of_return":0.0}
{"window":{"start":"2022-05-07T00:25:00.000Z","end":"2022-05-07T00:26:00.000Z"},"country":"United Kingdom","OPM":5,"Total_sales_vol":236.65000027418137,"rate_of_return":0.16666666666666666}
{"window":{"start":"2022-05-09T00:18:00.000Z","end":"2022-05-09T00:19:00.000Z"},"country":"United Kingdom","OPM":3,"Total_sales_vol":307.57999831438065,"rate_of_return":0.0}
{"window":{"start":"2022-05-06T13:18:00.000Z","end":"2022-05-06T13:19:00.000Z"},"country":"United Kingdom","OPM":12,"Total_sales_vol":1766.4200391173363,"rate_of_return":0.0}
{"window":{"start":"2022-05-07T16:41:00.000Z","end":"2022-05-07T16:42:00.000Z"},"country":"EIRE","OPM":1,"Total_sales_vol":21.549999237060547,"rate_of_return":0.0}
{"window":{"start":"2022-05-05T16:24:00.000Z","end":"2022-05-05T16:25:00.000Z"},"country":"EIRE","OPM":1,"Total_sales_vol":2058.3699989318848,"rate_of_return":0.0}
{"window":{"start":"2022-05-08T09:19:00.000Z","end":"2022-05-08T09:20:00.000Z"},"country":"Belgium","OPM":1,"Total_sales_vol":72.5,"rate_of_return":0.0}
{"window":{"start":"2022-05-08T00:17:00.000Z","end":"2022-05-08T00:18:00.000Z"},"country":"United Kingdom","OPM":5,"Total_sales_vol":159.82000243663788,"rate_of_return":0.0}
{"window":{"start":"2022-05-10T06:39:00.000Z","end":"2022-05-10T06:40:00.000Z"},"country":"United Kingdom","OPM":4,"Total_sales_vol":98.62999820709229,"rate_of_return":0.0}
{"window":{"start":"2022-05-05T18:16:00.000Z","end":"2022-05-05T18:17:00.000Z"},"country":"United Kingdom","OPM":8,"Total_sales_vol":86.75999295711517,"rate_of_return":0.2222222222222222}
{"window":{"start":"2022-05-08T11:43:00.000Z","end":"2022-05-08T11:44:00.000Z"},"country":"United Kingdom","OPM":15,"Total_sales_vol":67.13999724388123,"rate_of_return":0.21052631578947367}
{"window":{"start":"2022-05-09T06:47:00.000Z","end":"2022-05-09T06:48:00.000Z"},"country":"Spain","OPM":1,"Total_sales_vol":23.040000826120377,"rate_of_return":0.0}
{"window":{"start":"2022-05-09T00:39:00.000Z","end":"2022-05-09T00:40:00.000Z"},"country":"United Kingdom","OPM":6,"Total_sales_vol":261.8499974012375,"rate_of_return":0.0}
{"window":{"start":"2022-05-09T10:27:00.000Z","end":"2022-05-09T10:28:00.000Z"},"country":"Switzerland","OPM":1,"Total_sales_vol":61.6499981880188,"rate_of_return":0.0}
{"window":{"start":"2022-05-09T00:39:00.000Z","end":"2022-05-09T00:40:00.000Z"},"country":"Finland","OPM":1,"Total_sales_vol":150.19999432563782,"rate_of_return":0.0}
{"window":{"start":"2022-05-07T02:12:00.000Z","end":"2022-05-07T02:13:00.000Z"},"country":"United Kingdom","OPM":4,"Total_sales_vol":246.86999866366386,"rate_of_return":0.0}
{"window":{"start":"2022-05-07T14:17:00.000Z","end":"2022-05-07T14:18:00.000Z"},"country":"United Kingdom","OPM":6,"Total_sales_vol":164.11999988555908,"rate_of_return":0.09090909090909091}
{"window":{"start":"2022-05-08T18:44:00.000Z","end":"2022-05-08T18:45:00.000Z"},"country":"United Kingdom","OPM":11,"Total_sales_vol":1362.86999386549,"rate_of_return":0.0}
{"window":{"start":"2022-05-09T21:59:00.000Z","end":"2022-05-09T22:00:00.000Z"},"country":"Channel Islands","OPM":1,"Total_sales_vol":151.59999752044678,"rate_of_return":0.0}
{"window":{"start":"2022-05-08T12:41:00.000Z","end":"2022-05-08T12:42:00.000Z"},"country":"Australia","OPM":1,"Total_sales_vol":2.950000047683716,"rate_of_return":0.0}
{"window":{"start":"2022-05-08T05:59:00.000Z","end":"2022-05-08T06:00:00.000Z"},"country":"United Kingdom","OPM":8,"Total_sales_vol":479.2100048661232,"rate_of_return":0.0}
{"window":{"start":"2022-05-07T07:22:00.000Z","end":"2022-05-07T07:23:00.000Z"},"country":"United Kingdom","OPM":15,"Total_sales_vol":-44.89999169111252,"rate_of_return":0.03636363636363636}
{"window":{"start":"2022-05-07T17:24:00.000Z","end":"2022-05-07T17:25:00.000Z"},"country":"United Kingdom","OPM":6,"Total_sales_vol":642.2699920535088,"rate_of_return":0.0}
{"window":{"start":"2022-05-09T03:46:00.000Z","end":"2022-05-09T03:47:00.000Z"},"country":"United Kingdom","OPM":13,"Total_sales_vol":472.90999805927277,"rate_of_return":0.0}
{"window":{"start":"2022-05-08T17:05:00.000Z","end":"2022-05-08T17:06:00.000Z"},"country":"United Kingdom","OPM":9,"Total_sales_vol":1027.9500074982643,"rate_of_return":0.3055555555555556}
{"window":{"start":"2022-05-09T04:22:00.000Z","end":"2022-05-09T04:23:00.000Z"},"country":"United Kingdom","OPM":14,"Total_sales_vol":1038.1399949491024,"rate_of_return":0.0}
