{"window":{"start":"2022-05-09T14:45:00.000Z","end":"2022-05-09T14:46:00.000Z"},"country":"United Kingdom","OPM":6,"Total_sales_vol":142.88999843597412,"rate_of_return":0.0}
{"window":{"start":"2022-05-10T06:11:00.000Z","end":"2022-05-10T06:12:00.000Z"},"country":"United Kingdom","OPM":8,"Total_sales_vol":523.3100047111511,"rate_of_return":0.13636363636363635}
{"window":{"start":"2022-05-06T00:20:00.000Z","end":"2022-05-06T00:21:00.000Z"},"country":"United Kingdom","OPM":14,"Total_sales_vol":1769.4199995994568,"rate_of_return":0.0}
{"window":{"start":"2022-05-07T19:53:00.000Z","end":"2022-05-07T19:54:00.000Z"},"country":"United Kingdom","OPM":4,"Total_sales_vol":216.40999555587769,"rate_of_return":0.0}
{"window":{"start":"2022-05-07T12:18:00.000Z","end":"2022-05-07T12:19:00.000Z"},"country":"United Kingdom","OPM":5,"Total_sales_vol":101.22999858856201,"rate_of_return":0.16666666666666666}
{"window":{"start":"2022-05-06T16:00:00.000Z","end":"2022-05-06T16:01:00.000Z"},"country":"United Kingdom","OPM":6,"Total_sales_vol":140.25000166893005,"rate_of_return":0.0}
{"window":{"start":"2022-05-06T17:47:00.000Z","end":"2022-05-06T17:48:00.000Z"},"country":"Austria","OPM":2,"Total_sales_vol":63.32999932765961,"rate_of_return":0.0}
{"window":{"start":"2022-05-05T22:26:00.000Z","end":"2022-05-05T22:27:00.000Z"},"country":"United Kingdom","OPM":16,"Total_sales_vol":573.899998486042,"rate_of_return":0.07692307692307693}
{"window":{"start":"2022-05-09T14:32:00.000Z","end":"2022-05-09T14:33:00.000Z"},"country":"United Kingdom","OPM":13,"Total_sales_vol":748.9900039732456,"rate_of_return":0.0}
{"window":{"start":"2022-05-08T16:22:00.000Z","end":"2022-05-08T16:23:00.000Z"},"country":"United Kingdom","OPM":12,"Total_sales_vol":195.52000015974045,"rate_of_return":0.34375}
{"window":{"start":"2022-05-05T23:24:00.000Z","end":"2022-05-05T23:25:00.000Z"},"country":"United Kingdom","OPM":9,"Total_sales_vol":310.14999294281006,"rate_of_return":0.125}
{"window":{"start":"2022-05-07T06:05:00.000Z","end":"2022-05-07T06:06:00.000Z"},"country":"United Kingdom","OPM":6,"Total_sales_vol":586.9799801707268,"rate_of_return":0.0}
{"window":{"start":"2022-05-08T12:54:00.000Z","end":"2022-05-08T12:55:00.000Z"},"country":"United Kingdom","OPM":10,"Total_sales_vol":536.8200005888939,"rate_of_return":0.0}
{"window":{"start":"2022-05-08T04:05:00.000Z","end":"2022-05-08T04:06:00.000Z"},"country":"Unspecified","OPM":1,"Total_sales_vol":2.950000047683716,"rate_of_return":0.0}
{"window":{"start":"2022-05-08T11:06:00.000Z","end":"2022-05-08T11:07:00.000Z"},"country":"United Kingdom","OPM":10,"Total_sales_vol":1153.4000063538551,"rate_of_return":0.02127659574468085}
{"window":{"start":"2022-05-07T16:56:00.000Z","end":"2022-05-07T16:57:00.000Z"},"country":"United Kingdom","OPM":13,"Total_sales_vol":601.869991183281,"rate_of_return":0.041666666666666664}
{"window":{"start":"2022-05-07T13:10:00.000Z","end":"2022-05-07T13:11:00.000Z"},"country":"United Kingdom","OPM":8,"Total_sales_vol":1083.1500069499016,"rate_of_return":0.0}
{"window":{"start":"2022-05-07T02:23:00.000Z","end":"2022-05-07T02:24:00.000Z"},"country":"United Kingdom","OPM":5,"Total_sales_vol":231.93999993801117,"rate_of_return":0.0}
{"window":{"start":"2022-05-08T06:29:00.000Z","end":"2022-05-08T06:30:00.000Z"},"country":"United Kingdom","OPM":10,"Total_sales_vol":1316.5099771618843,"rate_of_return":0.0}
{"window":{"start":"2022-05-06T18:42:00.000Z","end":"2022-05-06T18:43:00.000Z"},"country":"United Kingdom","OPM":10,"Total_sales_vol":588.300007879734,"rate_of_return":0.0}
{"window":{"start":"2022-05-07T00:03:00.000Z","end":"2022-05-07T00:04:00.000Z"},"country":"United Kingdom","OPM":11,"Total_sales_vol":301.9199973344803,"rate_of_return":0.07142857142857142}
{"window":{"start":"2022-05-10T11:19:00.000Z","end":"2022-05-10T11:20:00.000Z"},"country":"Unspecified","OPM":1,"Total_sales_vol":8.329999923706055,"rate_of_return":0.0}
{"window":{"start":"2022-05-07T12:57:00.000Z","end":"2022-05-07T12:58:00.000Z"},"country":"United Kingdom","OPM":7,"Total_sales_vol":1286.9399901628494,"rate_of_return":0.0}
{"window":{"start":"2022-05-08T20:04:00.000Z","end":"2022-05-08T20:05:00.000Z"},"country":"Netherlands","OPM":1,"Total_sales_vol":50.030001640319824,"rate_of_return":0.0}
{"window":{"start":"2022-05-05T18:37:00.000Z","end":"2022-05-05T18:38:00.000Z"},"country":"United Kingdom","OPM":8,"Total_sales_vol":341.4899922013283,"rate_of_return":0.0}
{"window":{"start":"2022-05-07T18:34:00.000Z","end":"2022-05-07T18:35:00.000Z"},"country":"Spain","OPM":1,"Total_sales_vol":61.12999868392944,"rate_of_return":0.0}
{"window":{"start":"2022-05-10T10:05:00.000Z","end":"2022-05-10T10:06:00.000Z"},"country":"EIRE","OPM":1,"Total_sales_vol":-67.46000146865845,"rate_of_return":1.0}
{"window":{"start":"2022-05-07T06:00:00.000Z","end":"2022-05-07T06:01:00.000Z"},"country":"United Kingdom","OPM":8,"Total_sales_vol":253.26999843120575,"rate_of_return":0.0}
{"window":{"start":"2022-05-07T22:51:00.000Z","end":"2022-05-07T22:52:00.000Z"},"country":"United Kingdom","OPM":7,"Total_sales_vol":522.5499951839447,"rate_of_return":0.0}
{"window":{"start":"2022-05-07T14:52:00.000Z","end":"2022-05-07T14:53:00.000Z"},"country":"Netherlands","OPM":1,"Total_sales_vol":17.639999985694885,"rate_of_return":0.0}
{"window":{"start":"2022-05-08T05:14:00.000Z","end":"2022-05-08T05:15:00.000Z"},"country":"United Kingdom","OPM":13,"Total_sales_vol":1626.6399736702442,"rate_of_return":0.0}
{"window":{"start":"2022-05-05T20:41:00.000Z","end":"2022-05-05T20:42:00.000Z"},"country":"United Kingdom","OPM":10,"Total_sales_vol":1181.069984138012,"rate_of_return":0.0}
{"window":{"start":"2022-05-07T20:13:00.000Z","end":"2022-05-07T20:14:00.000Z"},"country":"Australia","OPM":1,"Total_sales_vol":220.32999730110168,"rate_of_return":0.0}
{"window":{"start":"2022-05-10T08:44:00.000Z","end":"2022-05-10T08:45:00.000Z"},"country":"United Kingdom","OPM":10,"Total_sales_vol":804.29999345541,"rate_of_return":0.0}
{"window":{"start":"2022-05-10T05:30:00.000Z","end":"2022-05-10T05:31:00.000Z"},"country":"United Kingdom","OPM":13,"Total_sales_vol":1103.5799995660782,"rate_of_return":0.05263157894736842}
{"window":{"start":"2022-05-09T18:59:00.000Z","end":"2022-05-09T19:00:00.000Z"},"country":"France","OPM":1,"Total_sales_vol":59.96000099182129,"rate_of_return":0.0}
{"window":{"start":"2022-05-09T09:26:00.000Z","end":"2022-05-09T09:27:00.000Z"},"country":"United Kingdom","OPM":6,"Total_sales_vol":145.82000026106834,"rate_of_return":0.0}
{"window":{"start":"2022-05-07T04:40:00.000Z","end":"2022-05-07T04:41:00.000Z"},"country":"United Kingdom","OPM":9,"Total_sales_vol":622.7100004553795,"rate_of_return":0.0}
{"window":{"start":"2022-05-09T02:19:00.000Z","end":"2022-05-09T02:20:00.000Z"},"country":"United Kingdom","OPM":4,"Total_sales_vol":335.0199958086014,"rate_of_return":0.0}
{"window":{"start":"2022-05-10T01:17:00.000Z","end":"2022-05-10T01:18:00.000Z"},"country":"United Kingdom","OPM":13,"Total_sales_vol":542.8199899494648,"rate_of_return":0.0}
{"window":{"start":"2022-05-09T09:43:00.000Z","end":"2022-05-09T09:44:00.000Z"},"country":"EIRE","OPM":1,"Total_sales_vol":63.14999961853027,"rate_of_return":0.0}
{"window":{"start":"2022-05-10T06:41:00.000Z","end":"2022-05-10T06:42:00.000Z"},"country":"United Kingdom","OPM":6,"Total_sales_vol":132.17999905347824,"rate_of_return":0.0}
{"window":{"start":"2022-05-07T19:36:00.000Z","end":"2022-05-07T19:37:00.000Z"},"country":"United Kingdom","OPM":8,"Total_sales_vol":751.9799964725971,"rate_of_return":0.0}
{"window":{"start":"2022-05-06T20:25:00.000Z","end":"2022-05-06T20:26:00.000Z"},"country":"United Kingdom","OPM":12,"Total_sales_vol":286.13999795913696,"rate_of_return":0.1875}
{"window":{"start":"2022-05-10T05:36:00.000Z","end":"2022-05-10T05:37:00.000Z"},"country":"Germany","OPM":1,"Total_sales_vol":15.0,"rate_of_return":0.0}
{"window":{"start":"2022-05-08T16:29:00.000Z","end":"2022-05-08T16:30:00.000Z"},"country":"Finland","OPM":1,"Total_sales_vol":3.7499998807907104,"rate_of_return":0.0}
{"window":{"start":"2022-05-10T07:26:00.000Z","end":"2022-05-10T07:27:00.000Z"},"country":"United Kingdom","OPM":8,"Total_sales_vol":249.8499944061041,"rate_of_return":0.0}
{"window":{"start":"2022-05-08T01:25:00.000Z","end":"2022-05-08T01:26:00.000Z"},"country":"Germany","OPM":1,"Total_sales_vol":-2.549999952316284,"rate_of_return":1.0}
{"window":{"start":"2022-05-05T18:07:00.000Z","end":"2022-05-05T18:08:00.000Z"},"country":"United Kingdom","OPM":10,"Total_sales_vol":333.6700023114681,"rate_of_return":0.0}
{"window":{"start":"2022-05-07T08:55:00.000Z","end":"2022-05-07T08:56:00.000Z"},"country":"Germany","OPM":1,"Total_sales_vol":4.169999986886978,"rate_of_return":0.0}
{"window":{"start":"2022-05-06T03:54:00.000Z","end":"2022-05-06T03:55:00.000Z"},"country":"France","OPM":1,"Total_sales_vol":83.36000442504883,"rate_of_return":0.0}
{"window":{"start":"2022-05-07T22:37:00.000Z","end":"2022-05-07T22:38:00.000Z"},"country":"Germany","OPM":1,"Total_sales_vol":61.69999885559082,"rate_of_return":0.0}
{"window":{"start":"2022-05-06T02:53:00.000Z","end":"2022-05-06T02:54:00.000Z"},"country":"Germany","OPM":1,"Total_sales_vol":90.63000017404556,"rate_of_return":0.0}
{"window":{"start":"2022-05-09T14:55:00.000Z","end":"2022-05-09T14:56:00.000Z"},"country":"Norway","OPM":1,"Total_sales_vol":190.69000160694122,"rate_of_return":0.0}
{"window":{"start":"2022-05-09T09:27:00.000Z","end":"2022-05-09T09:28:00.000Z"},"country":"Austria","OPM":1,"Total_sales_vol":18.700000286102295,"rate_of_return":0.0}
{"window":{"start":"2022-05-07T14:02:00.000Z","end":"2022-05-07T14:03:00.000Z"},"country":"Germany","OPM":1,"Total_sales_vol":51.049999713897705,"rate_of_return":0.0}
{"window":{"start":"2022-05-09T21:48:00.000Z","end":"2022-05-09T21:49:00.000Z"},"country":"Germany","OPM":1,"Total_sales_vol":21.579999804496765,"rate_of_return":0.0}
{"window":{"start":"2022-05-09T06:42:00.000Z","end":"2022-05-09T06:43:00.000Z"},"country":"Belgium","OPM":1,"Total_sales_vol":81.15999937057495,"rate_of_return":0.0}
{"window":{"start":"2022-05-09T11:27:00.000Z","end":"2022-05-09T11:28:00.000Z"},"country":"Singapore","OPM":1,"Total_sales_vol":33.99999928474426,"rate_of_return":0.0}
{"window":{"start":"2022-05-08T12:30:00.000Z","end":"2022-05-08T12:31:00.000Z"},"country":"United Kingdom","OPM":11,"Total_sales_vol":583.0800170898438,"rate_of_return":0.10714285714285714}
{"window":{"start":"2022-05-10T03:09:00.000Z","end":"2022-05-10T03:10:00.000Z"},"country":"EIRE","OPM":1,"Total_sales_vol":15.59999942779541,"rate_of_return":0.0}
{"window":{"start":"2022-05-10T08:32:00.000Z","end":"2022-05-10T08:33:00.000Z"},"country":"United Kingdom","OPM":8,"Total_sales_vol":643.2099925279617,"rate_of_return":0.0}
{"window":{"start":"2022-05-08T10:28:00.000Z","end":"2022-05-08T10:29:00.000Z"},"country":"United Kingdom","OPM":5,"Total_sales_vol":91.0400003194809,"rate_of_return":0.21428571428571427}
{"window":{"start":"2022-05-07T00:34:00.000Z","end":"2022-05-07T00:35:00.000Z"},"country":"France","OPM":1,"Total_sales_vol":18.719999313354492,"rate_of_return":0.0}
