{"window":{"start":"2022-05-07T06:08:00.000Z","end":"2022-05-07T06:09:00.000Z"},"country":"United Kingdom","OPM":7,"Total_sales_vol":389.8799985945225,"rate_of_return":0.0}
{"window":{"start":"2022-05-05T23:45:00.000Z","end":"2022-05-05T23:46:00.000Z"},"country":"United Kingdom","OPM":6,"Total_sales_vol":157.25999975204468,"rate_of_return":0.0}
{"window":{"start":"2022-05-06T11:55:00.000Z","end":"2022-05-06T11:56:00.000Z"},"country":"Canada","OPM":1,"Total_sales_vol":8.199999809265137,"rate_of_return":0.0}
{"window":{"start":"2022-05-05T19:30:00.000Z","end":"2022-05-05T19:31:00.000Z"},"country":"Belgium","OPM":1,"Total_sales_vol":11.729999780654907,"rate_of_return":0.0}
{"window":{"start":"2022-05-07T04:01:00.000Z","end":"2022-05-07T04:02:00.000Z"},"country":"United Kingdom","OPM":7,"Total_sales_vol":158.65999948978424,"rate_of_return":0.18181818181818182}
{"window":{"start":"2022-05-06T05:27:00.000Z","end":"2022-05-06T05:28:00.000Z"},"country":"Switzerland","OPM":1,"Total_sales_vol":38.50999844074249,"rate_of_return":0.0}
{"window":{"start":"2022-05-09T06:48:00.000Z","end":"2022-05-09T06:49:00.000Z"},"country":"Poland","OPM":1,"Total_sales_vol":0.8399999737739563,"rate_of_return":0.0}
{"window":{"start":"2022-05-09T01:55:00.000Z","end":"2022-05-09T01:56:00.000Z"},"country":"United Kingdom","OPM":12,"Total_sales_vol":1244.140037983656,"rate_of_return":0.0}
{"window":{"start":"2022-05-08T03:42:00.000Z","end":"2022-05-08T03:43:00.000Z"},"country":"Germany","OPM":1,"Total_sales_vol":18.669999986886978,"rate_of_return":0.0}
{"window":{"start":"2022-05-08T15:13:00.000Z","end":"2022-05-08T15:14:00.000Z"},"country":"Lithuania","OPM":1,"Total_sales_vol":22.789999842643738,"rate_of_return":0.0}
{"window":{"start":"2022-05-07T06:59:00.000Z","end":"2022-05-07T07:00:00.000Z"},"country":"Germany","OPM":1,"Total_sales_vol":92.15999984741211,"rate_of_return":0.0}
{"window":{"start":"2022-05-08T01:56:00.000Z","end":"2022-05-08T01:57:00.000Z"},"country":"EIRE","OPM":1,"Total_sales_vol":27.45000147819519,"rate_of_return":0.0}
{"window":{"start":"2022-05-10T12:50:00.000Z","end":"2022-05-10T12:51:00.000Z"},"country":"Switzerland","OPM":1,"Total_sales_vol":23.34999990463257,"rate_of_return":0.0}
{"window":{"start":"2022-05-08T02:28:00.000Z","end":"2022-05-08T02:29:00.000Z"},"country":"United Kingdom","OPM":7,"Total_sales_vol":167.04000043869019,"rate_of_return":0.0}
{"window":{"start":"2022-05-06T07:35:00.000Z","end":"2022-05-06T07:36:00.000Z"},"country":"Portugal","OPM":1,"Total_sales_vol":86.27000045776367,"rate_of_return":0.0}
{"window":{"start":"2022-05-07T13:51:00.000Z","end":"2022-05-07T13:52:00.000Z"},"country":"United Kingdom","OPM":9,"Total_sales_vol":309.8000018596649,"rate_of_return":0.0}
{"window":{"start":"2022-05-07T18:33:00.000Z","end":"2022-05-07T18:34:00.000Z"},"country":"United Kingdom","OPM":11,"Total_sales_vol":1005.5200211405754,"rate_of_return":0.1}
{"window":{"start":"2022-05-05T17:51:00.000Z","end":"2022-05-05T17:52:00.000Z"},"country":"Belgium","OPM":1,"Total_sales_vol":83.86000084877014,"rate_of_return":0.0}
{"window":{"start":"2022-05-07T15:39:00.000Z","end":"2022-05-07T15:40:00.000Z"},"country":"Portugal","OPM":1,"Total_sales_vol":12.59999966621399,"rate_of_return":0.0}
{"window":{"start":"2022-05-08T09:24:00.000Z","end":"2022-05-08T09:25:00.000Z"},"country":"United Kingdom","OPM":6,"Total_sales_vol":179.84000480175018,"rate_of_return":0.0}
{"window":{"start":"2022-05-05T17:14:00.000Z","end":"2022-05-05T17:15:00.000Z"},"country":"France","OPM":1,"Total_sales_vol":-17.149999976158142,"rate_of_return":1.0}
{"window":{"start":"2022-05-08T05:19:00.000Z","end":"2022-05-08T05:20:00.000Z"},"country":"Channel Islands","OPM":1,"Total_sales_vol":63.08000040054321,"rate_of_return":0.0}
{"window":{"start":"2022-05-06T17:13:00.000Z","end":"2022-05-06T17:14:00.000Z"},"country":"Portugal","OPM":1,"Total_sales_vol":16.289999961853027,"rate_of_return":0.0}
{"window":{"start":"2022-05-05T17:44:00.000Z","end":"2022-05-05T17:45:00.000Z"},"country":"United Kingdom","OPM":7,"Total_sales_vol":466.1900006532669,"rate_of_return":0.0}
{"window":{"start":"2022-05-09T11:12:00.000Z","end":"2022-05-09T11:13:00.000Z"},"country":"Unspecified","OPM":1,"Total_sales_vol":2.549999952316284,"rate_of_return":0.0}
{"window":{"start":"2022-05-06T16:22:00.000Z","end":"2022-05-06T16:23:00.000Z"},"country":"United Kingdom","OPM":9,"Total_sales_vol":875.1899955868721,"rate_of_return":0.0}
{"window":{"start":"2022-05-08T07:07:00.000Z","end":"2022-05-08T07:08:00.000Z"},"country":"EIRE","OPM":1,"Total_sales_vol":87.09999656677246,"rate_of_return":0.0}
{"window":{"start":"2022-05-09T04:07:00.000Z","end":"2022-05-09T04:08:00.000Z"},"country":"United Kingdom","OPM":5,"Total_sales_vol":99.7900111079216,"rate_of_return":0.42857142857142855}
{"window":{"start":"2022-05-07T03:43:00.000Z","end":"2022-05-07T03:44:00.000Z"},"country":"EIRE","OPM":1,"Total_sales_vol":7.110000133514404,"rate_of_return":0.0}
{"window":{"start":"2022-05-08T09:06:00.000Z","end":"2022-05-08T09:07:00.000Z"},"country":"Italy","OPM":1,"Total_sales_vol":39.08999824523926,"rate_of_return":0.0}
{"window":{"start":"2022-05-09T02:31:00.000Z","end":"2022-05-09T02:32:00.000Z"},"country":"United Kingdom","OPM":8,"Total_sales_vol":676.3200019598007,"rate_of_return":0.0}
{"window":{"start":"2022-05-06T23:56:00.000Z","end":"2022-05-06T23:57:00.000Z"},"country":"United Kingdom","OPM":4,"Total_sales_vol":135.5500009059906,"rate_of_return":0.0}
{"window":{"start":"2022-05-08T02:49:00.000Z","end":"2022-05-08T02:50:00.000Z"},"country":"United Kingdom","OPM":12,"Total_sales_vol":741.469992339611,"rate_of_return":0.0}
{"window":{"start":"2022-05-08T19:36:00.000Z","end":"2022-05-08T19:37:00.000Z"},"country":"United Kingdom","OPM":13,"Total_sales_vol":912.899986743927,"rate_of_return":0.0}
{"window":{"start":"2022-05-06T19:15:00.000Z","end":"2022-05-06T19:16:00.000Z"},"country":"United Kingdom","OPM":8,"Total_sales_vol":269.87000143527985,"rate_of_return":0.0}
{"window":{"start":"2022-05-05T23:02:00.000Z","end":"2022-05-05T23:03:00.000Z"},"country":"United Kingdom","OPM":5,"Total_sales_vol":-92.64998948574066,"rate_of_return":0.23076923076923078}
{"window":{"start":"2022-05-06T16:20:00.000Z","end":"2022-05-06T16:21:00.000Z"},"country":"United Kingdom","OPM":3,"Total_sales_vol":40.32000017166138,"rate_of_return":0.0}
{"window":{"start":"2022-05-07T17:29:00.000Z","end":"2022-05-07T17:30:00.000Z"},"country":"United Kingdom","OPM":9,"Total_sales_vol":8660.050211131573,"rate_of_return":0.0}
{"window":{"start":"2022-05-07T21:46:00.000Z","end":"2022-05-07T21:47:00.000Z"},"country":"Germany","OPM":1,"Total_sales_vol":29.799999475479126,"rate_of_return":0.0}
{"window":{"start":"2022-05-08T21:13:00.000Z","end":"2022-05-08T21:14:00.000Z"},"country":"France","OPM":1,"Total_sales_vol":8.850000381469727,"rate_of_return":0.0}
{"window":{"start":"2022-05-09T12:20:00.000Z","end":"2022-05-09T12:21:00.000Z"},"country":"United Kingdom","OPM":9,"Total_sales_vol":581.4200022816658,"rate_of_return":0.0}
{"window":{"start":"2022-05-10T08:58:00.000Z","end":"2022-05-10T08:59:00.000Z"},"country":"Belgium","OPM":1,"Total_sales_vol":23.28000020980835,"rate_of_return":0.0}
{"window":{"start":"2022-05-06T19:57:00.000Z","end":"2022-05-06T19:58:00.000Z"},"country":"Italy","OPM":1,"Total_sales_vol":518.3499970436096,"rate_of_return":0.0}
{"window":{"start":"2022-05-07T16:01:00.000Z","end":"2022-05-07T16:02:00.000Z"},"country":"France","OPM":1,"Total_sales_vol":6.579999923706055,"rate_of_return":0.0}
{"window":{"start":"2022-05-06T07:13:00.000Z","end":"2022-05-06T07:14:00.000Z"},"country":"Norway","OPM":1,"Total_sales_vol":26.759999752044678,"rate_of_return":0.0}
{"window":{"start":"2022-05-06T06:43:00.000Z","end":"2022-05-06T06:44:00.000Z"},"country":"United Kingdom","OPM":6,"Total_sales_vol":336.3599959909916,"rate_of_return":0.0}
{"window":{"start":"2022-05-09T16:32:00.000Z","end":"2022-05-09T16:33:00.000Z"},"country":"United Kingdom","OPM":7,"Total_sales_vol":675.2099908590317,"rate_of_return":0.0}
{"window":{"start":"2022-05-06T14:35:00.000Z","end":"2022-05-06T14:36:00.000Z"},"country":"Germany","OPM":1,"Total_sales_vol":16.34999978542328,"rate_of_return":0.0}
{"window":{"start":"2022-05-07T12:51:00.000Z","end":"2022-05-07T12:52:00.000Z"},"country":"Australia","OPM":1,"Total_sales_vol":718.8000001907349,"rate_of_return":0.0}
{"window":{"start":"2022-05-06T04:53:00.000Z","end":"2022-05-06T04:54:00.000Z"},"country":"Germany","OPM":2,"Total_sales_vol":7.200000047683716,"rate_of_return":0.0}
{"window":{"start":"2022-05-09T00:23:00.000Z","end":"2022-05-09T00:24:00.000Z"},"country":"Channel Islands","OPM":1,"Total_sales_vol":87.69999796152115,"rate_of_return":0.0}
{"window":{"start":"2022-05-06T05:12:00.000Z","end":"2022-05-06T05:13:00.000Z"},"country":"United Kingdom","OPM":15,"Total_sales_vol":1837.8600042164326,"rate_of_return":0.03278688524590164}
{"window":{"start":"2022-05-09T04:43:00.000Z","end":"2022-05-09T04:44:00.000Z"},"country":"United Kingdom","OPM":14,"Total_sales_vol":1019.5800024271011,"rate_of_return":0.0}
{"window":{"start":"2022-05-08T02:19:00.000Z","end":"2022-05-08T02:20:00.000Z"},"country":"Norway","OPM":1,"Total_sales_vol":15.119999885559082,"rate_of_return":0.0}
{"window":{"start":"2022-05-07T22:58:00.000Z","end":"2022-05-07T22:59:00.000Z"},"country":"Spain","OPM":2,"Total_sales_vol":158.06000018119812,"rate_of_return":0.0}
{"window":{"start":"2022-05-06T14:40:00.000Z","end":"2022-05-06T14:41:00.000Z"},"country":"Belgium","OPM":1,"Total_sales_vol":24.580000162124634,"rate_of_return":0.0}
{"window":{"start":"2022-05-10T02:19:00.000Z","end":"2022-05-10T02:20:00.000Z"},"country":"United Kingdom","OPM":11,"Total_sales_vol":661.6799969673157,"rate_of_return":0.0}
{"window":{"start":"2022-05-06T06:49:00.000Z","end":"2022-05-06T06:50:00.000Z"},"country":"United Kingdom","OPM":10,"Total_sales_vol":692.5299862027168,"rate_of_return":0.030303030303030304}
{"window":{"start":"2022-05-07T00:33:00.000Z","end":"2022-05-07T00:34:00.000Z"},"country":"EIRE","OPM":1,"Total_sales_vol":78.64999961853027,"rate_of_return":0.0}
{"window":{"start":"2022-05-10T05:03:00.000Z","end":"2022-05-10T05:04:00.000Z"},"country":"United Kingdom","OPM":14,"Total_sales_vol":772.2299892902374,"rate_of_return":0.03333333333333333}
{"window":{"start":"2022-05-08T20:39:00.000Z","end":"2022-05-08T20:40:00.000Z"},"country":"United Kingdom","OPM":12,"Total_sales_vol":336.0200048685074,"rate_of_return":0.0}
{"window":{"start":"2022-05-07T02:17:00.000Z","end":"2022-05-07T02:18:00.000Z"},"country":"United Kingdom","OPM":13,"Total_sales_vol":912.4000010788441,"rate_of_return":0.0}
{"window":{"start":"2022-05-09T02:35:00.000Z","end":"2022-05-09T02:36:00.000Z"},"country":"United Kingdom","OPM":9,"Total_sales_vol":639.05000269413,"rate_of_return":0.0}
