{"window":{"start":"2022-05-08T00:27:00.000Z","end":"2022-05-08T00:28:00.000Z"},"country":"United Kingdom","OPM":5,"Total_sales_vol":330.07000637054443,"rate_of_return":0.0}
{"window":{"start":"2022-05-09T12:12:00.000Z","end":"2022-05-09T12:13:00.000Z"},"country":"Germany","OPM":1,"Total_sales_vol":70.18999671936035,"rate_of_return":0.0}
{"window":{"start":"2022-05-09T14:17:00.000Z","end":"2022-05-09T14:18:00.000Z"},"country":"United Kingdom","OPM":5,"Total_sales_vol":193.05999767780304,"rate_of_return":0.0}
{"window":{"start":"2022-05-09T09:15:00.000Z","end":"2022-05-09T09:16:00.000Z"},"country":"United Kingdom","OPM":3,"Total_sales_vol":36.73999893665314,"rate_of_return":0.0}
{"window":{"start":"2022-05-08T01:10:00.000Z","end":"2022-05-08T01:11:00.000Z"},"country":"Germany","OPM":1,"Total_sales_vol":173.44999957084656,"rate_of_return":0.0}
{"window":{"start":"2022-05-05T20:26:00.000Z","end":"2022-05-05T20:27:00.000Z"},"country":"EIRE","OPM":1,"Total_sales_vol":34.749999046325684,"rate_of_return":0.0}
{"window":{"start":"2022-05-08T14:02:00.000Z","end":"2022-05-08T14:03:00.000Z"},"country":"United Kingdom","OPM":8,"Total_sales_vol":711.1899874210358,"rate_of_return":0.0}
{"window":{"start":"2022-05-06T02:05:00.000Z","end":"2022-05-06T02:06:00.000Z"},"country":"United Kingdom","OPM":5,"Total_sales_vol":256.32999873161316,"rate_of_return":0.0}
{"window":{"start":"2022-05-09T01:50:00.000Z","end":"2022-05-09T01:51:00.000Z"},"country":"United Kingdom","OPM":8,"Total_sales_vol":515.9300056993961,"rate_of_return":0.0}
{"window":{"start":"2022-05-06T23:38:00.000Z","end":"2022-05-06T23:39:00.000Z"},"country":"United Kingdom","OPM":11,"Total_sales_vol":574.2499684095383,"rate_of_return":0.19230769230769232}
{"window":{"start":"2022-05-08T16:04:00.000Z","end":"2022-05-08T16:05:00.000Z"},"country":"EIRE","OPM":1,"Total_sales_vol":-19.97000014781952,"rate_of_return":1.0}
{"window":{"start":"2022-05-06T19:44:00.000Z","end":"2022-05-06T19:45:00.000Z"},"country":"EIRE","OPM":2,"Total_sales_vol":97.38000303506851,"rate_of_return":0.0}
{"window":{"start":"2022-05-07T03:41:00.000Z","end":"2022-05-07T03:42:00.000Z"},"country":"United Kingdom","OPM":4,"Total_sales_vol":81.7999997138977,"rate_of_return":0.0}
{"window":{"start":"2022-05-09T11:22:00.000Z","end":"2022-05-09T11:23:00.000Z"},"country":"EIRE","OPM":1,"Total_sales_vol":17.90000009536743,"rate_of_return":0.0}
{"window":{"start":"2022-05-06T10:30:00.000Z","end":"2022-05-06T10:31:00.000Z"},"country":"United Kingdom","OPM":13,"Total_sales_vol":1325.640012383461,"rate_of_return":0.017241379310344827}
{"window":{"start":"2022-05-07T14:53:00.000Z","end":"2022-05-07T14:54:00.000Z"},"country":"United Kingdom","OPM":11,"Total_sales_vol":508.900003105402,"rate_of_return":0.0}
{"window":{"start":"2022-05-09T08:23:00.000Z","end":"2022-05-09T08:24:00.000Z"},"country":"Switzerland","OPM":1,"Total_sales_vol":25.5,"rate_of_return":0.0}
{"window":{"start":"2022-05-10T12:18:00.000Z","end":"2022-05-10T12:19:00.000Z"},"country":"Netherlands","OPM":1,"Total_sales_vol":28.46999990940094,"rate_of_return":0.0}
{"window":{"start":"2022-05-10T06:26:00.000Z","end":"2022-05-10T06:27:00.000Z"},"country":"United Kingdom","OPM":12,"Total_sales_vol":753.4300110042095,"rate_of_return":0.0}
{"window":{"start":"2022-05-09T10:56:00.000Z","end":"2022-05-09T10:57:00.000Z"},"country":"United Kingdom","OPM":6,"Total_sales_vol":618.5200029611588,"rate_of_return":0.0}
{"window":{"start":"2022-05-09T22:58:00.000Z","end":"2022-05-09T22:59:00.000Z"},"country":"United Kingdom","OPM":9,"Total_sales_vol":616.5499895513058,"rate_of_return":0.0}
{"window":{"start":"2022-05-06T14:00:00.000Z","end":"2022-05-06T14:01:00.000Z"},"country":"United Kingdom","OPM":13,"Total_sales_vol":546.2599889039993,"rate_of_return":0.075}
{"window":{"start":"2022-05-08T05:41:00.000Z","end":"2022-05-08T05:42:00.000Z"},"country":"Spain","OPM":1,"Total_sales_vol":0.41999998688697815,"rate_of_return":0.0}
{"window":{"start":"2022-05-09T14:46:00.000Z","end":"2022-05-09T14:47:00.000Z"},"country":"United Kingdom","OPM":10,"Total_sales_vol":932.399992108345,"rate_of_return":0.0}
{"window":{"start":"2022-05-08T14:28:00.000Z","end":"2022-05-08T14:29:00.000Z"},"country":"United Kingdom","OPM":14,"Total_sales_vol":727.6599952578545,"rate_of_return":0.0}
{"window":{"start":"2022-05-08T23:49:00.000Z","end":"2022-05-08T23:50:00.000Z"},"country":"Australia","OPM":1,"Total_sales_vol":69.91999888420105,"rate_of_return":0.0}
{"window":{"start":"2022-05-07T18:14:00.000Z","end":"2022-05-07T18:15:00.000Z"},"country":"United Kingdom","OPM":10,"Total_sales_vol":398.32999658584595,"rate_of_return":0.0}
{"window":{"start":"2022-05-10T08:34:00.000Z","end":"2022-05-10T08:35:00.000Z"},"country":"United Kingdom","OPM":9,"Total_sales_vol":161.86000055074692,"rate_of_return":0.043478260869565216}
{"window":{"start":"2022-05-07T23:40:00.000Z","end":"2022-05-07T23:41:00.000Z"},"country":"United Kingdom","OPM":3,"Total_sales_vol":338.1600036621094,"rate_of_return":0.0}
{"window":{"start":"2022-05-08T13:16:00.000Z","end":"2022-05-08T13:17:00.000Z"},"country":"Germany","OPM":1,"Total_sales_vol":14.849999904632568,"rate_of_return":0.0}
{"window":{"start":"2022-05-07T09:03:00.000Z","end":"2022-05-07T09:04:00.000Z"},"country":"United Kingdom","OPM":12,"Total_sales_vol":1323.8899790644646,"rate_of_return":0.0}
{"window":{"start":"2022-05-05T22:57:00.000Z","end":"2022-05-05T22:58:00.000Z"},"country":"Finland","OPM":1,"Total_sales_vol":11.209999561309814,"rate_of_return":0.0}
{"window":{"start":"2022-05-06T06:15:00.000Z","end":"2022-05-06T06:16:00.000Z"},"country":"United Kingdom","OPM":12,"Total_sales_vol":758.2200068235397,"rate_of_return":0.05714285714285714}
{"window":{"start":"2022-05-09T10:24:00.000Z","end":"2022-05-09T10:25:00.000Z"},"country":"Netherlands","OPM":1,"Total_sales_vol":11.800000190734863,"rate_of_return":0.0}
{"window":{"start":"2022-05-10T05:40:00.000Z","end":"2022-05-10T05:41:00.000Z"},"country":"Spain","OPM":1,"Total_sales_vol":9.480000495910645,"rate_of_return":0.0}
{"window":{"start":"2022-05-08T17:52:00.000Z","end":"2022-05-08T17:53:00.000Z"},"country":"United Kingdom","OPM":15,"Total_sales_vol":908.4500005841255,"rate_of_return":0.20754716981132076}
{"window":{"start":"2022-05-07T08:43:00.000Z","end":"2022-05-07T08:44:00.000Z"},"country":"United Kingdom","OPM":6,"Total_sales_vol":207.1700005531311,"rate_of_return":0.15789473684210525}
{"window":{"start":"2022-05-09T06:39:00.000Z","end":"2022-05-09T06:40:00.000Z"},"country":"United Kingdom","OPM":13,"Total_sales_vol":561.4399946928024,"rate_of_return":0.0}
{"window":{"start":"2022-05-09T20:53:00.000Z","end":"2022-05-09T20:54:00.000Z"},"country":"United Kingdom","OPM":7,"Total_sales_vol":862.2600029706955,"rate_of_return":0.0}
{"window":{"start":"2022-05-06T10:16:00.000Z","end":"2022-05-06T10:17:00.000Z"},"country":"United Kingdom","OPM":9,"Total_sales_vol":607.6199891865253,"rate_of_return":0.0}
{"window":{"start":"2022-05-05T22:01:00.000Z","end":"2022-05-05T22:02:00.000Z"},"country":"United Kingdom","OPM":15,"Total_sales_vol":2064.8799663186073,"rate_of_return":0.0}
{"window":{"start":"2022-05-05T16:47:00.000Z","end":"2022-05-05T16:48:00.000Z"},"country":"United Kingdom","OPM":11,"Total_sales_vol":853.8799838721752,"rate_of_return":0.058823529411764705}
{"window":{"start":"2022-05-07T19:20:00.000Z","end":"2022-05-07T19:21:00.000Z"},"country":"France","OPM":1,"Total_sales_vol":0.8500000238418579,"rate_of_return":0.0}
{"window":{"start":"2022-05-06T20:57:00.000Z","end":"2022-05-06T20:58:00.000Z"},"country":"Germany","OPM":1,"Total_sales_vol":162.00999677181244,"rate_of_return":0.0}
{"window":{"start":"2022-05-08T20:13:00.000Z","end":"2022-05-08T20:14:00.000Z"},"country":"United Kingdom","OPM":10,"Total_sales_vol":466.46999794244766,"rate_of_return":0.041666666666666664}
{"window":{"start":"2022-05-07T07:16:00.000Z","end":"2022-05-07T07:17:00.000Z"},"country":"Germany","OPM":1,"Total_sales_vol":29.670000076293945,"rate_of_return":0.0}
{"window":{"start":"2022-05-09T11:47:00.000Z","end":"2022-05-09T11:48:00.000Z"},"country":"EIRE","OPM":1,"Total_sales_vol":181.5500032901764,"rate_of_return":0.0}
{"window":{"start":"2022-05-10T09:42:00.000Z","end":"2022-05-10T09:43:00.000Z"},"country":"Germany","OPM":1,"Total_sales_vol":16.710000038146973,"rate_of_return":0.0}
{"window":{"start":"2022-05-10T01:11:00.000Z","end":"2022-05-10T01:12:00.000Z"},"country":"United Kingdom","OPM":12,"Total_sales_vol":944.8299722075462,"rate_of_return":0.05405405405405406}
{"window":{"start":"2022-05-10T03:59:00.000Z","end":"2022-05-10T04:00:00.000Z"},"country":"United Kingdom","OPM":4,"Total_sales_vol":56.019999563694,"rate_of_return":0.25}
{"window":{"start":"2022-05-09T00:25:00.000Z","end":"2022-05-09T00:26:00.000Z"},"country":"United Kingdom","OPM":5,"Total_sales_vol":126.74999868869781,"rate_of_return":0.08333333333333333}
{"window":{"start":"2022-05-08T01:52:00.000Z","end":"2022-05-08T01:53:00.000Z"},"country":"Germany","OPM":1,"Total_sales_vol":19.40000033378601,"rate_of_return":0.0}
{"window":{"start":"2022-05-10T08:19:00.000Z","end":"2022-05-10T08:20:00.000Z"},"country":"United Kingdom","OPM":11,"Total_sales_vol":677.8899991512299,"rate_of_return":0.0}
{"window":{"start":"2022-05-07T17:58:00.000Z","end":"2022-05-07T17:59:00.000Z"},"country":"EIRE","OPM":1,"Total_sales_vol":64.0599992275238,"rate_of_return":0.0}
{"window":{"start":"2022-05-10T03:49:00.000Z","end":"2022-05-10T03:50:00.000Z"},"country":"Italy","OPM":1,"Total_sales_vol":12.700000762939453,"rate_of_return":0.0}
{"window":{"start":"2022-05-07T07:34:00.000Z","end":"2022-05-07T07:35:00.000Z"},"country":"EIRE","OPM":2,"Total_sales_vol":345.76999965310097,"rate_of_return":0.0}
