{"window":{"start":"2022-05-10T08:52:00.000Z","end":"2022-05-10T08:53:00.000Z"},"country":"United Kingdom","OPM":7,"Total_sales_vol":143.46999776363373,"rate_of_return":0.25}
{"window":{"start":"2022-05-07T07:42:00.000Z","end":"2022-05-07T07:43:00.000Z"},"country":"United Kingdom","OPM":9,"Total_sales_vol":2296.8599965572357,"rate_of_return":0.0}
{"window":{"start":"2022-05-07T06:43:00.000Z","end":"2022-05-07T06:44:00.000Z"},"country":"United Kingdom","OPM":7,"Total_sales_vol":2950.950033247471,"rate_of_return":0.0}
{"window":{"start":"2022-05-06T22:11:00.000Z","end":"2022-05-06T22:12:00.000Z"},"country":"United Kingdom","OPM":10,"Total_sales_vol":2000.3299773335457,"rate_of_return":0.0}
{"window":{"start":"2022-05-08T22:30:00.000Z","end":"2022-05-08T22:31:00.000Z"},"country":"Germany","OPM":1,"Total_sales_vol":48.85999870300293,"rate_of_return":0.0}
{"window":{"start":"2022-05-08T19:17:00.000Z","end":"2022-05-08T19:18:00.000Z"},"country":"United Kingdom","OPM":11,"Total_sales_vol":-149.23999762535095,"rate_of_return":0.28125}
{"window":{"start":"2022-05-10T12:35:00.000Z","end":"2022-05-10T12:36:00.000Z"},"country":"Germany","OPM":1,"Total_sales_vol":38.80999970436096,"rate_of_return":0.0}
{"window":{"start":"2022-05-09T21:54:00.000Z","end":"2022-05-09T21:55:00.000Z"},"country":"United Kingdom","OPM":9,"Total_sales_vol":1253.9200052022934,"rate_of_return":0.0}
{"window":{"start":"2022-05-07T07:07:00.000Z","end":"2022-05-07T07:08:00.000Z"},"country":"United Kingdom","OPM":7,"Total_sales_vol":302.19999849796295,"rate_of_return":0.0}
{"window":{"start":"2022-05-06T15:13:00.000Z","end":"2022-05-06T15:14:00.000Z"},"country":"France","OPM":1,"Total_sales_vol":-181.7699959874153,"rate_of_return":1.0}
{"window":{"start":"2022-05-08T00:06:00.000Z","end":"2022-05-08T00:07:00.000Z"},"country":"United Kingdom","OPM":13,"Total_sales_vol":638.0499927997589,"rate_of_return":0.0}
{"window":{"start":"2022-05-09T06:26:00.000Z","end":"2022-05-09T06:27:00.000Z"},"country":"Portugal","OPM":1,"Total_sales_vol":10.03000020980835,"rate_of_return":0.0}
{"window":{"start":"2022-05-06T22:34:00.000Z","end":"2022-05-06T22:35:00.000Z"},"country":"Switzerland","OPM":1,"Total_sales_vol":41.30000305175781,"rate_of_return":0.0}
{"window":{"start":"2022-05-07T21:17:00.000Z","end":"2022-05-07T21:18:00.000Z"},"country":"United Kingdom","OPM":9,"Total_sales_vol":533.4599950909615,"rate_of_return":0.0}
{"window":{"start":"2022-05-05T20:34:00.000Z","end":"2022-05-05T20:35:00.000Z"},"country":"France","OPM":2,"Total_sales_vol":187.64000129699707,"rate_of_return":0.0}
{"window":{"start":"2022-05-10T09:59:00.000Z","end":"2022-05-10T10:00:00.000Z"},"country":"France","OPM":3,"Total_sales_vol":169.23999854922295,"rate_of_return":0.0}
{"window":{"start":"2022-05-07T03:45:00.000Z","end":"2022-05-07T03:46:00.000Z"},"country":"United Kingdom","OPM":13,"Total_sales_vol":1572.1599903404713,"rate_of_return":0.0}
{"window":{"start":"2022-05-08T19:14:00.000Z","end":"2022-05-08T19:15:00.000Z"},"country":"Iceland","OPM":1,"Total_sales_vol":37.989999890327454,"rate_of_return":0.0}
{"window":{"start":"2022-05-05T21:51:00.000Z","end":"2022-05-05T21:52:00.000Z"},"country":"United Kingdom","OPM":12,"Total_sales_vol":266.75999891757965,"rate_of_return":0.14285714285714285}
{"window":{"start":"2022-05-08T15:34:00.000Z","end":"2022-05-08T15:35:00.000Z"},"country":"France","OPM":1,"Total_sales_vol":4.130000114440918,"rate_of_return":0.0}
{"window":{"start":"2022-05-06T06:16:00.000Z","end":"2022-05-06T06:17:00.000Z"},"country":"United Kingdom","OPM":8,"Total_sales_vol":519.26000893116,"rate_of_return":0.0}
{"window":{"start":"2022-05-07T03:44:00.000Z","end":"2022-05-07T03:45:00.000Z"},"country":"United Kingdom","OPM":8,"Total_sales_vol":373.8700028657913,"rate_of_return":0.0}
{"window":{"start":"2022-05-10T04:07:00.000Z","end":"2022-05-10T04:08:00.000Z"},"country":"United Kingdom","OPM":4,"Total_sales_vol":173.79999721050262,"rate_of_return":0.0}
{"window":{"start":"2022-05-07T23:25:00.000Z","end":"2022-05-07T23:26:00.000Z"},"country":"United Kingdom","OPM":9,"Total_sales_vol":361.26000130176544,"rate_of_return":0.0}
{"window":{"start":"2022-05-07T23:51:00.000Z","end":"2022-05-07T23:52:00.000Z"},"country":"United Kingdom","OPM":3,"Total_sales_vol":134.37000346183777,"rate_of_return":0.0}
{"window":{"start":"2022-05-09T23:40:00.000Z","end":"2022-05-09T23:41:00.000Z"},"country":"Belgium","OPM":1,"Total_sales_vol":22.519999980926514,"rate_of_return":0.0}
{"window":{"start":"2022-05-10T04:11:00.000Z","end":"2022-05-10T04:12:00.000Z"},"country":"United Kingdom","OPM":9,"Total_sales_vol":392.03999653458595,"rate_of_return":0.0}
{"window":{"start":"2022-05-06T23:51:00.000Z","end":"2022-05-06T23:52:00.000Z"},"country":"United Kingdom","OPM":13,"Total_sales_vol":4719.479999452829,"rate_of_return":0.0}
{"window":{"start":"2022-05-06T11:08:00.000Z","end":"2022-05-06T11:09:00.000Z"},"country":"France","OPM":1,"Total_sales_vol":106.64000165462494,"rate_of_return":0.0}
{"window":{"start":"2022-05-08T10:36:00.000Z","end":"2022-05-08T10:37:00.000Z"},"country":"United Kingdom","OPM":13,"Total_sales_vol":861.670002579689,"rate_of_return":0.1694915254237288}
{"window":{"start":"2022-05-06T18:07:00.000Z","end":"2022-05-06T18:08:00.000Z"},"country":"Germany","OPM":1,"Total_sales_vol":2.4600000381469727,"rate_of_return":0.0}
{"window":{"start":"2022-05-08T16:19:00.000Z","end":"2022-05-08T16:20:00.000Z"},"country":"United Kingdom","OPM":5,"Total_sales_vol":669.6699712276459,"rate_of_return":0.06896551724137931}
{"window":{"start":"2022-05-07T10:30:00.000Z","end":"2022-05-07T10:31:00.000Z"},"country":"France","OPM":1,"Total_sales_vol":26.400001525878906,"rate_of_return":0.0}
{"window":{"start":"2022-05-06T12:36:00.000Z","end":"2022-05-06T12:37:00.000Z"},"country":"United Kingdom","OPM":8,"Total_sales_vol":1102.2300132513046,"rate_of_return":0.0}
{"window":{"start":"2022-05-06T19:43:00.000Z","end":"2022-05-06T19:44:00.000Z"},"country":"France","OPM":1,"Total_sales_vol":26.049999475479126,"rate_of_return":0.0}
{"window":{"start":"2022-05-07T12:24:00.000Z","end":"2022-05-07T12:25:00.000Z"},"country":"France","OPM":1,"Total_sales_vol":61.209999084472656,"rate_of_return":0.0}
{"window":{"start":"2022-05-09T22:54:00.000Z","end":"2022-05-09T22:55:00.000Z"},"country":"Netherlands","OPM":1,"Total_sales_vol":80.87999391555786,"rate_of_return":0.0}
{"window":{"start":"2022-05-09T19:06:00.000Z","end":"2022-05-09T19:07:00.000Z"},"country":"Germany","OPM":1,"Total_sales_vol":23.09999969601631,"rate_of_return":0.0}
{"window":{"start":"2022-05-08T20:54:00.000Z","end":"2022-05-08T20:55:00.000Z"},"country":"EIRE","OPM":1,"Total_sales_vol":28.970000088214874,"rate_of_return":0.0}
{"window":{"start":"2022-05-07T17:02:00.000Z","end":"2022-05-07T17:03:00.000Z"},"country":"United Kingdom","OPM":10,"Total_sales_vol":1135.630019903183,"rate_of_return":0.0}
{"window":{"start":"2022-05-08T21:27:00.000Z","end":"2022-05-08T21:28:00.000Z"},"country":"Portugal","OPM":1,"Total_sales_vol":7.079999923706055,"rate_of_return":0.0}
{"window":{"start":"2022-05-09T04:03:00.000Z","end":"2022-05-09T04:04:00.000Z"},"country":"United Kingdom","OPM":10,"Total_sales_vol":454.96000066399574,"rate_of_return":0.0}
{"window":{"start":"2022-05-08T00:51:00.000Z","end":"2022-05-08T00:52:00.000Z"},"country":"Germany","OPM":1,"Total_sales_vol":42.44000005722046,"rate_of_return":0.0}
{"window":{"start":"2022-05-09T19:03:00.000Z","end":"2022-05-09T19:04:00.000Z"},"country":"United Kingdom","OPM":7,"Total_sales_vol":263.8599940240383,"rate_of_return":0.2727272727272727}
{"window":{"start":"2022-05-09T07:10:00.000Z","end":"2022-05-09T07:11:00.000Z"},"country":"United Kingdom","OPM":7,"Total_sales_vol":403.36999559402466,"rate_of_return":0.0}
{"window":{"start":"2022-05-08T14:13:00.000Z","end":"2022-05-08T14:14:00.000Z"},"country":"Germany","OPM":2,"Total_sales_vol":29.43999981880188,"rate_of_return":0.0}
{"window":{"start":"2022-05-09T21:04:00.000Z","end":"2022-05-09T21:05:00.000Z"},"country":"United Kingdom","OPM":7,"Total_sales_vol":479.979998588562,"rate_of_return":0.0}
{"window":{"start":"2022-05-07T11:44:00.000Z","end":"2022-05-07T11:45:00.000Z"},"country":"United Kingdom","OPM":12,"Total_sales_vol":1563.7299244999886,"rate_of_return":0.0}
{"window":{"start":"2022-05-07T22:08:00.000Z","end":"2022-05-07T22:09:00.000Z"},"country":"United Kingdom","OPM":5,"Total_sales_vol":264.82000052928925,"rate_of_return":0.0}
{"window":{"start":"2022-05-08T17:18:00.000Z","end":"2022-05-08T17:19:00.000Z"},"country":"United Kingdom","OPM":11,"Total_sales_vol":637.5000065565109,"rate_of_return":0.13333333333333333}
{"window":{"start":"2022-05-06T03:44:00.000Z","end":"2022-05-06T03:45:00.000Z"},"country":"France","OPM":1,"Total_sales_vol":6.239999771118164,"rate_of_return":0.0}
{"window":{"start":"2022-05-07T06:06:00.000Z","end":"2022-05-07T06:07:00.000Z"},"country":"Australia","OPM":1,"Total_sales_vol":180.0,"rate_of_return":0.0}
{"window":{"start":"2022-05-06T16:11:00.000Z","end":"2022-05-06T16:12:00.000Z"},"country":"EIRE","OPM":1,"Total_sales_vol":85.06000125408173,"rate_of_return":0.0}
{"window":{"start":"2022-05-07T02:43:00.000Z","end":"2022-05-07T02:44:00.000Z"},"country":"United Kingdom","OPM":11,"Total_sales_vol":935.1899947524071,"rate_of_return":0.0}
{"window":{"start":"2022-05-08T01:49:00.000Z","end":"2022-05-08T01:50:00.000Z"},"country":"Channel Islands","OPM":1,"Total_sales_vol":2.5,"rate_of_return":0.0}
{"window":{"start":"2022-05-08T23:51:00.000Z","end":"2022-05-08T23:52:00.000Z"},"country":"Switzerland","OPM":1,"Total_sales_vol":89.87999725341797,"rate_of_return":0.0}
{"window":{"start":"2022-05-08T02:19:00.000Z","end":"2022-05-08T02:20:00.000Z"},"country":"United Kingdom","OPM":10,"Total_sales_vol":353.19999499619007,"rate_of_return":0.0}
