{"window":{"start":"2022-05-06T17:25:00.000Z","end":"2022-05-06T17:26:00.000Z"},"country":"France","OPM":3,"Total_sales_vol":457.6100021600723,"rate_of_return":0.0}
{"window":{"start":"2022-05-07T18:55:00.000Z","end":"2022-05-07T18:56:00.000Z"},"country":"EIRE","OPM":1,"Total_sales_vol":107.14999949932098,"rate_of_return":0.0}
{"window":{"start":"2022-05-06T13:25:00.000Z","end":"2022-05-06T13:26:00.000Z"},"country":"United Kingdom","OPM":7,"Total_sales_vol":550.9100069999695,"rate_of_return":0.11764705882352941}
{"window":{"start":"2022-05-06T00:00:00.000Z","end":"2022-05-06T00:01:00.000Z"},"country":"United Kingdom","OPM":13,"Total_sales_vol":901.2999926805496,"rate_of_return":0.07142857142857142}
{"window":{"start":"2022-05-08T20:12:00.000Z","end":"2022-05-08T20:13:00.000Z"},"country":"United Kingdom","OPM":9,"Total_sales_vol":329.78999066352844,"rate_of_return":0.0}
{"window":{"start":"2022-05-09T10:06:00.000Z","end":"2022-05-09T10:07:00.000Z"},"country":"Germany","OPM":1,"Total_sales_vol":50.1600002348423,"rate_of_return":0.0}
{"window":{"start":"2022-05-06T03:58:00.000Z","end":"2022-05-06T03:59:00.000Z"},"country":"United Kingdom","OPM":13,"Total_sales_vol":1513.2499749660492,"rate_of_return":0.19148936170212766}
{"window":{"start":"2022-05-10T03:04:00.000Z","end":"2022-05-10T03:05:00.000Z"},"country":"Germany","OPM":1,"Total_sales_vol":700.0499935150146,"rate_of_return":0.0}
{"window":{"start":"2022-05-09T04:04:00.000Z","end":"2022-05-09T04:05:00.000Z"},"country":"Italy","OPM":1,"Total_sales_vol":9.869999885559082,"rate_of_return":0.0}
{"window":{"start":"2022-05-06T21:23:00.000Z","end":"2022-05-06T21:24:00.000Z"},"country":"United Kingdom","OPM":3,"Total_sales_vol":174.01999759674072,"rate_of_return":0.0}
{"window":{"start":"2022-05-09T12:14:00.000Z","end":"2022-05-09T12:15:00.000Z"},"country":"EIRE","OPM":1,"Total_sales_vol":30.970000505447388,"rate_of_return":0.0}
{"window":{"start":"2022-05-07T23:43:00.000Z","end":"2022-05-07T23:44:00.000Z"},"country":"United Kingdom","OPM":11,"Total_sales_vol":569.6000000536442,"rate_of_return":0.0}
{"window":{"start":"2022-05-10T04:52:00.000Z","end":"2022-05-10T04:53:00.000Z"},"country":"United Kingdom","OPM":12,"Total_sales_vol":818.4299971163273,"rate_of_return":0.0}
{"window":{"start":"2022-05-06T18:24:00.000Z","end":"2022-05-06T18:25:00.000Z"},"country":"United Kingdom","OPM":14,"Total_sales_vol":640.059998780489,"rate_of_return":0.06666666666666667}
{"window":{"start":"2022-05-07T09:04:00.000Z","end":"2022-05-07T09:05:00.000Z"},"country":"United Kingdom","OPM":6,"Total_sales_vol":-262.74001106619835,"rate_of_return":0.39285714285714285}
{"window":{"start":"2022-05-10T08:36:00.000Z","end":"2022-05-10T08:37:00.000Z"},"country":"Germany","OPM":1,"Total_sales_vol":8.749999761581421,"rate_of_return":0.0}
{"window":{"start":"2022-05-10T09:54:00.000Z","end":"2022-05-10T09:55:00.000Z"},"country":"Germany","OPM":1,"Total_sales_vol":49.37000048160553,"rate_of_return":0.0}
{"window":{"start":"2022-05-09T10:58:00.000Z","end":"2022-05-09T10:59:00.000Z"},"country":"United Kingdom","OPM":9,"Total_sales_vol":986.1799846887589,"rate_of_return":0.0}
{"window":{"start":"2022-05-06T19:01:00.000Z","end":"2022-05-06T19:02:00.000Z"},"country":"EIRE","OPM":1,"Total_sales_vol":191.13000059127808,"rate_of_return":0.0}
{"window":{"start":"2022-05-08T22:23:00.000Z","end":"2022-05-08T22:24:00.000Z"},"country":"United Kingdom","OPM":10,"Total_sales_vol":1080.3899855017662,"rate_of_return":0.0}
{"window":{"start":"2022-05-08T19:00:00.000Z","end":"2022-05-08T19:01:00.000Z"},"country":"United Kingdom","OPM":8,"Total_sales_vol":690.6499965488911,"rate_of_return":0.0}
{"window":{"start":"2022-05-09T01:52:00.000Z","end":"2022-05-09T01:53:00.000Z"},"country":"Germany","OPM":1,"Total_sales_vol":2.950000047683716,"rate_of_return":0.0}
{"window":{"start":"2022-05-06T14:01:00.000Z","end":"2022-05-06T14:02:00.000Z"},"country":"France","OPM":1,"Total_sales_vol":43.049999952316284,"rate_of_return":0.0}
{"window":{"start":"2022-05-09T00:54:00.000Z","end":"2022-05-09T00:55:00.000Z"},"country":"United Kingdom","OPM":10,"Total_sales_vol":802.0500022470951,"rate_of_return":0.0625}
{"window":{"start":"2022-05-07T02:11:00.000Z","end":"2022-05-07T02:12:00.000Z"},"country":"United Kingdom","OPM":15,"Total_sales_vol":700.7700015902519,"rate_of_return":0.0}
{"window":{"start":"2022-05-07T16:07:00.000Z","end":"2022-05-07T16:08:00.000Z"},"country":"Australia","OPM":1,"Total_sales_vol":8.850000381469727,"rate_of_return":0.0}
{"window":{"start":"2022-05-10T07:44:00.000Z","end":"2022-05-10T07:45:00.000Z"},"country":"France","OPM":1,"Total_sales_vol":33.74000012874603,"rate_of_return":0.0}
{"window":{"start":"2022-05-05T17:14:00.000Z","end":"2022-05-05T17:15:00.000Z"},"country":"Portugal","OPM":1,"Total_sales_vol":32.69999694824219,"rate_of_return":0.0}
{"window":{"start":"2022-05-09T05:40:00.000Z","end":"2022-05-09T05:41:00.000Z"},"country":"United Kingdom","OPM":3,"Total_sales_vol":83.82999992370605,"rate_of_return":0.2222222222222222}
{"window":{"start":"2022-05-07T19:33:00.000Z","end":"2022-05-07T19:34:00.000Z"},"country":"United Kingdom","OPM":7,"Total_sales_vol":296.0100005567074,"rate_of_return":0.0}
{"window":{"start":"2022-05-08T21:26:00.000Z","end":"2022-05-08T21:27:00.000Z"},"country":"Australia","OPM":1,"Total_sales_vol":14.490000307559967,"rate_of_return":0.0}
{"window":{"start":"2022-05-05T20:29:00.000Z","end":"2022-05-05T20:30:00.000Z"},"country":"United Kingdom","OPM":9,"Total_sales_vol":449.3600018322468,"rate_of_return":0.125}
{"window":{"start":"2022-05-08T11:22:00.000Z","end":"2022-05-08T11:23:00.000Z"},"country":"EIRE","OPM":1,"Total_sales_vol":11.800000190734863,"rate_of_return":0.0}
{"window":{"start":"2022-05-10T02:57:00.000Z","end":"2022-05-10T02:58:00.000Z"},"country":"Netherlands","OPM":1,"Total_sales_vol":30.649999618530273,"rate_of_return":0.0}
{"window":{"start":"2022-05-06T19:58:00.000Z","end":"2022-05-06T19:59:00.000Z"},"country":"United Kingdom","OPM":6,"Total_sales_vol":687.9800026416779,"rate_of_return":0.0}
{"window":{"start":"2022-05-10T05:51:00.000Z","end":"2022-05-10T05:52:00.000Z"},"country":"United Kingdom","OPM":15,"Total_sales_vol":672.5700035244226,"rate_of_return":0.0}
{"window":{"start":"2022-05-06T15:44:00.000Z","end":"2022-05-06T15:45:00.000Z"},"country":"United Kingdom","OPM":6,"Total_sales_vol":283.54999566078186,"rate_of_return":0.0}
{"window":{"start":"2022-05-09T10:12:00.000Z","end":"2022-05-09T10:13:00.000Z"},"country":"United Kingdom","OPM":4,"Total_sales_vol":175.56999269127846,"rate_of_return":0.0}
{"window":{"start":"2022-05-06T06:29:00.000Z","end":"2022-05-06T06:30:00.000Z"},"country":"Germany","OPM":2,"Total_sales_vol":75.60000014305115,"rate_of_return":0.0}
{"window":{"start":"2022-05-10T00:05:00.000Z","end":"2022-05-10T00:06:00.000Z"},"country":"United Kingdom","OPM":10,"Total_sales_vol":501.1199990808964,"rate_of_return":0.0}
{"window":{"start":"2022-05-05T23:35:00.000Z","end":"2022-05-05T23:36:00.000Z"},"country":"United Kingdom","OPM":5,"Total_sales_vol":234.48999798297882,"rate_of_return":0.0}
{"window":{"start":"2022-05-09T08:46:00.000Z","end":"2022-05-09T08:47:00.000Z"},"country":"Switzerland","OPM":1,"Total_sales_vol":6.299999713897705,"rate_of_return":0.0}
{"window":{"start":"2022-05-09T02:14:00.000Z","end":"2022-05-09T02:15:00.000Z"},"country":"United Kingdom","OPM":18,"Total_sales_vol":1470.1899939477444,"rate_of_return":0.0}
{"window":{"start":"2022-05-06T06:03:00.000Z","end":"2022-05-06T06:04:00.000Z"},"country":"Netherlands","OPM":1,"Total_sales_vol":27.0,"rate_of_return":0.0}
{"window":{"start":"2022-05-08T04:04:00.000Z","end":"2022-05-08T04:05:00.000Z"},"country":"EIRE","OPM":1,"Total_sales_vol":167.45000183582306,"rate_of_return":0.0}
{"window":{"start":"2022-05-07T10:19:00.000Z","end":"2022-05-07T10:20:00.000Z"},"country":"Switzerland","OPM":1,"Total_sales_vol":7.5,"rate_of_return":0.0}
{"window":{"start":"2022-05-09T14:07:00.000Z","end":"2022-05-09T14:08:00.000Z"},"country":"United Kingdom","OPM":8,"Total_sales_vol":237.5599976181984,"rate_of_return":0.0}
{"window":{"start":"2022-05-07T15:52:00.000Z","end":"2022-05-07T15:53:00.000Z"},"country":"France","OPM":1,"Total_sales_vol":105.80999946594238,"rate_of_return":0.0}
{"window":{"start":"2022-05-05T21:08:00.000Z","end":"2022-05-05T21:09:00.000Z"},"country":"United Kingdom","OPM":9,"Total_sales_vol":375.0799980163574,"rate_of_return":0.06976744186046512}
{"window":{"start":"2022-05-05T17:32:00.000Z","end":"2022-05-05T17:33:00.000Z"},"country":"EIRE","OPM":1,"Total_sales_vol":40.78999996185303,"rate_of_return":0.0}
{"window":{"start":"2022-05-08T06:59:00.000Z","end":"2022-05-08T07:00:00.000Z"},"country":"United Kingdom","OPM":16,"Total_sales_vol":891.500006198883,"rate_of_return":0.02702702702702703}
{"window":{"start":"2022-05-07T11:14:00.000Z","end":"2022-05-07T11:15:00.000Z"},"country":"United Kingdom","OPM":5,"Total_sales_vol":289.7799998819828,"rate_of_return":0.0}
{"window":{"start":"2022-05-06T00:36:00.000Z","end":"2022-05-06T00:37:00.000Z"},"country":"United Kingdom","OPM":13,"Total_sales_vol":645.5199967622757,"rate_of_return":0.0}
{"window":{"start":"2022-05-10T07:29:00.000Z","end":"2022-05-10T07:30:00.000Z"},"country":"United Kingdom","OPM":5,"Total_sales_vol":501.56998962163925,"rate_of_return":0.0}
{"window":{"start":"2022-05-10T05:34:00.000Z","end":"2022-05-10T05:35:00.000Z"},"country":"Spain","OPM":1,"Total_sales_vol":9.990000009536743,"rate_of_return":0.0}
{"window":{"start":"2022-05-06T23:21:00.000Z","end":"2022-05-06T23:22:00.000Z"},"country":"France","OPM":1,"Total_sales_vol":54.52999985218048,"rate_of_return":0.0}
{"window":{"start":"2022-05-06T10:31:00.000Z","end":"2022-05-06T10:32:00.000Z"},"country":"Israel","OPM":1,"Total_sales_vol":30.0,"rate_of_return":0.0}
{"window":{"start":"2022-05-08T00:39:00.000Z","end":"2022-05-08T00:40:00.000Z"},"country":"United Kingdom","OPM":12,"Total_sales_vol":624.5400010347366,"rate_of_return":0.0967741935483871}
{"window":{"start":"2022-05-09T11:03:00.000Z","end":"2022-05-09T11:04:00.000Z"},"country":"United Kingdom","OPM":4,"Total_sales_vol":39.899999022483826,"rate_of_return":0.2857142857142857}
{"window":{"start":"2022-05-06T05:46:00.000Z","end":"2022-05-06T05:47:00.000Z"},"country":"United Kingdom","OPM":5,"Total_sales_vol":177.66000151634216,"rate_of_return":0.05555555555555555}
